profile_key,sap_domain_raw,sap_domain,experience_years,experience_band,work_location_raw,work_location
SAP-SEED-00001,SAP EWM,SAP Warehouse / EWM,11.0,8–11 years,Bangalore,Bengaluru
SAP-SEED-00002,SAP ABAP,SAP ABAP / Development,10.0,8–11 years,Mumbai,Mumbai
SAP-SEED-00003,SAP FI,SAP Finance / FICO,10.0,8–11 years,Bangalore,Bengaluru
SAP-SEED-00004,SAP ABAP Cloud,SAP ABAP / Development,2.5,3–4 years,Bikaner,Bikaner
SAP-SEED-00005,SAP FI,SAP Finance / FICO,9.0,8–11 years,Hyderabad,Hyderabad
SAP-SEED-00006,SAP ABAP Cloud,SAP ABAP / Development,3.2,3–4 years,Hyderabad,Hyderabad
SAP-SEED-00007,SAP FICO,SAP Finance / FICO,11.0,8–11 years,Banglore,Banglore
SAP-SEED-00008,SAP ABAP Cloud,SAP ABAP / Development,3.5,3–4 years,Pune,Pune
SAP-SEED-00009,SAP ABAP Cloud,SAP ABAP / Development,3.3,3–4 years,mumbai,Mumbai
SAP-SEED-00010,SAP ABAP,SAP ABAP / Development,9.0,8–11 years,Trupati,Trupati
SAP-SEED-00011,SAP CPI,SAP Integration / CPI,13.0,12+ years,Hyderabad,Hyderabad
SAP-SEED-00012,SAP BTP,SAP BTP / Cloud,3.6,3–4 years,Hyderabad,Hyderabad
SAP-SEED-00013,SAP CPI,SAP Integration / CPI,7.0,5–7 years,Hyderabad,Hyderabad
SAP-SEED-00014,SAP FI Accounting,SAP Finance / FICO,8.0,8–11 years,Noida,Noida
SAP-SEED-00015,SAP ABAP Cloud,SAP ABAP / Development,4.0,3–4 years,Hyderabad,Hyderabad
SAP-SEED-00016,SAP ABAP with Hana,SAP ABAP / Development,5.0,5–7 years,Bangalore,Bengaluru
SAP-SEED-00017,SAP ABAP,SAP ABAP / Development,6.2,5–7 years,Hyderabad,Hyderabad
SAP-SEED-00018,SAP Analyticals Cloud,SAP BTP / Cloud,,Unknown / Needs enrichment,Hyderabad,Hyderabad
SAP-SEED-00019,SAP Utilities for Billing,SAP Analytics / BW,6.0,5–7 years,Coimbatore,Coimbatore
SAP-SEED-00020,Sap for Utilites,SAP General / Consulting,3.0,3–4 years,Thane,Thane
SAP-SEED-00021,Sap for Utilites,SAP General / Consulting,4.0,3–4 years,Gurgaon,Gurugram
SAP-SEED-00022,SAP ABAP,SAP ABAP / Development,9.0,8–11 years,Hyderabad,Hyderabad
SAP-SEED-00023,SAP ABAP,SAP ABAP / Development,5.5,5–7 years,Ahmedabad,Ahmedabad
SAP-SEED-00024,SAP ABAP,SAP ABAP / Development,3.4,3–4 years,Hyderabad,Hyderabad
SAP-SEED-00025,SAP ABAP,SAP ABAP / Development,3.7,3–4 years,Noida,Noida
SAP-SEED-00026,SAP ABAP,SAP ABAP / Development,3.0,3–4 years,Hyderabad,Hyderabad
SAP-SEED-00027,SAP CO Consultant,SAP Finance / FICO,,Unknown / Needs enrichment,Banglore,Banglore
SAP-SEED-00028,SAP ABAP,SAP ABAP / Development,9.0,8–11 years,Hyderabad,Hyderabad
SAP-SEED-00029,SAP FICO Consultant,SAP Finance / FICO,,Unknown / Needs enrichment,Banglore,Banglore
SAP-SEED-00030,SAP ABAP,SAP ABAP / Development,6.0,5–7 years,Bangalore,Bengaluru
SAP-SEED-00031,SAP ABAP HCM,SAP ABAP / Development,4.7,3–4 years,Noida,Noida
SAP-SEED-00032,SAP CFIN,SAP General / Consulting,3.0,3–4 years,Hyderabad,Hyderabad
SAP-SEED-00033,SAP CFIN,SAP General / Consulting,3.3,3–4 years,Bangalore,Bengaluru
SAP-SEED-00034,SAP FI,SAP Finance / FICO,13.0,12+ years,Bangalore,Bengaluru
SAP-SEED-00035,SAP CO,SAP Finance / FICO,2.4,3–4 years,Tirupati,Tirupati
SAP-SEED-00036,SAP CO,SAP Finance / FICO,3.4,3–4 years,Delhi,Delhi
SAP-SEED-00037,SAP ABAP,SAP ABAP / Development,9.0,8–11 years,Hyderabad,Hyderabad
SAP-SEED-00038,SAP ABAP on HANA,SAP ABAP / Development,7.8,5–7 years,Jaipur,Jaipur
SAP-SEED-00039,SAP ABAP on HANA,SAP ABAP / Development,4.6,3–4 years,Pune,Pune
SAP-SEED-00040,SAP FI Accounting,SAP Finance / FICO,,Unknown / Needs enrichment,Tirrupati,Tirrupati
SAP-SEED-00041,SAP FI  Accounting,SAP Finance / FICO,,Unknown / Needs enrichment,Banglore,Banglore
SAP-SEED-00042,SAP ABAP,SAP ABAP / Development,9.0,8–11 years,,Unknown
SAP-SEED-00043,SAP EWM,SAP Warehouse / EWM,7.0,5–7 years,Jaipur,Jaipur
SAP-SEED-00044,SAP ABAP,SAP ABAP / Development,10.0,8–11 years,,Unknown
SAP-SEED-00045,SAP BW,SAP Analytics / BW,3.0,3–4 years,pune,Pune
SAP-SEED-00046,SAP PS,SAP Project Systems / PS,7.6,5–7 years,Nagpur,Nagpur
SAP-SEED-00047,Senior Consultant SAP P,SAP General / Consulting,6.8,5–7 years,Chennai,Chennai
SAP-SEED-00048,SAP PS,SAP Project Systems / PS,12.0,12+ years,Delhi,Delhi
SAP-SEED-00049,SAP PM,SAP Plant Maintenance / PM,6.0,5–7 years,Bangalore,Bengaluru
SAP-SEED-00050,SAP FICO,SAP Finance / FICO,11.0,8–11 years,Hyderabad,Hyderabad
SAP-SEED-00051,SAP FICO,SAP Finance / FICO,,Unknown / Needs enrichment,Bangalore,Bengaluru
SAP-SEED-00052,SAP FICO,SAP Finance / FICO,4.5,3–4 years,Hyderabad,Hyderabad
SAP-SEED-00053,SAP SD,SAP Sales / SD,4.4,3–4 years,Bangalore,Bengaluru
SAP-SEED-00054,SAP FICO,SAP Finance / FICO,4.3,3–4 years,Hyderabad,Hyderabad
SAP-SEED-00055,SAP FICO,SAP Finance / FICO,4.0,3–4 years,Hyderabad,Hyderabad
SAP-SEED-00056,SAP FICO,SAP Finance / FICO,,Unknown / Needs enrichment,Mumbai,Mumbai
SAP-SEED-00057,SAP SD,SAP Sales / SD,9.4,8–11 years,Bangalore,Bengaluru
SAP-SEED-00058,SAP MM,SAP Procurement / MM,,Unknown / Needs enrichment,Bangalore,Bengaluru
SAP-SEED-00059,SAP FICO,SAP Finance / FICO,4.9,3–4 years,Hyderabad,Hyderabad
SAP-SEED-00060,SAP FICO,SAP Finance / FICO,6.2,5–7 years,Hyderabad,Hyderabad
SAP-SEED-00061,SAP FICO,SAP Finance / FICO,4.0,3–4 years,Hyderabad,Hyderabad
SAP-SEED-00062,SAP FICO,SAP Finance / FICO,4.1,3–4 years,Bangalore,Bengaluru
SAP-SEED-00063,SAP FICO,SAP Finance / FICO,7.1,5–7 years,Bangalore,Bengaluru
SAP-SEED-00064,SAP FICO,SAP Finance / FICO,9.0,8–11 years,Bangalore,Bengaluru
SAP-SEED-00065,SAP FICO,SAP Finance / FICO,13.0,12+ years,Hyderabad,Hyderabad
SAP-SEED-00066,SAP SD,SAP Sales / SD,5.4,5–7 years,Hyderabad,Hyderabad
SAP-SEED-00067,SAP SD,SAP Sales / SD,5.0,5–7 years,Bengaluru,Bengaluru
SAP-SEED-00068,SAP SD,SAP Sales / SD,6.0,5–7 years,Bengaluru,Bengaluru
SAP-SEED-00069,SAP SD,SAP Sales / SD,7.0,5–7 years,Bengaluru,Bengaluru
SAP-SEED-00070,SAP SD,SAP Sales / SD,6.0,5–7 years,Bangalore,Bengaluru
SAP-SEED-00071,SAP FICO,SAP Finance / FICO,6.0,5–7 years,Bangalore,Bengaluru
SAP-SEED-00072,SAP FICO,SAP Finance / FICO,9.0,8–11 years,Bangalore,Bengaluru
SAP-SEED-00073,SAP FICO,SAP Finance / FICO,7.0,5–7 years,Bangalore,Bengaluru
SAP-SEED-00074,SAP FICO,SAP Finance / FICO,10.0,8–11 years,Bangalore,Bengaluru
SAP-SEED-00075,SAP FICO,SAP Finance / FICO,6.0,5–7 years,Bangalore,Bengaluru
SAP-SEED-00076,SAP FICO,SAP Finance / FICO,,Unknown / Needs enrichment,Bengaluru,Bengaluru
SAP-SEED-00077,SAP MM,SAP Procurement / MM,6.0,5–7 years,Bengaluru,Bengaluru
SAP-SEED-00078,SAP MM,SAP Procurement / MM,6.0,5–7 years,Bangalore,Bengaluru
SAP-SEED-00079,SAP MM,SAP Procurement / MM,5.6,5–7 years,Bangalore,Bengaluru
SAP-SEED-00080,SAP MM,SAP Procurement / MM,6.0,5–7 years,Bengaluru,Bengaluru
SAP-SEED-00081,SAP SD,SAP Sales / SD,5.6,5–7 years,Bengaluru,Bengaluru
SAP-SEED-00082,SAP MM,SAP Procurement / MM,7.0,5–7 years,Bengaluru,Bengaluru
SAP-SEED-00083,SAP SD,SAP Sales / SD,6.0,5–7 years,Bangalore,Bengaluru
SAP-SEED-00084,SAP SD,SAP Sales / SD,10.0,8–11 years,Bangalore,Bengaluru
SAP-SEED-00085,SAP SD,SAP Sales / SD,5.7,5–7 years,Bangalore,Bengaluru
SAP-SEED-00086,SAP SD,SAP Sales / SD,5.4,5–7 years,Bengaluru,Bengaluru
SAP-SEED-00087,SAP SD,SAP Sales / SD,6.0,5–7 years,Hyderabad,Hyderabad
SAP-SEED-00088,SAP FICO,SAP Finance / FICO,9.6,8–11 years,Hyderabad,Hyderabad
SAP-SEED-00089,SAP FICO,SAP Finance / FICO,8.0,8–11 years,Bengaluru,Bengaluru
SAP-SEED-00090,SAP FICO,SAP Finance / FICO,7.7,5–7 years,Bengaluru,Bengaluru
SAP-SEED-00091,SAP FICO,SAP Finance / FICO,6.11,5–7 years,Bangalore,Bengaluru
SAP-SEED-00092,SAP FICO,SAP Finance / FICO,11.5,8–11 years,Bengaluru,Bengaluru
SAP-SEED-00093,SAP FICO,SAP Finance / FICO,7.0,5–7 years,Bengaluru,Bengaluru
SAP-SEED-00094,SAP FICO,SAP Finance / FICO,10.0,8–11 years,Bangalore,Bengaluru
SAP-SEED-00095,SAP SD,SAP Sales / SD,4.2,3–4 years,Bengaluru,Bengaluru
SAP-SEED-00096,SAP MM,SAP Procurement / MM,,Unknown / Needs enrichment,Bengaluru,Bengaluru
SAP-SEED-00097,SAP MM,SAP Procurement / MM,10.0,8–11 years,Bangalore,Bengaluru
SAP-SEED-00098,SAP SD,SAP Sales / SD,4.11,3–4 years,Bangalore,Bengaluru
SAP-SEED-00099,SAP FICO,SAP Finance / FICO,8.0,8–11 years,Bengaluru,Bengaluru
SAP-SEED-00100,SAP FICO,SAP Finance / FICO,6.2,5–7 years,Hyderabad,Hyderabad
SAP-SEED-00101,SAP MM,SAP Procurement / MM,5.2,5–7 years,Bengaluru,Bengaluru
SAP-SEED-00102,SAP FICO,SAP Finance / FICO,,Unknown / Needs enrichment,Hyderabad,Hyderabad
SAP-SEED-00103,SAP FICO,SAP Finance / FICO,6.0,5–7 years,Hyderabad,Hyderabad
SAP-SEED-00104,SAP FICO,SAP Finance / FICO,6.6,5–7 years,Hyderabad,Hyderabad
SAP-SEED-00105,SAP FICO,SAP Finance / FICO,7.1,5–7 years,Hyderabad,Hyderabad
SAP-SEED-00106,SAP FICO,SAP Finance / FICO,10.5,8–11 years,Bengaluru,Bengaluru
SAP-SEED-00107,SAP MM,SAP Procurement / MM,10.0,8–11 years,Bengaluru,Bengaluru
SAP-SEED-00108,SAP MM,SAP Procurement / MM,6.0,5–7 years,Bangalore,Bengaluru
SAP-SEED-00109,SAP FICO,SAP Finance / FICO,6.5,5–7 years,Bangalore,Bengaluru
SAP-SEED-00110,SAP FICO,SAP Finance / FICO,13.0,12+ years,Banaglore,Banaglore
SAP-SEED-00111,SAP MM,SAP Procurement / MM,5.7,5–7 years,Banaglore,Banaglore
SAP-SEED-00112,SAP MM,SAP Procurement / MM,7.1,5–7 years,Banaglore,Banaglore
SAP-SEED-00113,SAP MM,SAP Procurement / MM,5.6,5–7 years,Bangalore,Bengaluru
SAP-SEED-00114,SAP MM,SAP Procurement / MM,,Unknown / Needs enrichment,Bangalore,Bengaluru
SAP-SEED-00115,SAP MM,SAP Procurement / MM,,Unknown / Needs enrichment,Bengaluru,Bengaluru
SAP-SEED-00116,SAP ABAP,SAP ABAP / Development,,Unknown / Needs enrichment,Bengaluru,Bengaluru
SAP-SEED-00117,SAP ABAP,SAP ABAP / Development,7.8,5–7 years,Bengaluru,Bengaluru
SAP-SEED-00118,SAP ABAP,SAP ABAP / Development,4.3,3–4 years,Bengaluru,Bengaluru
SAP-SEED-00119,SAP ABAP,SAP ABAP / Development,6.2,5–7 years,Bangalore,Bengaluru
SAP-SEED-00120,SAP ABAP,SAP ABAP / Development,,Unknown / Needs enrichment,Bengaluru,Bengaluru
SAP-SEED-00121,SAP SD,SAP Sales / SD,6.7,5–7 years,Bangalore,Bengaluru
SAP-SEED-00122,SAP FICO,SAP Finance / FICO,,Unknown / Needs enrichment,Bangalore,Bengaluru
SAP-SEED-00123,SAP MM,SAP Procurement / MM,6.3,5–7 years,Bangalore,Bengaluru
SAP-SEED-00124,SAP MM,SAP Procurement / MM,6.5,5–7 years,Bangalore,Bengaluru
SAP-SEED-00125,SAP MM,SAP Procurement / MM,,Unknown / Needs enrichment,Hyderabad,Hyderabad
SAP-SEED-00126,SAP MM,SAP Procurement / MM,,Unknown / Needs enrichment,Bangalore,Bengaluru
SAP-SEED-00127,SAP MM,SAP Procurement / MM,9.0,8–11 years,Bangalore,Bengaluru
SAP-SEED-00128,SAP MM,SAP Procurement / MM,,Unknown / Needs enrichment,Bangalore,Bengaluru
SAP-SEED-00129,SAP SD,SAP Sales / SD,5.7,5–7 years,Bangalore,Bengaluru
SAP-SEED-00130,SAP FICO,SAP Finance / FICO,5.1,5–7 years,Bengaluru,Bengaluru
SAP-SEED-00131,SAP FICO,SAP Finance / FICO,5.5,5–7 years,Bengaluru,Bengaluru
SAP-SEED-00132,SAP SD,SAP Sales / SD,8.0,8–11 years,Bengaluru,Bengaluru
SAP-SEED-00133,SAP SD,SAP Sales / SD,,Unknown / Needs enrichment,Bangalore,Bengaluru
SAP-SEED-00134,SAP SD,SAP Sales / SD,7.2,5–7 years,Bangalore,Bengaluru
SAP-SEED-00135,SAP SD,SAP Sales / SD,6.2,5–7 years,Bangalore,Bengaluru
SAP-SEED-00136,SAP MM,SAP Procurement / MM,5.8,5–7 years,Bangalore,Bengaluru
SAP-SEED-00137,SAP FICO,SAP Finance / FICO,6.7,5–7 years,Hyderabad,Hyderabad
SAP-SEED-00138,SAP SD,SAP Sales / SD,9.0,8–11 years,Bengaluru,Bengaluru
SAP-SEED-00139,SAP FICO,SAP Finance / FICO,,Unknown / Needs enrichment,Bengaluru,Bengaluru
SAP-SEED-00140,SAP ABAP,SAP ABAP / Development,9.3,8–11 years,Bengaluru,Bengaluru
SAP-SEED-00141,SAP ABAP,SAP ABAP / Development,6.0,5–7 years,Bengaluru,Bengaluru
SAP-SEED-00142,SAP MM,SAP Procurement / MM,7.0,5–7 years,Bangalore,Bengaluru
SAP-SEED-00143,SAP FICO,SAP Finance / FICO,6.6,5–7 years,Bangalore,Bengaluru
SAP-SEED-00144,SAP MM,SAP Procurement / MM,,Unknown / Needs enrichment,Bangalore,Bengaluru
SAP-SEED-00145,SAP SD,SAP Sales / SD,8.0,8–11 years,Bangalore,Bengaluru
SAP-SEED-00146,SAP MM,SAP Procurement / MM,7.6,5–7 years,Bengaluru,Bengaluru
SAP-SEED-00147,SAP FICO,SAP Finance / FICO,12.0,12+ years,Bengaluru,Bengaluru
SAP-SEED-00148,SAP FICO,SAP Finance / FICO,9.0,8–11 years,Bangalore,Bengaluru
SAP-SEED-00149,SAP MM,SAP Procurement / MM,9.0,8–11 years,Bengaluru,Bengaluru
SAP-SEED-00150,SAP MM,SAP Procurement / MM,,Unknown / Needs enrichment,Bangalore,Bengaluru
SAP-SEED-00151,SAP MM,SAP Procurement / MM,7.0,5–7 years,Bhubaneswar,Bhubaneswar
SAP-SEED-00152,SAP MM,SAP Procurement / MM,6.1,5–7 years,Bengaluru,Bengaluru
SAP-SEED-00153,Sap MM,SAP Procurement / MM,6.6,5–7 years,Bengaluru,Bengaluru
SAP-SEED-00154,Sap MM,SAP Procurement / MM,8.1,8–11 years,Bengaluru,Bengaluru
SAP-SEED-00155,SAP FICO,SAP Finance / FICO,6.5,5–7 years,Bengaluru,Bengaluru
SAP-SEED-00156,SAP FICO,SAP Finance / FICO,9.0,8–11 years,Bengaluru,Bengaluru
SAP-SEED-00157,SAP FICO,SAP Finance / FICO,8.0,8–11 years,Bengaluru,Bengaluru
SAP-SEED-00158,SAP FICO,SAP Finance / FICO,7.0,5–7 years,Bengaluru,Bengaluru
SAP-SEED-00159,SAP FICO,SAP Finance / FICO,10.0,8–11 years,Bangalore,Bengaluru
SAP-SEED-00160,SAP MM,SAP Procurement / MM,7.0,5–7 years,Bengaluru,Bengaluru
SAP-SEED-00161,SAP SD,SAP Sales / SD,,Unknown / Needs enrichment,Bengaluru,Bengaluru
SAP-SEED-00162,SAP SD,SAP Sales / SD,9.6,8–11 years,Hyderabad,Hyderabad
SAP-SEED-00163,SAP FICO,SAP Finance / FICO,9.0,8–11 years,Bangalore,Bengaluru
SAP-SEED-00164,SAP FICO,SAP Finance / FICO,8.2,8–11 years,Bangalore,Bengaluru
SAP-SEED-00165,SAP ABAP,SAP ABAP / Development,,Unknown / Needs enrichment,Bangalore,Bengaluru
SAP-SEED-00166,SAP ABAP,SAP ABAP / Development,,Unknown / Needs enrichment,Bengaluru,Bengaluru
SAP-SEED-00167,SAP FICO,SAP Finance / FICO,7.7,5–7 years,Bengaluru,Bengaluru
SAP-SEED-00168,SAP FICO,SAP Finance / FICO,9.0,8–11 years,Bengaluru,Bengaluru
SAP-SEED-00169,SAP FICO,SAP Finance / FICO,6.0,5–7 years,Bangalore,Bengaluru
SAP-SEED-00170,SAP FICO,SAP Finance / FICO,6.6,5–7 years,Bengaluru,Bengaluru
SAP-SEED-00171,SAP FICO,SAP Finance / FICO,7.0,5–7 years,Bengaluru,Bengaluru
SAP-SEED-00172,SAP FICO,SAP Finance / FICO,6.8,5–7 years,Bengaluru,Bengaluru
SAP-SEED-00173,SAP FICO,SAP Finance / FICO,8.3,8–11 years,Bangalore,Bengaluru
SAP-SEED-00174,SAP FICO,SAP Finance / FICO,6.7,5–7 years,Bengaluru,Bengaluru
SAP-SEED-00175,SAP FICO,SAP Finance / FICO,8.5,8–11 years,Bengaluru,Bengaluru
SAP-SEED-00176,SAP FICO,SAP Finance / FICO,6.0,5–7 years,Bengaluru,Bengaluru
SAP-SEED-00177,SAP SD,SAP Sales / SD,9.0,8–11 years,Bengaluru,Bengaluru
SAP-SEED-00178,SAP FICO,SAP Finance / FICO,11.0,8–11 years,Bengaluru,Bengaluru
SAP-SEED-00179,SAP FICO,SAP Finance / FICO,10.6,8–11 years,Bengaluru,Bengaluru
SAP-SEED-00180,SAP FICO,SAP Finance / FICO,6.7,5–7 years,Bengaluru,Bengaluru
SAP-SEED-00181,SAP FICO,SAP Finance / FICO,7.3,5–7 years,Bengaluru,Bengaluru
SAP-SEED-00182,SAP Basis,SAP Basis / Administration,6.0,5–7 years,Hyderabad,Hyderabad
SAP-SEED-00183,SAP SD,SAP Sales / SD,4.1,3–4 years,Bangalore,Bengaluru
SAP-SEED-00184,SAP FICO,SAP Finance / FICO,9.0,8–11 years,Bangalore,Bengaluru
SAP-SEED-00185,SAP FICO,SAP Finance / FICO,6.1,5–7 years,Bangalore,Bengaluru
SAP-SEED-00186,SAP FICO,SAP Finance / FICO,6.2,5–7 years,Hyderabad,Hyderabad
SAP-SEED-00187,SAP FICO,SAP Finance / FICO,8.0,8–11 years,Bangalore,Bengaluru
SAP-SEED-00188,SAP SD,SAP Sales / SD,9.1,8–11 years,Bengaluru,Bengaluru
SAP-SEED-00189,SAP FICO,SAP Finance / FICO,8.0,8–11 years,Bengaluru,Bengaluru
SAP-SEED-00190,SAP FICO,SAP Finance / FICO,6.0,5–7 years,Hyderabad,Hyderabad
SAP-SEED-00191,SAP MM,SAP Procurement / MM,,Unknown / Needs enrichment,Bangalore,Bengaluru
SAP-SEED-00192,SAP FICO,SAP Finance / FICO,5.4,5–7 years,Bangalore,Bengaluru
SAP-SEED-00193,SAP FICO,SAP Finance / FICO,6.0,5–7 years,Bangalore,Bengaluru
SAP-SEED-00194,SAP FICO,SAP Finance / FICO,7.0,5–7 years,Bangalore,Bengaluru
SAP-SEED-00195,SAP FICO,SAP Finance / FICO,9.6,8–11 years,Bangalore,Bengaluru
SAP-SEED-00196,SAP FICO,SAP Finance / FICO,5.6,5–7 years,Bangalore,Bengaluru
SAP-SEED-00197,SAP FICO,SAP Finance / FICO,,Unknown / Needs enrichment,Bangalore,Bengaluru
SAP-SEED-00198,SAP FICO,SAP Finance / FICO,7.4,5–7 years,Chennai,Chennai
SAP-SEED-00199,SAP FICO,SAP Finance / FICO,6.5,5–7 years,Hyderabad,Hyderabad
SAP-SEED-00200,SAP FICO,SAP Finance / FICO,7.8,5–7 years,Hyderabad,Hyderabad
SAP-SEED-00201,SAP FICO,SAP Finance / FICO,7.2,5–7 years,Bangalore,Bengaluru
SAP-SEED-00202,SAP FICO,SAP Finance / FICO,7.0,5–7 years,Bangalore,Bengaluru
SAP-SEED-00203,SAP FICO,SAP Finance / FICO,5.8,5–7 years,Pune-Work  location,Pune
SAP-SEED-00204,SAP FICO,SAP Finance / FICO,9.0,8–11 years,Bangalore,Bengaluru
SAP-SEED-00205,SAP FICO,SAP Finance / FICO,8.0,8–11 years,Pune,Pune
SAP-SEED-00206,SAP FICO,SAP Finance / FICO,8.0,8–11 years,Bangalore,Bengaluru
SAP-SEED-00207,SAP FICO,SAP Finance / FICO,,Unknown / Needs enrichment,Bengaluru,Bengaluru
SAP-SEED-00208,SAP FICO,SAP Finance / FICO,4.5,3–4 years,Banaglore,Banaglore
SAP-SEED-00209,SAP FICO,SAP Finance / FICO,5.3,5–7 years,Gurgaon,Gurugram
SAP-SEED-00210,SAP ABAP,SAP ABAP / Development,4.0,3–4 years,Bangalore,Bengaluru
SAP-SEED-00211,SAP MM,SAP Procurement / MM,12.6,12+ years,Pune,Pune
SAP-SEED-00212,SAP MM,SAP Procurement / MM,8.4,8–11 years,Mumbai,Mumbai
SAP-SEED-00213,SAP SD,SAP Sales / SD,4.5,3–4 years,Mumbai,Mumbai
SAP-SEED-00214,SAP SD,SAP Sales / SD,5.0,5–7 years,Mumbai,Mumbai
SAP-SEED-00215,SAP SD,SAP Sales / SD,4.0,3–4 years,Mumbai,Mumbai
SAP-SEED-00216,SAP SD,SAP Sales / SD,6.0,5–7 years,Pune,Pune
SAP-SEED-00217,SAP SD,SAP Sales / SD,,Unknown / Needs enrichment,Mumbai,Mumbai
SAP-SEED-00218,SAP SD,SAP Sales / SD,,Unknown / Needs enrichment,Mumbai,Mumbai
SAP-SEED-00219,SAP SD,SAP Sales / SD,,Unknown / Needs enrichment,Mumbai,Mumbai
SAP-SEED-00220,SAP SD,SAP Sales / SD,,Unknown / Needs enrichment,Pune,Pune
SAP-SEED-00221,SAP SD,SAP Sales / SD,4.9,3–4 years,Mumbai,Mumbai
SAP-SEED-00222,SAP SD,SAP Sales / SD,4.5,3–4 years,Udiapur,Udiapur
SAP-SEED-00223,SAP SD,SAP Sales / SD,8.0,8–11 years,Mumbai,Mumbai
SAP-SEED-00224,SAP SD,SAP Sales / SD,4.1,3–4 years,Mumbai,Mumbai
SAP-SEED-00225,SAP SD,SAP Sales / SD,7.0,5–7 years,Mumbai,Mumbai
SAP-SEED-00226,SAP SD,SAP Sales / SD,6.5,5–7 years,Mumbai,Mumbai
SAP-SEED-00227,SAP SD,SAP Sales / SD,4.0,3–4 years,Mumbai,Mumbai
SAP-SEED-00228,SAP SD,SAP Sales / SD,4.3,3–4 years,Mumbai,Mumbai
SAP-SEED-00229,SAP SD,SAP Sales / SD,10.0,8–11 years,Mumbai,Mumbai
SAP-SEED-00230,SAP SD,SAP Sales / SD,9.0,8–11 years,Mumbai,Mumbai
SAP-SEED-00231,SAP SD,SAP Sales / SD,5.0,5–7 years,Mumbai,Mumbai
SAP-SEED-00232,SAP SD,SAP Sales / SD,9.0,8–11 years,Mumbai,Mumbai
SAP-SEED-00233,SAP SD,SAP Sales / SD,5.3,5–7 years,Mumbai,Mumbai
SAP-SEED-00234,SAP SD,SAP Sales / SD,4.0,3–4 years,Mumbai,Mumbai
SAP-SEED-00235,SAP SD,SAP Sales / SD,4.0,3–4 years,Noida,Noida
SAP-SEED-00236,SAP SD,SAP Sales / SD,,Unknown / Needs enrichment,Delhi,Delhi
SAP-SEED-00237,SAP SD,SAP Sales / SD,4.0,3–4 years,Pune,Pune
SAP-SEED-00238,SAP SD,SAP Sales / SD,,Unknown / Needs enrichment,Gurgaon,Gurugram
SAP-SEED-00239,SAP SD,SAP Sales / SD,6.0,5–7 years,Gurgaon,Gurugram
SAP-SEED-00240,SAP SD,SAP Sales / SD,5.3,5–7 years,Noida,Noida
SAP-SEED-00241,SAP SD,SAP Sales / SD,,Unknown / Needs enrichment,Delhi,Delhi
SAP-SEED-00242,SAP SD,SAP Sales / SD,4.0,3–4 years,Noida,Noida
SAP-SEED-00243,SAP SD,SAP Sales / SD,6.0,5–7 years,Noida,Noida
SAP-SEED-00244,SAP SD,SAP Sales / SD,8.0,8–11 years,Mumbai,Mumbai
SAP-SEED-00245,SAP SD,SAP Sales / SD,5.0,5–7 years,Noida,Noida
SAP-SEED-00246,SAP SD,SAP Sales / SD,7.0,5–7 years,Odissa,Odissa
SAP-SEED-00247,SAP SD,SAP Sales / SD,11.0,8–11 years,Gurugram,Gurugram
SAP-SEED-00248,SAP SD,SAP Sales / SD,4.0,3–4 years,Gurugram,Gurugram
SAP-SEED-00249,SAP SD,SAP Sales / SD,,Unknown / Needs enrichment,Delhi,Delhi
SAP-SEED-00250,SAP SD,SAP Sales / SD,,Unknown / Needs enrichment,Noida,Noida
SAP-SEED-00251,SAP SD,SAP Sales / SD,6.0,5–7 years,Mumbai,Mumbai
SAP-SEED-00252,SAP SD,SAP Sales / SD,6.0,5–7 years,Pune,Pune
SAP-SEED-00253,SAP SD,SAP Sales / SD,4.11,3–4 years,Mumbai,Mumbai
SAP-SEED-00254,SAP SD,SAP Sales / SD,10.0,8–11 years,Mumbai,Mumbai
SAP-SEED-00255,SAP SD,SAP Sales / SD,5.5,5–7 years,Gurgaon,Gurugram
SAP-SEED-00256,SAP SD,SAP Sales / SD,11.0,8–11 years,Pune,Pune
SAP-SEED-00257,SAP SD,SAP Sales / SD,8.0,8–11 years,Pune,Pune
SAP-SEED-00258,SAP SD,SAP Sales / SD,4.0,3–4 years,Pune,Pune
SAP-SEED-00259,SAP SD,SAP Sales / SD,4.5,3–4 years,Pune,Pune
SAP-SEED-00260,SAP SD,SAP Sales / SD,6.0,5–7 years,Pune,Pune
SAP-SEED-00261,SAP SD,SAP Sales / SD,8.0,8–11 years,Bangalore,Bengaluru
SAP-SEED-00262,SAP SD,SAP Sales / SD,4.0,3–4 years,Bangalore,Bengaluru
SAP-SEED-00263,SAP SD,SAP Sales / SD,8.0,8–11 years,Bangalore,Bengaluru
SAP-SEED-00264,SAP SD,SAP Sales / SD,8.0,8–11 years,Bangalore,Bengaluru
SAP-SEED-00265,SAP SD,SAP Sales / SD,9.0,8–11 years,Bangalore,Bengaluru
SAP-SEED-00266,SAP SD,SAP Sales / SD,7.0,5–7 years,Hyderabad,Hyderabad
SAP-SEED-00267,SAP SD,SAP Sales / SD,4.4,3–4 years,Hyderabad,Hyderabad
SAP-SEED-00268,SAP SD,SAP Sales / SD,6.5,5–7 years,Hyderabad,Hyderabad
SAP-SEED-00269,SAP SD,SAP Sales / SD,14.0,12+ years,Pune,Pune
SAP-SEED-00270,SAP SD,SAP Sales / SD,4.0,3–4 years,Hyderabad,Hyderabad
SAP-SEED-00271,SAP SD,SAP Sales / SD,6.0,5–7 years,pune,Pune
SAP-SEED-00272,SAP SD,SAP Sales / SD,5.0,5–7 years,Pune,Pune
SAP-SEED-00273,SAP SD,SAP Sales / SD,4.0,3–4 years,Hyderabad,Hyderabad
SAP-SEED-00274,SAP SD,SAP Sales / SD,12.6,12+ years,Hyderabad,Hyderabad
SAP-SEED-00275,SAP SD,SAP Sales / SD,8.6,8–11 years,Hyderabad,Hyderabad
SAP-SEED-00276,SAP SD,SAP Sales / SD,,Unknown / Needs enrichment,Bengaluru,Bengaluru
SAP-SEED-00277,SAP SD,SAP Sales / SD,9.8,8–11 years,Bengaluru,Bengaluru
SAP-SEED-00278,SAP SD,SAP Sales / SD,11.7,8–11 years,Bengaluru,Bengaluru
SAP-SEED-00279,SAP SD,SAP Sales / SD,13.5,12+ years,Bengaluru,Bengaluru
SAP-SEED-00280,SAP SD,SAP Sales / SD,8.0,8–11 years,Bengaluru,Bengaluru
SAP-SEED-00281,SAP SD,SAP Sales / SD,14.0,12+ years,Hyderabad,Hyderabad
SAP-SEED-00282,SAP SD,SAP Sales / SD,8.3,8–11 years,Hyderabad,Hyderabad
SAP-SEED-00283,SAP SD,SAP Sales / SD,9.0,8–11 years,Hyderabad,Hyderabad
SAP-SEED-00284,SAP SD,SAP Sales / SD,14.0,12+ years,Hyderabad,Hyderabad
SAP-SEED-00285,SAP SD,SAP Sales / SD,7.0,5–7 years,Hyderabad,Hyderabad
SAP-SEED-00286,SAP SD,SAP Sales / SD,6.5,5–7 years,Hyderabad,Hyderabad
SAP-SEED-00287,SAP SD,SAP Sales / SD,6.0,5–7 years,Hyderabad,Hyderabad
SAP-SEED-00288,SAP SD,SAP Sales / SD,6.0,5–7 years,Hyderabad,Hyderabad
SAP-SEED-00289,SAP SD,SAP Sales / SD,9.0,8–11 years,Hyderabad,Hyderabad
SAP-SEED-00290,SAP SD,SAP Sales / SD,10.0,8–11 years,Hyderabad,Hyderabad
SAP-SEED-00291,SAP SD,SAP Sales / SD,10.0,8–11 years,Hyderabad,Hyderabad
SAP-SEED-00292,SAP SD,SAP Sales / SD,7.0,5–7 years,Hyderabad,Hyderabad
SAP-SEED-00293,SAP SD,SAP Sales / SD,8.6,8–11 years,Vijayawada,Vijayawada
SAP-SEED-00294,SAP SD,SAP Sales / SD,,Unknown / Needs enrichment,Hyderabad,Hyderabad
SAP-SEED-00295,SAP SD,SAP Sales / SD,5.0,5–7 years,Hyderabad,Hyderabad
SAP-SEED-00296,SAP SD,SAP Sales / SD,14.0,12+ years,Bangalore,Bengaluru
SAP-SEED-00297,SAP SD,SAP Sales / SD,,Unknown / Needs enrichment,Bangalore,Bengaluru
SAP-SEED-00298,SAP SD,SAP Sales / SD,17.0,12+ years,Bangalore,Bengaluru
SAP-SEED-00299,SAP SD,SAP Sales / SD,,Unknown / Needs enrichment,Hyderabad,Hyderabad
SAP-SEED-00300,SAP SD,SAP Sales / SD,,Unknown / Needs enrichment,Hyderabad,Hyderabad
SAP-SEED-00301,SAP SD,SAP Sales / SD,9.0,8–11 years,Noida,Noida
SAP-SEED-00302,SAP SD,SAP Sales / SD,11.0,8–11 years,Noida,Noida
SAP-SEED-00303,SAP SD,SAP Sales / SD,4.2,3–4 years,Maharshika Patel,Maharshika Patel
SAP-SEED-00304,SAP SD,SAP Sales / SD,5.0,5–7 years,Maharshika Patel,Maharshika Patel
SAP-SEED-00305,SAP SD,SAP Sales / SD,7.0,5–7 years,Hyderabad,Hyderabad
SAP-SEED-00306,SAP SD,SAP Sales / SD,7.0,5–7 years,bangalore,Bengaluru
SAP-SEED-00307,SAP SD,SAP Sales / SD,8.5,8–11 years,Bangalore,Bengaluru
SAP-SEED-00308,SAP SD,SAP Sales / SD,6.8,5–7 years,Hyderabad,Hyderabad
SAP-SEED-00309,SAP SD,SAP Sales / SD,9.0,8–11 years,Bengaluru,Bengaluru
SAP-SEED-00310,SAP SD,SAP Sales / SD,6.7,5–7 years,Hyderabad,Hyderabad
SAP-SEED-00311,SAP SD,SAP Sales / SD,8.0,8–11 years,Hyderabad,Hyderabad
SAP-SEED-00312,SAP SD,SAP Sales / SD,6.0,5–7 years,Hyderabad,Hyderabad
SAP-SEED-00313,SAP SD,SAP Sales / SD,5.0,5–7 years,Hyderabad,Hyderabad
SAP-SEED-00314,SAP SD,SAP Sales / SD,4.2,3–4 years,Hyderabad,Hyderabad
SAP-SEED-00315,SAP SD,SAP Sales / SD,8.3,8–11 years,Hyderabad,Hyderabad
SAP-SEED-00316,SAP SD,SAP Sales / SD,7.5,5–7 years,Nellore,Nellore
SAP-SEED-00317,SAP SD,SAP Sales / SD,8.5,8–11 years,Hyderabad,Hyderabad
SAP-SEED-00318,SAP SD,SAP Sales / SD,7.7,5–7 years,Hyderabad,Hyderabad
SAP-SEED-00319,SAP SD,SAP Sales / SD,4.0,3–4 years,Chennai,Chennai
SAP-SEED-00320,SAP SD,SAP Sales / SD,,Unknown / Needs enrichment,Bangalore,Bengaluru
SAP-SEED-00321,SAP SD,SAP Sales / SD,6.7,5–7 years,Bangalore,Bengaluru
SAP-SEED-00322,SAP SD,SAP Sales / SD,6.0,5–7 years,Bangalore,Bengaluru
SAP-SEED-00323,SAP SD,SAP Sales / SD,10.0,8–11 years,Bangalore,Bengaluru
SAP-SEED-00324,SAP SD,SAP Sales / SD,5.1,5–7 years,Bangalore,Bengaluru
SAP-SEED-00325,SAP SD,SAP Sales / SD,5.3,5–7 years,Hyderabad,Hyderabad
SAP-SEED-00326,SAP SD,SAP Sales / SD,10.0,8–11 years,Bengaluru,Bengaluru
SAP-SEED-00327,SAP SD,SAP Sales / SD,8.0,8–11 years,Bengaluru,Bengaluru
SAP-SEED-00328,SAP SD,SAP Sales / SD,6.5,5–7 years,Pune,Pune
SAP-SEED-00329,SAP SD,SAP Sales / SD,4.4,3–4 years,Pune,Pune
SAP-SEED-00330,SAP SD,SAP Sales / SD,4.4,3–4 years,Pune,Pune
SAP-SEED-00331,SAP SD,SAP Sales / SD,4.7,3–4 years,Pune,Pune
SAP-SEED-00332,SAP SD,SAP Sales / SD,4.3,3–4 years,Pune,Pune
SAP-SEED-00333,SAP SD,SAP Sales / SD,5.5,5–7 years,Bangalore,Bengaluru
SAP-SEED-00334,SAP SD,SAP Sales / SD,4.0,3–4 years,Bangalore,Bengaluru
SAP-SEED-00335,SAP SD,SAP Sales / SD,5.6,5–7 years,Pune,Pune
SAP-SEED-00336,SAP SD,SAP Sales / SD,4.5,3–4 years,Pune,Pune
SAP-SEED-00337,SAP SD,SAP Sales / SD,9.0,8–11 years,Pune,Pune
SAP-SEED-00338,SAP SD,SAP Sales / SD,5.9,5–7 years,Pune,Pune
SAP-SEED-00339,SAP SD,SAP Sales / SD,7.2,5–7 years,Pune,Pune
SAP-SEED-00340,SAP SD,SAP Sales / SD,4.11,3–4 years,Pune,Pune
SAP-SEED-00341,SAP SD,SAP Sales / SD,4.1,3–4 years,Bangalore,Bengaluru
SAP-SEED-00342,SAP SD,SAP Sales / SD,7.5,5–7 years,Bangalore,Bengaluru
SAP-SEED-00343,SAP SD,SAP Sales / SD,7.0,5–7 years,Pune,Pune
SAP-SEED-00344,SAP SD,SAP Sales / SD,4.1,3–4 years,Pune,Pune
SAP-SEED-00345,SAP SD,SAP Sales / SD,4.0,3–4 years,Pune,Pune
SAP-SEED-00346,SAP SD,SAP Sales / SD,4.0,3–4 years,Pune,Pune
SAP-SEED-00347,SAP SD,SAP Sales / SD,13.0,12+ years,Pune,Pune
SAP-SEED-00348,SAP SD,SAP Sales / SD,5.0,5–7 years,Mumbai,Mumbai
SAP-SEED-00349,SAP SD,SAP Sales / SD,7.5,5–7 years,Pune,Pune
SAP-SEED-00350,SAP SD,SAP Sales / SD,4.0,3–4 years,Bengaluru,Bengaluru
SAP-SEED-00351,SAP SD,SAP Sales / SD,4.8,3–4 years,Bengaluru,Bengaluru
SAP-SEED-00352,SAP SD,SAP Sales / SD,4.2,3–4 years,Bangalore,Bengaluru
SAP-SEED-00353,SAP SD,SAP Sales / SD,4.1,3–4 years,Bangalore,Bengaluru
SAP-SEED-00354,SAP SD,SAP Sales / SD,9.1,8–11 years,Bangalore,Bengaluru
SAP-SEED-00355,SAP SD,SAP Sales / SD,6.7,5–7 years,Bangalore,Bengaluru
SAP-SEED-00356,SAP SD,SAP Sales / SD,7.5,5–7 years,Pune,Pune
SAP-SEED-00357,SAP SD,SAP Sales / SD,4.5,3–4 years,Bangalore,Bengaluru
SAP-SEED-00358,SAP SD,SAP Sales / SD,4.8,3–4 years,Bangalore,Bengaluru
SAP-SEED-00359,SAP SD,SAP Sales / SD,4.5,3–4 years,Bengaluru,Bengaluru
SAP-SEED-00360,SAP SD,SAP Sales / SD,7.5,5–7 years,Bengaluru,Bengaluru
SAP-SEED-00361,SAP SD,SAP Sales / SD,4.3,3–4 years,Bangalore,Bengaluru
SAP-SEED-00362,SAP SD,SAP Sales / SD,5.4,5–7 years,Odhissa,Odhissa
SAP-SEED-00363,SAP SD,SAP Sales / SD,4.2,3–4 years,Mumbai,Mumbai
SAP-SEED-00364,SAP SD,SAP Sales / SD,8.0,8–11 years,Bangalore,Bengaluru
SAP-SEED-00365,SAP SD,SAP Sales / SD,6.0,5–7 years,Bangalore,Bengaluru
SAP-SEED-00366,SAP SD,SAP Sales / SD,4.0,3–4 years,Bangalore,Bengaluru
SAP-SEED-00367,SAP SD,SAP Sales / SD,4.2,3–4 years,Gurugram,Gurugram
SAP-SEED-00368,SAP SD,SAP Sales / SD,10.0,8–11 years,Bengaluru,Bengaluru
SAP-SEED-00369,SAP SD,SAP Sales / SD,6.0,5–7 years,Delhi,Delhi
SAP-SEED-00370,SAP SD,SAP Sales / SD,6.0,5–7 years,Bangalore,Bengaluru
SAP-SEED-00371,SAP SD,SAP Sales / SD,7.9,5–7 years,Bangalore,Bengaluru
SAP-SEED-00372,SAP SD,SAP Sales / SD,5.6,5–7 years,Bangalore,Bengaluru
SAP-SEED-00373,SAP SD,SAP Sales / SD,,Unknown / Needs enrichment,Bangalore,Bengaluru
SAP-SEED-00374,SAP SD,SAP Sales / SD,,Unknown / Needs enrichment,Delhi,Delhi
SAP-SEED-00375,SAP SD,SAP Sales / SD,,Unknown / Needs enrichment,Bangalore,Bengaluru
SAP-SEED-00376,SAP SD,SAP Sales / SD,,Unknown / Needs enrichment,Bangalore,Bengaluru
SAP-SEED-00377,SAP SD,SAP Sales / SD,,Unknown / Needs enrichment,Bangalore,Bengaluru
SAP-SEED-00378,SAP SD,SAP Sales / SD,7.8,5–7 years,Bangalore,Bengaluru
SAP-SEED-00379,SAP SD,SAP Sales / SD,8.0,8–11 years,Bangalore,Bengaluru
SAP-SEED-00380,SAP SD,SAP Sales / SD,6.0,5–7 years,Bangalore,Bengaluru
SAP-SEED-00381,SAP SD,SAP Sales / SD,8.3,8–11 years,Bangalore,Bengaluru
SAP-SEED-00382,SAP SD,SAP Sales / SD,,Unknown / Needs enrichment,Bangalore,Bengaluru
SAP-SEED-00383,SAP SD,SAP Sales / SD,,Unknown / Needs enrichment,Bangalore,Bengaluru
SAP-SEED-00384,SAP SD,SAP Sales / SD,,Unknown / Needs enrichment,Bangalore,Bengaluru
SAP-SEED-00385,SAP SD,SAP Sales / SD,4.2,3–4 years,Pune,Pune
SAP-SEED-00386,SAP SD,SAP Sales / SD,6.2,5–7 years,Bangalore,Bengaluru
SAP-SEED-00387,SAP SD,SAP Sales / SD,6.2,5–7 years,Bnagalore,Bnagalore
SAP-SEED-00388,SAP SD,SAP Sales / SD,5.0,5–7 years,Noida,Noida
SAP-SEED-00389,SAP SD,SAP Sales / SD,4.4,3–4 years,Gurgoan,Gurgoan
SAP-SEED-00390,SAP SD,SAP Sales / SD,,Unknown / Needs enrichment,Hyderabad,Hyderabad
SAP-SEED-00391,SAP SD,SAP Sales / SD,,Unknown / Needs enrichment,Mumbai,Mumbai
SAP-SEED-00392,SAP SD,SAP Sales / SD,9.0,8–11 years,Bangalore,Bengaluru
SAP-SEED-00393,SAP SD,SAP Sales / SD,7.7,5–7 years,Bangalore,Bengaluru
SAP-SEED-00394,SAP SD,SAP Sales / SD,9.0,8–11 years,Bangalore,Bengaluru
SAP-SEED-00395,SAP SD,SAP Sales / SD,4.0,3–4 years,Mumbai,Mumbai
SAP-SEED-00396,SAP SD,SAP Sales / SD,6.1,5–7 years,Indore,Indore
SAP-SEED-00397,SAP SD,SAP Sales / SD,5.0,5–7 years,Noida,Noida
SAP-SEED-00398,SAP SD,SAP Sales / SD,7.7,5–7 years,Bengaluru,Bengaluru
SAP-SEED-00399,SAP SD,SAP Sales / SD,10.0,8–11 years,Chennai,Chennai
SAP-SEED-00400,SAP SD,SAP Sales / SD,7.0,5–7 years,Noida,Noida
SAP-SEED-00401,SAP SD,SAP Sales / SD,11.0,8–11 years,Bengaluru,Bengaluru
SAP-SEED-00402,SAP SD,SAP Sales / SD,9.5,8–11 years,Mumbai,Mumbai
SAP-SEED-00403,SAP SD,SAP Sales / SD,6.0,5–7 years,Noida,Noida
SAP-SEED-00404,SAP SD,SAP Sales / SD,20.0,12+ years,Noida,Noida
SAP-SEED-00405,SAP SD,SAP Sales / SD,7.5,5–7 years,Gurugram,Gurugram
SAP-SEED-00406,SAP SD,SAP Sales / SD,8.0,8–11 years,Noida,Noida
SAP-SEED-00407,SAP SD,SAP Sales / SD,8.0,8–11 years,Gurugram,Gurugram
SAP-SEED-00408,SAP SD,SAP Sales / SD,6.0,5–7 years,Gurugram,Gurugram
SAP-SEED-00409,SAP SD,SAP Sales / SD,6.5,5–7 years,Gurugram,Gurugram
SAP-SEED-00410,SAP SD,SAP Sales / SD,6.0,5–7 years,Gurugram,Gurugram
SAP-SEED-00411,SAP SD,SAP Sales / SD,6.0,5–7 years,Delhi,Delhi
SAP-SEED-00412,SAP SD,SAP Sales / SD,6.0,5–7 years,Gurgaon,Gurugram
SAP-SEED-00413,SAP SD,SAP Sales / SD,5.5,5–7 years,Gurgaon,Gurugram
SAP-SEED-00414,SAP SD,SAP Sales / SD,7.2,5–7 years,New Delhi,Delhi
SAP-SEED-00415,SAP SD,SAP Sales / SD,7.5,5–7 years,New Delhi,Delhi
SAP-SEED-00416,SAP SD,SAP Sales / SD,8.0,8–11 years,Delhi,Delhi
SAP-SEED-00417,SAP SD,SAP Sales / SD,19.0,12+ years,Gurgoan,Gurgoan
SAP-SEED-00418,SAP SD,SAP Sales / SD,8.1,8–11 years,New Delhi,Delhi
SAP-SEED-00419,SAP SD,SAP Sales / SD,12.0,12+ years,Gurugram,Gurugram
SAP-SEED-00420,SAP SD,SAP Sales / SD,14.0,12+ years,Noida,Noida
SAP-SEED-00421,SAP SD,SAP Sales / SD,7.0,5–7 years,New Delhi,Delhi
SAP-SEED-00422,SAP SD,SAP Sales / SD,16.0,12+ years,Delhi,Delhi
SAP-SEED-00423,SAP SD,SAP Sales / SD,,Unknown / Needs enrichment,Gurgoan,Gurgoan
SAP-SEED-00424,SAP SD,SAP Sales / SD,10.0,8–11 years,Gurugram,Gurugram
SAP-SEED-00425,SAP SD,SAP Sales / SD,12.0,12+ years,Gurugram,Gurugram
SAP-SEED-00426,SAP SD,SAP Sales / SD,11.0,8–11 years,Noida,Noida
SAP-SEED-00427,SAP SD,SAP Sales / SD,18.0,12+ years,Noida,Noida
SAP-SEED-00428,SAP SD,SAP Sales / SD,18.0,12+ years,Gurgaon,Gurugram
SAP-SEED-00429,SAP SD,SAP Sales / SD,10.0,8–11 years,Gurugram,Gurugram
SAP-SEED-00430,SAP SD,SAP Sales / SD,13.0,12+ years,Gurgaon,Gurugram
SAP-SEED-00431,SAP SD,SAP Sales / SD,13.0,12+ years,Gurgaon,Gurugram
SAP-SEED-00432,SAP SD,SAP Sales / SD,10.0,8–11 years,Delhi,Delhi
SAP-SEED-00433,SAP SD,SAP Sales / SD,16.0,12+ years,Mumbai,Mumbai
SAP-SEED-00434,SAP SD,SAP Sales / SD,4.5,3–4 years,Bengaluru,Bengaluru
SAP-SEED-00435,SAP SD,SAP Sales / SD,8.0,8–11 years,Mumbai,Mumbai
SAP-SEED-00436,SAP SD,SAP Sales / SD,6.0,5–7 years,Bangalore,Bengaluru
SAP-SEED-00437,SAP SD,SAP Sales / SD,7.0,5–7 years,Gurgaon,Gurugram
SAP-SEED-00438,SAP SD,SAP Sales / SD,4.0,3–4 years,Mumbai,Mumbai
SAP-SEED-00439,SAP SD,SAP Sales / SD,5.6,5–7 years,Pune_Mathura Home town(Near By Delhi),Delhi
SAP-SEED-00440,SAP SD,SAP Sales / SD,10.0,8–11 years,Gurugram,Gurugram
SAP-SEED-00441,SAP SD,SAP Sales / SD,20.0,12+ years,Ghaziabad,Ghaziabad
SAP-SEED-00442,SAP SD,SAP Sales / SD,18.0,12+ years,Gurugram,Gurugram
SAP-SEED-00443,SAP SD,SAP Sales / SD,14.0,12+ years,Mumbai,Mumbai
SAP-SEED-00444,SAP SD,SAP Sales / SD,12.0,12+ years,Mumbai,Mumbai
SAP-SEED-00445,SAP SD,SAP Sales / SD,9.0,8–11 years,Mumbai,Mumbai
SAP-SEED-00446,SAP SD,SAP Sales / SD,7.5,5–7 years,Mumbai,Mumbai
SAP-SEED-00447,SAP SD,SAP Sales / SD,,Unknown / Needs enrichment,Mumbai,Mumbai
SAP-SEED-00448,SAP SD,SAP Sales / SD,5.5,5–7 years,Mumbai,Mumbai
SAP-SEED-00449,SAP SD,SAP Sales / SD,,Unknown / Needs enrichment,Mumbai,Mumbai
SAP-SEED-00450,SAP SD,SAP Sales / SD,4.6,3–4 years,Mumbai,Mumbai
SAP-SEED-00451,SAP SD,SAP Sales / SD,5.6,5–7 years,Mumbai,Mumbai
SAP-SEED-00452,SAP SD,SAP Sales / SD,4.3,3–4 years,Mumbai,Mumbai
SAP-SEED-00453,SAP SD,SAP Sales / SD,4.0,3–4 years,Mumbai,Mumbai
SAP-SEED-00454,SAP SD,SAP Sales / SD,5.5,5–7 years,Mumbai,Mumbai
SAP-SEED-00455,SAP SD,SAP Sales / SD,7.5,5–7 years,Mumbai,Mumbai
SAP-SEED-00456,SAP SD,SAP Sales / SD,5.2,5–7 years,Mumbai,Mumbai
SAP-SEED-00457,SAP SD,SAP Sales / SD,15.0,12+ years,Mumbai,Mumbai
SAP-SEED-00458,SAP SD,SAP Sales / SD,4.0,3–4 years,Mumbai,Mumbai
SAP-SEED-00459,SAP SD,SAP Sales / SD,,Unknown / Needs enrichment,Mumbai,Mumbai
SAP-SEED-00460,SAP SD,SAP Sales / SD,,Unknown / Needs enrichment,Bangalore,Bengaluru
SAP-SEED-00461,SAP SD,SAP Sales / SD,,Unknown / Needs enrichment,Pune,Pune
SAP-SEED-00462,SAP SD,SAP Sales / SD,,Unknown / Needs enrichment,Mumbai,Mumbai
SAP-SEED-00463,SAP SD,SAP Sales / SD,,Unknown / Needs enrichment,Pune,Pune
SAP-SEED-00464,SAP Concur,SAP General / Consulting,10.0,8–11 years,Pune,Pune
SAP-SEED-00465,SAP Concur,SAP General / Consulting,7.0,5–7 years,Bangalore,Bengaluru
SAP-SEED-00466,SAP Concur,SAP General / Consulting,9.0,8–11 years,Mumbai,Mumbai
SAP-SEED-00467,SAP Concur,SAP General / Consulting,9.0,8–11 years,Pune,Pune
SAP-SEED-00468,SAP Concur,SAP General / Consulting,6.0,5–7 years,Kolkata,Kolkata
SAP-SEED-00469,SAP Concur,SAP General / Consulting,9.5,8–11 years,Pune,Pune
SAP-SEED-00470,SAP Concur,SAP General / Consulting,12.0,12+ years,Bangalore,Bengaluru
SAP-SEED-00471,SAP Concur,SAP General / Consulting,6.0,5–7 years,Pune,Pune
SAP-SEED-00472,SAP Concur,SAP General / Consulting,9.0,8–11 years,Indore,Indore
SAP-SEED-00473,SAP BTP+SAP Mobile Services,SAP BTP / Cloud,4.2,3–4 years,Hyderabad,Hyderabad
SAP-SEED-00474,SAP BTP+SAP Mobile Services,SAP BTP / Cloud,5.3,5–7 years,Bangalore,Bengaluru
SAP-SEED-00475,SAP BTP+SAP Mobile Services,SAP BTP / Cloud,15.0,12+ years,Delhi,Delhi
SAP-SEED-00476,SAP ABAP+ HR,SAP ABAP / Development,5.7,5–7 years,Gorakhpur,Gorakhpur
SAP-SEED-00477,SAP ABAP+ HR,SAP ABAP / Development,5.6,5–7 years,Noida,Noida
SAP-SEED-00478,SAP ABAP+ HR,SAP ABAP / Development,4.6,3–4 years,Hyderabad,Hyderabad
SAP-SEED-00479,SAP ABAP+ HR,SAP ABAP / Development,4.5,3–4 years,Udaipur,Udaipur
SAP-SEED-00480,SAP ABAP+ HR,SAP ABAP / Development,4.11,3–4 years,Bangalore,Bengaluru
SAP-SEED-00481,SAP ABAP APO RTI,SAP ABAP / Development,14.0,12+ years,Chennai,Chennai
SAP-SEED-00482,SAP ABAP APO RTI,SAP ABAP / Development,13.0,12+ years,Bangalore,Bengaluru
SAP-SEED-00483,SAP S4HANA_Presales,SAP Sales / SD,13.8,12+ years,Hyderabad,Hyderabad
SAP-SEED-00484,SAP S4HANA_Presales,SAP Sales / SD,15.0,12+ years,Bangalore,Bengaluru
SAP-SEED-00485,SAP S4HANA_Presales,SAP Sales / SD,14.0,12+ years,Gurugram,Gurugram
SAP-SEED-00486,SAP S4HANA_Presales,SAP Sales / SD,16.0,12+ years,Hyderabad,Hyderabad
SAP-SEED-00487,SAP S4HANA_Presales,SAP Sales / SD,15.0,12+ years,Bangalore,Bengaluru
SAP-SEED-00488,SAP S4HANA_Presales,SAP Sales / SD,13.0,12+ years,Bangalore,Bengaluru
SAP-SEED-00489,SAP S4HANA_Presales,SAP Sales / SD,16.7,12+ years,Bangalore,Bengaluru
SAP-SEED-00490,SAP S4HANA_Presales,SAP Sales / SD,18.0,12+ years,Gurugram,Gurugram
SAP-SEED-00491,SAP S4HANA_Presales,SAP Sales / SD,16.0,12+ years,Jaipur,Jaipur
SAP-SEED-00492,SAP S4HANA_Presales,SAP Sales / SD,16.0,12+ years,,Unknown
SAP-SEED-00493,OCM consultant,Non-SAP / Ambiguous,13.0,12+ years,Hyderabad,Hyderabad
SAP-SEED-00494,OCM consultant,Non-SAP / Ambiguous,13.9,12+ years,Hyderabad,Hyderabad
SAP-SEED-00495,OCM consultant,Non-SAP / Ambiguous,9.0,8–11 years,Hyderabad,Hyderabad
SAP-SEED-00496,OCM consultant,Non-SAP / Ambiguous,14.0,12+ years,Noida,Noida
SAP-SEED-00497,OCM consultant,Non-SAP / Ambiguous,17.0,12+ years,Delhi,Delhi
SAP-SEED-00498,OCM consultant,Non-SAP / Ambiguous,12.0,12+ years,Pune,Pune
SAP-SEED-00499,OCM consultant,Non-SAP / Ambiguous,6.5,5–7 years,Hyderabad,Hyderabad
SAP-SEED-00500,OCM consultant,Non-SAP / Ambiguous,11.0,8–11 years,Pune,Pune
SAP-SEED-00501,OCM consultant,Non-SAP / Ambiguous,6.5,5–7 years,Bangalore,Bengaluru
SAP-SEED-00502,OCM consultant,Non-SAP / Ambiguous,9.5,8–11 years,Hyderabad,Hyderabad
SAP-SEED-00503,SAP ABAP ODATA CDS,SAP ABAP / Development,8.5,8–11 years,Bangalore,Bengaluru
SAP-SEED-00504,SAP ABAP ODATA CDS,SAP ABAP / Development,,Unknown / Needs enrichment,Bangalore,Bengaluru
SAP-SEED-00505,SAP ABAP(TOYOTA),SAP ABAP / Development,10.0,8–11 years,Bangalore,Bengaluru
SAP-SEED-00506,SAP ABAP(TOYOTA),SAP ABAP / Development,9.0,8–11 years,Bangalore,Bengaluru
SAP-SEED-00507,SAP ABAP(TOYOTA),SAP ABAP / Development,8.9,8–11 years,Hyderabad,Hyderabad
SAP-SEED-00508,SAP HCM TM,SAP HCM / SuccessFactors,18.0,12+ years,Navi Mumbai,Mumbai
SAP-SEED-00509,SAP HCM TM,SAP HCM / SuccessFactors,5.0,5–7 years,Pune,Pune
SAP-SEED-00510,SAP HCM TM,SAP HCM / SuccessFactors,8.0,8–11 years,Mumbai,Mumbai
SAP-SEED-00511,SAP HCM TM,SAP HCM / SuccessFactors,8.0,8–11 years,Mumbai,Mumbai
SAP-SEED-00512,SAP HCM TM,SAP HCM / SuccessFactors,8.0,8–11 years,Bhubneswar,Bhubneswar
SAP-SEED-00513,SAP HCM TM,SAP HCM / SuccessFactors,7.0,5–7 years,Bangalore,Bengaluru
SAP-SEED-00514,SAP HCM TM,SAP HCM / SuccessFactors,8.0,8–11 years,Hyderabad,Hyderabad
SAP-SEED-00515,SAP HCM TM,SAP HCM / SuccessFactors,15.0,12+ years,Mumbai,Mumbai
SAP-SEED-00516,SAP HCM TM,SAP HCM / SuccessFactors,5.6,5–7 years,Bangalore,Bengaluru
SAP-SEED-00517,SAP HCM TM,SAP HCM / SuccessFactors,4.3,3–4 years,Noida,Noida
SAP-SEED-00518,SAP HCM TM,SAP HCM / SuccessFactors,3.0,3–4 years,Mumbai,Mumbai
SAP-SEED-00519,SAP ABAP WORKFLOW,SAP ABAP / Development,13.0,12+ years,Chennai,Chennai
SAP-SEED-00520,SAP IBP TS,SAP General / Consulting,20.0,12+ years,WFH,WFH
SAP-SEED-00521,SAP ABAP ODATA CDS,SAP ABAP / Development,12.5,12+ years,Bangalore,Bengaluru
SAP-SEED-00522,SAP ABAP ODATA CDS,SAP ABAP / Development,9.0,8–11 years,Bangalore,Bengaluru
SAP-SEED-00523,SAP ABAP ODATA CDS,SAP ABAP / Development,11.9,8–11 years,Gujarat,Gujarat
SAP-SEED-00524,SAP ABAP ODATA CDS,SAP ABAP / Development,9.0,8–11 years,Noida,Noida
SAP-SEED-00525,SAP ABAP ODATA CDS,SAP ABAP / Development,11.0,8–11 years,Hyderabad,Hyderabad
SAP-SEED-00526,SAP ABAP ODATA CDS,SAP ABAP / Development,11.0,8–11 years,Mumbai,Mumbai
SAP-SEED-00527,SAP ABAP ODATA CDS,SAP ABAP / Development,6.0,5–7 years,Mumbai,Mumbai
SAP-SEED-00528,SAP ABAP ODATA CDS,SAP ABAP / Development,8.0,8–11 years,Surat,Surat
SAP-SEED-00529,SAP ABAP ODATA CDS,SAP ABAP / Development,8.0,8–11 years,Gurugram,Gurugram
SAP-SEED-00530,SAP ABAP ODATA CDS,SAP ABAP / Development,8.0,8–11 years,Delhi,Delhi
SAP-SEED-00531,SAP ABAP ODATA CDS,SAP ABAP / Development,8.9,8–11 years,Pondicherry,Pondicherry
SAP-SEED-00532,SAP ABAP + Interfaces,SAP ABAP / Development,4.0,3–4 years,Bangalore,Bengaluru
SAP-SEED-00533,SAP ABAP + Interfaces,SAP ABAP / Development,4.5,3–4 years,Bangalore,Bengaluru
SAP-SEED-00534,SAP ABAP + Interfaces,SAP ABAP / Development,4.0,3–4 years,Hyderabad,Hyderabad
SAP-SEED-00535,SAP SuccessFactors,SAP HCM / SuccessFactors,3.1,3–4 years,New Delhi,Delhi
SAP-SEED-00536,SAP SuccessFactors,SAP HCM / SuccessFactors,2.5,3–4 years,Pune,Pune
SAP-SEED-00537,SAP SuccessFactors,SAP HCM / SuccessFactors,2.0,3–4 years,Bangalore,Bengaluru
SAP-SEED-00538,SAP SuccessFactors,SAP HCM / SuccessFactors,3.0,3–4 years,kolkata,Kolkata
SAP-SEED-00539,SAP SuccessFactors,SAP HCM / SuccessFactors,3.0,3–4 years,Bangalore,Bengaluru
SAP-SEED-00540,SAP SuccessFactors,SAP HCM / SuccessFactors,4.0,3–4 years,Pune,Pune
SAP-SEED-00541,SAP SuccessFactors,SAP HCM / SuccessFactors,3.8,3–4 years,Guntakal,Guntakal
SAP-SEED-00542,SAP SuccessFactors,SAP HCM / SuccessFactors,3.7,3–4 years,Mumbai,Mumbai
SAP-SEED-00543,SAP SuccessFactors,SAP HCM / SuccessFactors,5.5,5–7 years,Mumbai,Mumbai
SAP-SEED-00544,SAP SuccessFactors,SAP HCM / SuccessFactors,2.0,3–4 years,Pune,Pune
SAP-SEED-00545,SAP SuccessFactors,SAP HCM / SuccessFactors,3.2,3–4 years,Hyderabad,Hyderabad
SAP-SEED-00546,SAP SuccessFactors,SAP HCM / SuccessFactors,3.0,3–4 years,Pune,Pune
SAP-SEED-00547,SAP SuccessFactors,SAP HCM / SuccessFactors,3.0,3–4 years,Gurugram,Gurugram
SAP-SEED-00548,SAP SuccessFactors,SAP HCM / SuccessFactors,3.8,3–4 years,Pune,Pune
SAP-SEED-00549,SAP SuccessFactors,SAP HCM / SuccessFactors,3.4,3–4 years,Indore,Indore
SAP-SEED-00550,SAP SuccessFactors,SAP HCM / SuccessFactors,4.5,3–4 years,Mumbai,Mumbai
SAP-SEED-00551,SAP EWM,SAP Warehouse / EWM,13.0,12+ years,,Unknown
SAP-SEED-00552,SAP EWM,SAP Warehouse / EWM,14.0,12+ years,Jaipur,Jaipur
SAP-SEED-00553,SAP EWM,SAP Warehouse / EWM,11.0,8–11 years,Bangalore,Bengaluru
SAP-SEED-00554,SAP EWM,SAP Warehouse / EWM,16.0,12+ years,Hyderabad,Hyderabad
SAP-SEED-00555,SAP EWM,SAP Warehouse / EWM,16.0,12+ years,Bhubneswar,Bhubneswar
SAP-SEED-00556,SAP TM+ABAP+BOPF,SAP ABAP / Development,14.0,12+ years,Sigma,Sigma
SAP-SEED-00557,SAP TM+ABAP+BOPF,SAP ABAP / Development,14.0,12+ years,Sigma,Sigma
SAP-SEED-00558,SAP TM+ABAP+BOPF,SAP ABAP / Development,13.0,12+ years,Sigma,Sigma
SAP-SEED-00559,SAP TM+ABAP+BOPF,SAP ABAP / Development,12.0,12+ years,Sigma,Sigma
SAP-SEED-00560,SAP TM+ABAP+BOPF,SAP ABAP / Development,12.0,12+ years,Sigma,Sigma
SAP-SEED-00561,SAP BTP CAPM,SAP BTP / Cloud,6.0,5–7 years,1.80 LPM,1.80 LPM
SAP-SEED-00562,SAP BTP CAPM,SAP BTP / Cloud,8.0,8–11 years,1.4LPM,1.4LPM
SAP-SEED-00563,SAP BTP CAPM,SAP BTP / Cloud,10.8,8–11 years,Sagar Karkera,Sagar Karkera
SAP-SEED-00564,SAP BTP CAPM,SAP BTP / Cloud,9.0,8–11 years,1.4LPM,1.4LPM
SAP-SEED-00565,RPA,Non-SAP / Ambiguous,6.0,5–7 years,1.10LPM,1.10LPM
SAP-SEED-00566,RPA,Non-SAP / Ambiguous,7.0,5–7 years,1.10LPM,1.10LPM
SAP-SEED-00567,RPA,Non-SAP / Ambiguous,8.0,8–11 years,1.10LPM,1.10LPM
SAP-SEED-00568,RPA,Non-SAP / Ambiguous,6.0,5–7 years,1 LPM,1 LPM
SAP-SEED-00569,RPA,Non-SAP / Ambiguous,12.0,12+ years,1 LPM,1 LPM
SAP-SEED-00570,RPA,Non-SAP / Ambiguous,7.0,5–7 years,1 LPM,1 LPM
SAP-SEED-00571,RPA,Non-SAP / Ambiguous,6.0,5–7 years,80K LPM,80K LPM
SAP-SEED-00572,RPA,Non-SAP / Ambiguous,6.0,5–7 years,1 LPM,1 LPM
SAP-SEED-00573,RPA,Non-SAP / Ambiguous,6.0,5–7 years,1 LPM,1 LPM
SAP-SEED-00574,SAP Fiori,SAP UX / UI5 / Fiori,7.0,5–7 years,70k,70k
SAP-SEED-00575,SAP Fiori,SAP UX / UI5 / Fiori,10.0,8–11 years,1.2 LPM,1.2 LPM
SAP-SEED-00576,SAP Fiori,SAP UX / UI5 / Fiori,11.0,8–11 years,1.4 LPM,1.4 LPM
SAP-SEED-00577,SAP ABAP Fullstack,SAP ABAP / Development,13.0,12+ years,1.80 lpm,1.80 lpm
SAP-SEED-00578,SAP ABAP Fullstack,SAP ABAP / Development,11.0,8–11 years,1.50 LPM,1.50 LPM
SAP-SEED-00579,SAP ABAP Fullstack,SAP ABAP / Development,16.0,12+ years,1.60 LPM,1.60 LPM
SAP-SEED-00580,SAP ABAP Fullstack,SAP ABAP / Development,11.0,8–11 years,2LPM,2LPM
SAP-SEED-00581,APO SNP,SAP Integration / CPI,5.0,5–7 years,60K,60K
SAP-SEED-00582,APO SNP,SAP Integration / CPI,4.2,3–4 years,50K,50K
SAP-SEED-00583,APO SNP,SAP Integration / CPI,4.5,3–4 years,80000,80000
SAP-SEED-00584,APO SNP,SAP Integration / CPI,13.0,12+ years,1.5 LPM,1.5 LPM
SAP-SEED-00585,APO SNP,SAP Integration / CPI,7.0,5–7 years,1.5,1.5
SAP-SEED-00586,SAP APO DP,SAP Integration / CPI,10.0,8–11 years,Hyderabad,Hyderabad
SAP-SEED-00587,SAP APO DP,SAP Integration / CPI,17.0,12+ years,Hyderabad,Hyderabad
SAP-SEED-00588,SAP APO DP,SAP Integration / CPI,12.0,12+ years,Hyderabad,Hyderabad
SAP-SEED-00589,SAP APO DP,SAP Integration / CPI,10.0,8–11 years,Kolkata,Kolkata
SAP-SEED-00590,ABAP RAP,SAP ABAP / Development,8.0,8–11 years,Bangalore,Bengaluru
SAP-SEED-00591,ABAP RAP,SAP ABAP / Development,8.0,8–11 years,Bangalore,Bengaluru
SAP-SEED-00592,ABAP RAP,SAP ABAP / Development,13.0,12+ years,Pune,Pune
SAP-SEED-00593,ABAP RAP,SAP ABAP / Development,6.6,5–7 years,Bangalore,Bengaluru
SAP-SEED-00594,ABAP RAP,SAP ABAP / Development,3.0,3–4 years,Bangalore,Bengaluru
SAP-SEED-00595,ABAP RAP,SAP ABAP / Development,3.5,3–4 years,Vijyawada,Vijyawada
SAP-SEED-00596,ABAP RAP,SAP ABAP / Development,4.5,3–4 years,Hyderabad,Hyderabad
SAP-SEED-00597,ABAP RAP,SAP ABAP / Development,3.8,3–4 years,Kolkata,Kolkata
SAP-SEED-00598,ABAP RAP,SAP ABAP / Development,4.0,3–4 years,Hyderabad,Hyderabad
SAP-SEED-00599,APO ABAP IBP,SAP ABAP / Development,16.0,12+ years,1.80LPM,1.80LPM
SAP-SEED-00600,SAP ABAP+CDS,SAP ABAP / Development,15.0,12+ years,Hyderabad,Hyderabad
SAP-SEED-00601,SAP ABAP+CDS,SAP ABAP / Development,15.0,12+ years,Navi Mumbai,Mumbai
SAP-SEED-00602,SAP ABAP+CDS,SAP ABAP / Development,6.0,5–7 years,Gurugram,Gurugram
SAP-SEED-00603,SAP ABAP+CDS,SAP ABAP / Development,6.4,5–7 years,Mumbai,Mumbai
SAP-SEED-00604,SAP ABAP+CDS,SAP ABAP / Development,16.0,12+ years,Mumbai,Mumbai
SAP-SEED-00605,SAP ABAP+CDS,SAP ABAP / Development,7.0,5–7 years,Pune,Pune
SAP-SEED-00606,SAP ABAP+CDS,SAP ABAP / Development,5.2,5–7 years,Hyderabad,Hyderabad
SAP-SEED-00607,SAP ABAP+CDS,SAP ABAP / Development,6.0,5–7 years,Navi Mumbai,Mumbai
SAP-SEED-00608,GATP,Non-SAP / Ambiguous,18.0,12+ years,Madurai,Madurai
SAP-SEED-00609,SAP,SAP General / Consulting,12.6,12+ years,Gujarat,Gujarat
SAP-SEED-00610,GATP,Non-SAP / Ambiguous,13.6,12+ years,Kolkata,Kolkata
SAP-SEED-00611,GATP,Non-SAP / Ambiguous,19.0,12+ years,Hyderabad,Hyderabad
SAP-SEED-00612,GATP,Non-SAP / Ambiguous,13.0,12+ years,Coimbatore,Coimbatore
SAP-SEED-00613,SAP PPDS,SAP General / Consulting,14.0,12+ years,2,2
SAP-SEED-00614,SAP PPDS,SAP General / Consulting,17.0,12+ years,Ahmedabad,Ahmedabad
SAP-SEED-00615,SAP PPDS,SAP General / Consulting,20.0,12+ years,Bangalore,Bengaluru
SAP-SEED-00616,SAP PPDS,SAP General / Consulting,18.0,12+ years,1.70 LPM,1.70 LPM
SAP-SEED-00617,SAP PPDS,SAP General / Consulting,20.0,12+ years,Bangalore,Bengaluru
SAP-SEED-00618,SAP PPDS,SAP General / Consulting,9.0,8–11 years,Chennai,Chennai
SAP-SEED-00619,SAP PPDS,SAP General / Consulting,9.4,8–11 years,Pune,Pune
SAP-SEED-00620,SAP PPDS,SAP General / Consulting,25.0,12+ years,Mumbai,Mumbai
SAP-SEED-00621,SAP MDG,SAP General / Consulting,9.0,8–11 years,1.8,1.8
SAP-SEED-00622,SAP MDG,SAP General / Consulting,7.0,5–7 years,1.3,1.3
SAP-SEED-00623,SAP MDG,SAP General / Consulting,9.0,8–11 years,1.5,1.5
SAP-SEED-00624,SAP MDG,SAP General / Consulting,8.0,8–11 years,1.8,1.8
SAP-SEED-00625,SAP MDG,SAP General / Consulting,10.0,8–11 years,1.5,1.5
SAP-SEED-00626,SAP MDG,SAP General / Consulting,10.0,8–11 years,1.1,1.1
SAP-SEED-00627,SAP MDG,SAP General / Consulting,9.0,8–11 years,2,2
SAP-SEED-00628,SAP MDG,SAP General / Consulting,7.5,5–7 years,1.8,1.8
SAP-SEED-00629,SAP MDG,SAP General / Consulting,7.4,5–7 years,1.90LPM,1.90LPM
SAP-SEED-00630,SAP MDG,SAP General / Consulting,10.0,8–11 years,1.80LPM,1.80LPM
SAP-SEED-00631,SAP IBP DP,SAP General / Consulting,9.4,8–11 years,Delhi,Delhi
SAP-SEED-00632,SAP IBP DP,SAP General / Consulting,10.0,8–11 years,Bangalore,Bengaluru
SAP-SEED-00633,SAP IBP DP,SAP General / Consulting,18.0,12+ years,Delhi,Delhi
SAP-SEED-00634,SAP IBP DP,SAP General / Consulting,12.0,12+ years,Hyderabad,Hyderabad
SAP-SEED-00635,SAP IBP DP,SAP General / Consulting,20.0,12+ years,Gujarat,Gujarat
SAP-SEED-00636,SAP HCM,SAP HCM / SuccessFactors,10.0,8–11 years,Mumbai,Mumbai
SAP-SEED-00637,SAP HCM,SAP HCM / SuccessFactors,7.0,5–7 years,Mumbai,Mumbai
SAP-SEED-00638,SAP HCM,SAP HCM / SuccessFactors,6.0,5–7 years,Pune,Pune
SAP-SEED-00639,SAP HCM,SAP HCM / SuccessFactors,7.0,5–7 years,Delhi,Delhi
SAP-SEED-00640,SAP HCM,SAP HCM / SuccessFactors,7.0,5–7 years,Bhubaneswar,Bhubaneswar
SAP-SEED-00641,SAP HCM,SAP HCM / SuccessFactors,5.0,5–7 years,Chennai,Chennai
SAP-SEED-00642,SAP HCM,SAP HCM / SuccessFactors,9.0,8–11 years,Mumbai,Mumbai
SAP-SEED-00643,SAP SD CCM,SAP Sales / SD,10.0,8–11 years,,Unknown
SAP-SEED-00644,SAP SD CCM,SAP Sales / SD,13.0,12+ years,,Unknown
SAP-SEED-00645,SAP SD CCM,SAP Sales / SD,19.0,12+ years,,Unknown
SAP-SEED-00646,SAP SD CCM,SAP Sales / SD,11.0,8–11 years,,Unknown
SAP-SEED-00647,SAP SD CCM,SAP Sales / SD,13.0,12+ years,,Unknown
SAP-SEED-00648,SAP SD CCM,SAP Sales / SD,11.0,8–11 years,,Unknown
SAP-SEED-00649,SAP IBP DP,SAP General / Consulting,10.0,8–11 years,,Unknown
SAP-SEED-00650,SAP IBP DP,SAP General / Consulting,15.0,12+ years,,Unknown
SAP-SEED-00651,SAP IBP DP,SAP General / Consulting,10.0,8–11 years,,Unknown
SAP-SEED-00652,SAP IBP DP,SAP General / Consulting,8.0,8–11 years,,Unknown
SAP-SEED-00653,SAP IBP DP,SAP General / Consulting,9.0,8–11 years,,Unknown
SAP-SEED-00654,SAP IBP DP,SAP General / Consulting,19.0,12+ years,,Unknown
SAP-SEED-00655,SAP IBP DP,SAP General / Consulting,16.0,12+ years,,Unknown
SAP-SEED-00656,SAP IBP DP,SAP General / Consulting,8.0,8–11 years,,Unknown
SAP-SEED-00657,SAP IBP DP,SAP General / Consulting,10.0,8–11 years,,Unknown
SAP-SEED-00658,SAP IBP DP,SAP General / Consulting,8.0,8–11 years,,Unknown
SAP-SEED-00659,SAP IBP DP,SAP General / Consulting,14.0,12+ years,,Unknown
SAP-SEED-00660,SAP IBP DP,SAP General / Consulting,8.0,8–11 years,,Unknown
SAP-SEED-00661,SAP IBP DP,SAP General / Consulting,9.0,8–11 years,,Unknown
SAP-SEED-00662,SAP FI,SAP Finance / FICO,7.8,5–7 years,,Unknown
SAP-SEED-00663,SAP FI,SAP Finance / FICO,5.0,5–7 years,,Unknown
SAP-SEED-00664,SAP FI,SAP Finance / FICO,7.0,5–7 years,,Unknown
SAP-SEED-00665,SAP FI,SAP Finance / FICO,7.0,5–7 years,,Unknown
SAP-SEED-00666,SAP ABAP HR,SAP ABAP / Development,5.0,5–7 years,,Unknown
SAP-SEED-00667,SAP SOLMAN,SAP General / Consulting,6.0,5–7 years,,Unknown
SAP-SEED-00668,SAP SOLMAN,SAP General / Consulting,5.0,5–7 years,,Unknown
SAP-SEED-00669,SAP SOLMAN,SAP General / Consulting,5.0,5–7 years,,Unknown
SAP-SEED-00670,SAP CO,SAP Finance / FICO,12.0,12+ years,,Unknown
SAP-SEED-00671,SAP Basis (FTH),SAP Basis / Administration,7.0,5–7 years,,Unknown
SAP-SEED-00672,SAP Basis,SAP Basis / Administration,6.0,5–7 years,,Unknown
SAP-SEED-00673,SAP Basis,SAP Basis / Administration,5.0,5–7 years,,Unknown
SAP-SEED-00674,SAP Basis,SAP Basis / Administration,6.0,5–7 years,,Unknown
SAP-SEED-00675,SAP Basis,SAP Basis / Administration,8.0,8–11 years,,Unknown
SAP-SEED-00676,SAP Basis,SAP Basis / Administration,7.0,5–7 years,,Unknown
SAP-SEED-00677,SAP Basis,SAP Basis / Administration,20.0,12+ years,,Unknown
SAP-SEED-00678,SAP Basis,SAP Basis / Administration,10.0,8–11 years,,Unknown
SAP-SEED-00679,SAP Basis,SAP Basis / Administration,9.0,8–11 years,,Unknown
SAP-SEED-00680,SAP Basis,SAP Basis / Administration,6.0,5–7 years,,Unknown
SAP-SEED-00681,SAP Basis,SAP Basis / Administration,6.0,5–7 years,,Unknown
SAP-SEED-00682,SAP Basis,SAP Basis / Administration,6.0,5–7 years,,Unknown
SAP-SEED-00683,SAP Basis,SAP Basis / Administration,5.0,5–7 years,,Unknown
SAP-SEED-00684,SAP Basis,SAP Basis / Administration,6.3,5–7 years,,Unknown
SAP-SEED-00685,SAP Basis,SAP Basis / Administration,6.0,5–7 years,,Unknown
SAP-SEED-00686,SAP CO,SAP Finance / FICO,7.0,5–7 years,,Unknown
SAP-SEED-00687,SAP AATP,SAP General / Consulting,7.5,5–7 years,,Unknown
SAP-SEED-00688,SAP GATP,SAP General / Consulting,10.0,8–11 years,,Unknown
SAP-SEED-00689,SAP AATP,SAP General / Consulting,18.0,12+ years,,Unknown
SAP-SEED-00690,SAP GATP,SAP General / Consulting,17.0,12+ years,,Unknown
SAP-SEED-00691,SAP AATP,SAP General / Consulting,13.0,12+ years,,Unknown
SAP-SEED-00692,SAP AATP,SAP General / Consulting,7.0,5–7 years,,Unknown
SAP-SEED-00693,SAP GATP,SAP General / Consulting,7.0,5–7 years,,Unknown
SAP-SEED-00694,SAP GATP,SAP General / Consulting,7.0,5–7 years,,Unknown
SAP-SEED-00695,SAP GATP,SAP General / Consulting,7.0,5–7 years,,Unknown
SAP-SEED-00696,SAP IBP OBP,SAP General / Consulting,8.0,8–11 years,,Unknown
SAP-SEED-00697,SAP IBP OBP,SAP General / Consulting,6.0,5–7 years,,Unknown
SAP-SEED-00698,SAP IBP OBP,SAP General / Consulting,4.0,3–4 years,,Unknown
SAP-SEED-00699,SAP IBP OBP,SAP General / Consulting,7.0,5–7 years,,Unknown
SAP-SEED-00700,SAP IBP OBP,SAP General / Consulting,8.0,8–11 years,,Unknown
SAP-SEED-00701,SAP IBP OBP,SAP General / Consulting,6.0,5–7 years,,Unknown
SAP-SEED-00702,SAP IBP-IO,SAP General / Consulting,7.0,5–7 years,,Unknown
SAP-SEED-00703,SAP IBP-IO,SAP General / Consulting,4.0,3–4 years,,Unknown
SAP-SEED-00704,SAP IBP-IO,SAP General / Consulting,5.0,5–7 years,,Unknown
SAP-SEED-00705,SAP IBP-IO,SAP General / Consulting,9.0,8–11 years,,Unknown
SAP-SEED-00706,SAP IBP-IO,SAP General / Consulting,3.0,3–4 years,,Unknown
SAP-SEED-00707,SAP IBP,SAP General / Consulting,5.0,5–7 years,,Unknown
SAP-SEED-00708,SAP IBP,SAP General / Consulting,8.0,8–11 years,Pune,Pune
SAP-SEED-00709,SAP IBP,SAP General / Consulting,2.0,3–4 years,Hyderabad,Hyderabad
SAP-SEED-00710,SAP IBP,SAP General / Consulting,9.0,8–11 years,Pune,Pune
SAP-SEED-00711,SAP IBP,SAP General / Consulting,5.0,5–7 years,Bengaluru,Bengaluru
SAP-SEED-00712,SAP IBP,SAP General / Consulting,8.0,8–11 years,Bangalore,Bengaluru
SAP-SEED-00713,APO SNP,SAP Integration / CPI,6.7,5–7 years,Bangalore,Bengaluru
SAP-SEED-00714,APO SNP,SAP Integration / CPI,12.0,12+ years,,Unknown
SAP-SEED-00715,APO SNP,SAP Integration / CPI,12.0,12+ years,,Unknown
SAP-SEED-00716,APO SNP,SAP Integration / CPI,9.0,8–11 years,,Unknown
SAP-SEED-00717,APO SNP,SAP Integration / CPI,4.0,3–4 years,,Unknown
SAP-SEED-00718,APO SNP,SAP Integration / CPI,10.0,8–11 years,,Unknown
SAP-SEED-00719,APO SNP,SAP Integration / CPI,5.6,5–7 years,,Unknown
SAP-SEED-00720,APO SNP,SAP Integration / CPI,5.0,5–7 years,,Unknown
SAP-SEED-00721,APO SNP,SAP Integration / CPI,4.0,3–4 years,,Unknown
SAP-SEED-00722,APO SNP,SAP Integration / CPI,8.0,8–11 years,,Unknown
SAP-SEED-00723,APO SNP,SAP Integration / CPI,7.0,5–7 years,,Unknown
SAP-SEED-00724,APO SNP,SAP Integration / CPI,6.0,5–7 years,,Unknown
SAP-SEED-00725,APO SNP,SAP Integration / CPI,,Unknown / Needs enrichment,,Unknown
SAP-SEED-00726,APO SNP,SAP Integration / CPI,4.0,3–4 years,,Unknown
SAP-SEED-00727,APO SNP,SAP Integration / CPI,5.0,5–7 years,,Unknown
SAP-SEED-00728,APO SNP,SAP Integration / CPI,7.0,5–7 years,,Unknown
SAP-SEED-00729,APO SNP,SAP Integration / CPI,6.8,5–7 years,,Unknown
SAP-SEED-00730,APO SNP,SAP Integration / CPI,7.0,5–7 years,,Unknown
SAP-SEED-00731,APO SNP,SAP Integration / CPI,7.0,5–7 years,,Unknown
SAP-SEED-00732,SAP iRPA,SAP General / Consulting,5.0,5–7 years,,Unknown
SAP-SEED-00733,SAP iRPA,SAP General / Consulting,7.0,5–7 years,,Unknown
SAP-SEED-00734,SAP iRPA,SAP General / Consulting,6.0,5–7 years,,Unknown
SAP-SEED-00735,SAP SD,SAP Sales / SD,8.0,8–11 years,,Unknown
SAP-SEED-00736,SAP SD,SAP Sales / SD,8.4,8–11 years,,Unknown
SAP-SEED-00737,SAP SD,SAP Sales / SD,6.2,5–7 years,,Unknown
SAP-SEED-00738,SAP SD,SAP Sales / SD,12.0,12+ years,,Unknown
SAP-SEED-00739,SAP SD,SAP Sales / SD,5.7,5–7 years,,Unknown
SAP-SEED-00740,SAP SD,SAP Sales / SD,6.2,5–7 years,,Unknown
SAP-SEED-00741,SAP SD,SAP Sales / SD,4.1,3–4 years,,Unknown
SAP-SEED-00742,SAP SD,SAP Sales / SD,5.2,5–7 years,,Unknown
SAP-SEED-00743,SAP SD,SAP Sales / SD,,Unknown / Needs enrichment,Bangalore,Bengaluru
SAP-SEED-00744,SAP SD,SAP Sales / SD,6.0,5–7 years,,Unknown
SAP-SEED-00745,SAP SD,SAP Sales / SD,6.5,5–7 years,,Unknown
SAP-SEED-00746,SAP SD,SAP Sales / SD,5.5,5–7 years,,Unknown
SAP-SEED-00747,SAP SD,SAP Sales / SD,5.0,5–7 years,,Unknown
SAP-SEED-00748,SAP SD,SAP Sales / SD,6.8,5–7 years,,Unknown
SAP-SEED-00749,SAP SD,SAP Sales / SD,6.7,5–7 years,,Unknown
SAP-SEED-00750,SAP SD,SAP Sales / SD,9.1,8–11 years,,Unknown
SAP-SEED-00751,SAP SD,SAP Sales / SD,5.0,5–7 years,,Unknown
SAP-SEED-00752,SAP SD,SAP Sales / SD,5.0,5–7 years,,Unknown
SAP-SEED-00753,SAP SD,SAP Sales / SD,10.0,8–11 years,,Unknown
SAP-SEED-00754,SAP SD,SAP Sales / SD,7.4,5–7 years,,Unknown
SAP-SEED-00755,SAP SD,SAP Sales / SD,12.0,12+ years,,Unknown
SAP-SEED-00756,SAP SD,SAP Sales / SD,8.0,8–11 years,,Unknown
SAP-SEED-00757,SAP SD,SAP Sales / SD,15.0,12+ years,,Unknown
SAP-SEED-00758,SAP SD,SAP Sales / SD,6.0,5–7 years,,Unknown
SAP-SEED-00759,SAP SD,SAP Sales / SD,6.0,5–7 years,,Unknown
SAP-SEED-00760,SAP SD,SAP Sales / SD,6.3,5–7 years,,Unknown
SAP-SEED-00761,SAP WM,SAP Warehouse / EWM,19.0,12+ years,,Unknown
SAP-SEED-00762,SAP WM,SAP Warehouse / EWM,7.5,5–7 years,,Unknown
SAP-SEED-00763,SAP WM,SAP Warehouse / EWM,11.0,8–11 years,,Unknown
SAP-SEED-00764,SAP WM,SAP Warehouse / EWM,7.5,5–7 years,,Unknown
SAP-SEED-00765,SAP WM,SAP Warehouse / EWM,6.6,5–7 years,,Unknown
SAP-SEED-00766,SAP WM,SAP Warehouse / EWM,5.0,5–7 years,,Unknown
SAP-SEED-00767,SAP WM,SAP Warehouse / EWM,5.0,5–7 years,,Unknown
SAP-SEED-00768,SAP WM,SAP Warehouse / EWM,4.4,3–4 years,,Unknown
SAP-SEED-00769,SAP WM,SAP Warehouse / EWM,7.0,5–7 years,,Unknown
SAP-SEED-00770,SAP WM,SAP Warehouse / EWM,5.0,5–7 years,,Unknown
SAP-SEED-00771,SAP WM,SAP Warehouse / EWM,9.0,8–11 years,,Unknown
SAP-SEED-00772,SAP WM,SAP Warehouse / EWM,5.3,5–7 years,,Unknown
SAP-SEED-00773,SAP MM,SAP Procurement / MM,10.0,8–11 years,,Unknown
SAP-SEED-00774,SAP MM,SAP Procurement / MM,10.0,8–11 years,,Unknown
SAP-SEED-00775,SAP MM,SAP Procurement / MM,10.0,8–11 years,,Unknown
SAP-SEED-00776,SAP MM,SAP Procurement / MM,11.0,8–11 years,,Unknown
SAP-SEED-00777,SAP MM,SAP Procurement / MM,14.0,12+ years,,Unknown
SAP-SEED-00778,SAP MM,SAP Procurement / MM,5.0,5–7 years,,Unknown
SAP-SEED-00779,SAP MM,SAP Procurement / MM,11.0,8–11 years,,Unknown
SAP-SEED-00780,SAP MM,SAP Procurement / MM,16.0,12+ years,,Unknown
SAP-SEED-00781,SAP MM,SAP Procurement / MM,5.0,5–7 years,,Unknown
SAP-SEED-00782,SAP MM,SAP Procurement / MM,8.0,8–11 years,,Unknown
SAP-SEED-00783,SAP MM,SAP Procurement / MM,5.0,5–7 years,,Unknown
SAP-SEED-00784,SAP MM,SAP Procurement / MM,6.0,5–7 years,,Unknown
SAP-SEED-00785,SAP MM,SAP Procurement / MM,9.0,8–11 years,,Unknown
SAP-SEED-00786,SAP MM,SAP Procurement / MM,5.3,5–7 years,,Unknown
SAP-SEED-00787,SAP MM,SAP Procurement / MM,14.0,12+ years,,Unknown
SAP-SEED-00788,SAP MM,SAP Procurement / MM,6.6,5–7 years,,Unknown
SAP-SEED-00789,SAP CAP,SAP BTP / Cloud,4.0,3–4 years,,Unknown
SAP-SEED-00790,SAP CAP,SAP BTP / Cloud,3.0,3–4 years,,Unknown
SAP-SEED-00791,SAP CAP,SAP BTP / Cloud,4.0,3–4 years,,Unknown
SAP-SEED-00792,SAP CAP,SAP BTP / Cloud,3.0,3–4 years,,Unknown
SAP-SEED-00793,SAP CAP,SAP BTP / Cloud,5.0,5–7 years,,Unknown
SAP-SEED-00794,SAP CAP,SAP BTP / Cloud,6.0,5–7 years,,Unknown
SAP-SEED-00795,SAP CAP,SAP BTP / Cloud,6.0,5–7 years,,Unknown
SAP-SEED-00796,SAP CAP,SAP BTP / Cloud,3.0,3–4 years,,Unknown
SAP-SEED-00797,SAP CAP,SAP BTP / Cloud,12.0,12+ years,,Unknown
SAP-SEED-00798,SAP CAP,SAP BTP / Cloud,16.0,12+ years,,Unknown
SAP-SEED-00799,SAP CAP,SAP BTP / Cloud,6.5,5–7 years,,Unknown
SAP-SEED-00800,SAP ABAP+HANA,SAP ABAP / Development,7.9,5–7 years,,Unknown
SAP-SEED-00801,SAP ABAP+HANA,SAP ABAP / Development,7.0,5–7 years,,Unknown
SAP-SEED-00802,SAP ABAP+HANA,SAP ABAP / Development,6.0,5–7 years,,Unknown
SAP-SEED-00803,SAP ABAP+HANA,SAP ABAP / Development,6.0,5–7 years,,Unknown
SAP-SEED-00804,SAP ABAP+HANA,SAP ABAP / Development,6.0,5–7 years,,Unknown
SAP-SEED-00805,SAP ABAP+HANA,SAP ABAP / Development,7.0,5–7 years,,Unknown
SAP-SEED-00806,SAP ABAP+HANA,SAP ABAP / Development,5.5,5–7 years,,Unknown
SAP-SEED-00807,SAP ABAP+HANA,SAP ABAP / Development,5.1,5–7 years,,Unknown
SAP-SEED-00808,SAP ABAP+HANA,SAP ABAP / Development,5.5,5–7 years,,Unknown
SAP-SEED-00809,SAP ABAP+HANA,SAP ABAP / Development,7.0,5–7 years,,Unknown
SAP-SEED-00810,SAP ABAP+HANA,SAP ABAP / Development,7.0,5–7 years,,Unknown
SAP-SEED-00811,SAP ABAP+HANA,SAP ABAP / Development,14.0,12+ years,,Unknown
SAP-SEED-00812,SAP ABAP+HANA,SAP ABAP / Development,6.0,5–7 years,,Unknown
SAP-SEED-00813,SAP ABAP+HANA,SAP ABAP / Development,8.5,8–11 years,,Unknown
SAP-SEED-00814,SAP ABAP+HANA,SAP ABAP / Development,10.0,8–11 years,,Unknown
SAP-SEED-00815,SAP ABAP+HANA,SAP ABAP / Development,10.0,8–11 years,,Unknown
SAP-SEED-00816,SAP ABAP+HANA,SAP ABAP / Development,5.0,5–7 years,,Unknown
SAP-SEED-00817,SAP ABAP+HANA,SAP ABAP / Development,6.0,5–7 years,,Unknown
SAP-SEED-00818,SAP ABAP+HANA,SAP ABAP / Development,16.0,12+ years,,Unknown
SAP-SEED-00819,SAP ABAP+HANA,SAP ABAP / Development,13.0,12+ years,,Unknown
SAP-SEED-00820,SAP ABAP+HANA,SAP ABAP / Development,10.0,8–11 years,,Unknown
SAP-SEED-00821,SAP ABAP+HANA,SAP ABAP / Development,5.9,5–7 years,,Unknown
SAP-SEED-00822,SAP ABAP+HANA,SAP ABAP / Development,6.2,5–7 years,,Unknown
SAP-SEED-00823,SAP ABAP+HANA,SAP ABAP / Development,7.3,5–7 years,,Unknown
SAP-SEED-00824,SAP UI5,SAP UX / UI5 / Fiori,7.5,5–7 years,,Unknown
SAP-SEED-00825,SAP UI5,SAP UX / UI5 / Fiori,5.8,5–7 years,,Unknown
SAP-SEED-00826,SAP UI5,SAP UX / UI5 / Fiori,6.0,5–7 years,,Unknown
SAP-SEED-00827,SAP UI5,SAP UX / UI5 / Fiori,6.3,5–7 years,,Unknown
SAP-SEED-00828,SAP UI5,SAP UX / UI5 / Fiori,4.1,3–4 years,,Unknown
SAP-SEED-00829,SAP UI5,SAP UX / UI5 / Fiori,10.0,8–11 years,,Unknown
SAP-SEED-00830,SAP UI5,SAP UX / UI5 / Fiori,5.5,5–7 years,,Unknown
SAP-SEED-00831,SAP UI5,SAP UX / UI5 / Fiori,7.0,5–7 years,Bangalore,Bengaluru
SAP-SEED-00832,SAP UI5,SAP UX / UI5 / Fiori,3.0,3–4 years,,Unknown
SAP-SEED-00833,SAP UI5,SAP UX / UI5 / Fiori,4.0,3–4 years,,Unknown
SAP-SEED-00834,SAP UI5,SAP UX / UI5 / Fiori,10.0,8–11 years,,Unknown
SAP-SEED-00835,SAP UI5,SAP UX / UI5 / Fiori,7.0,5–7 years,,Unknown
SAP-SEED-00836,SAP UI5,SAP UX / UI5 / Fiori,5.7,5–7 years,,Unknown
SAP-SEED-00837,SAP UI5,SAP UX / UI5 / Fiori,5.0,5–7 years,,Unknown
SAP-SEED-00838,SAP UI5,SAP UX / UI5 / Fiori,5.1,5–7 years,,Unknown
SAP-SEED-00839,SAP UI5,SAP UX / UI5 / Fiori,5.0,5–7 years,,Unknown
SAP-SEED-00840,SAP UI5,SAP UX / UI5 / Fiori,3.0,3–4 years,,Unknown
SAP-SEED-00841,SAP PPDS,SAP General / Consulting,21.0,12+ years,Mumbai,Mumbai
SAP-SEED-00842,SAP PPDS,SAP General / Consulting,14.0,12+ years,Pune,Pune
SAP-SEED-00843,SAP PPDS,SAP General / Consulting,10.0,8–11 years,Bangalore,Bengaluru
SAP-SEED-00844,SAP PPDS,SAP General / Consulting,10.0,8–11 years,Bangalore,Bengaluru
SAP-SEED-00845,SAP IBP-IO,SAP General / Consulting,12.0,12+ years,Pune,Pune
SAP-SEED-00846,SAP IBP-IO,SAP General / Consulting,12.5,12+ years,Pune,Pune
SAP-SEED-00847,SAP BTP Workflow/RPA,SAP BTP / Cloud,4.2,3–4 years,New Delhi,Delhi
SAP-SEED-00848,SAP BTP+SAP Mobile Services,SAP BTP / Cloud,5.0,5–7 years,New Delhi,Delhi
SAP-SEED-00849,SAP Ariba,SAP General / Consulting,12.0,12+ years,Immedaite,Immedaite
SAP-SEED-00850,SAP Ariba,SAP General / Consulting,15.0,12+ years,Hyderabad,Hyderabad
SAP-SEED-00851,SAP Ariba,SAP General / Consulting,20.0,12+ years,Hyderabad,Hyderabad
SAP-SEED-00852,SAP Ariba,SAP General / Consulting,11.0,8–11 years,Hyderabad,Hyderabad
SAP-SEED-00853,SAP Ariba,SAP General / Consulting,13.5,12+ years,Pune,Pune
SAP-SEED-00854,SAP Ariba,SAP General / Consulting,18.0,12+ years,Bangalore,Bengaluru
SAP-SEED-00855,SAP Ariba,SAP General / Consulting,15.5,12+ years,Bangalore,Bengaluru
SAP-SEED-00856,Coupa Consultant,Non-SAP / Ambiguous,8.5,8–11 years,Bangalore,Bengaluru
SAP-SEED-00857,Coupa Consultant,Non-SAP / Ambiguous,8.0,8–11 years,Bangalore,Bengaluru
SAP-SEED-00858,Coupa Consultant,Non-SAP / Ambiguous,6.0,5–7 years,Bangalore,Bengaluru
SAP-SEED-00859,Coupa Consultant,Non-SAP / Ambiguous,7.1,5–7 years,Bangalore,Bengaluru
SAP-SEED-00860,Coupa Consultant,Non-SAP / Ambiguous,6.0,5–7 years,Bangalore,Bengaluru
SAP-SEED-00861,Coupa Consultant,Non-SAP / Ambiguous,5.0,5–7 years,Bangalore,Bengaluru
SAP-SEED-00862,Coupa Consultant,Non-SAP / Ambiguous,7.0,5–7 years,Bangalore,Bengaluru
SAP-SEED-00863,Coupa Consultant,Non-SAP / Ambiguous,8.2,8–11 years,Bangalore,Bengaluru
SAP-SEED-00864,SAP CI -IBP,SAP General / Consulting,3.7,3–4 years,Bangalore,Bengaluru
SAP-SEED-00865,SAP CI -IBP,SAP General / Consulting,2.4,3–4 years,Bangalore,Bengaluru
SAP-SEED-00866,SAP APO DP,SAP Integration / CPI,13.0,12+ years,,Unknown
SAP-SEED-00867,SAP APO DP,SAP Integration / CPI,8.4,8–11 years,,Unknown
SAP-SEED-00868,SAP APO DP,SAP Integration / CPI,14.0,12+ years,,Unknown
SAP-SEED-00869,SAP APO DP,SAP Integration / CPI,7.0,5–7 years,,Unknown
SAP-SEED-00870,SAP APO DP,SAP Integration / CPI,11.8,8–11 years,,Unknown
SAP-SEED-00871,SAP APO DP,SAP Integration / CPI,16.0,12+ years,,Unknown
SAP-SEED-00872,SAP APO DP,SAP Integration / CPI,11.7,8–11 years,,Unknown
SAP-SEED-00873,SAP APO DP,SAP Integration / CPI,13.0,12+ years,,Unknown
SAP-SEED-00874,SAP APO DP,SAP Integration / CPI,9.0,8–11 years,,Unknown
SAP-SEED-00875,SAP APO DP,SAP Integration / CPI,8.7,8–11 years,,Unknown
SAP-SEED-00876,SAP APO DP,SAP Integration / CPI,15.0,12+ years,,Unknown
SAP-SEED-00877,SAP APO DP,SAP Integration / CPI,9.0,8–11 years,,Unknown
SAP-SEED-00878,SAP APO DP,SAP Integration / CPI,14.0,12+ years,,Unknown
SAP-SEED-00879,SAP APO DP,SAP Integration / CPI,17.0,12+ years,,Unknown
SAP-SEED-00880,SAP APO DP,SAP Integration / CPI,7.0,5–7 years,,Unknown
SAP-SEED-00881,SAP APO DP,SAP Integration / CPI,15.0,12+ years,,Unknown
SAP-SEED-00882,SAP IBP OBP,SAP General / Consulting,8.0,8–11 years,,Unknown
SAP-SEED-00883,SAP IBP OBP,SAP General / Consulting,12.0,12+ years,,Unknown
SAP-SEED-00884,SAP IBP OBP,SAP General / Consulting,8.5,8–11 years,,Unknown
SAP-SEED-00885,SAP ABAP,SAP ABAP / Development,5.5,5–7 years,,Unknown
SAP-SEED-00886,SAP ABAP,SAP ABAP / Development,12.0,12+ years,,Unknown
SAP-SEED-00887,SAP ABAP,SAP ABAP / Development,5.0,5–7 years,,Unknown
SAP-SEED-00888,SAP GTM,SAP General / Consulting,8.0,8–11 years,,Unknown
SAP-SEED-00889,SAP MM,SAP Procurement / MM,6.5,5–7 years,Chennai,Chennai
SAP-SEED-00890,SAP MM,SAP Procurement / MM,7.0,5–7 years,Chennai,Chennai
SAP-SEED-00891,SAP MM,SAP Procurement / MM,6.0,5–7 years,Bangalore,Bengaluru
SAP-SEED-00892,SAP MM,SAP Procurement / MM,9.2,8–11 years,Bangalore,Bengaluru
SAP-SEED-00893,SAP MM,SAP Procurement / MM,7.0,5–7 years,Bangalore,Bengaluru
SAP-SEED-00894,SAP MM,SAP Procurement / MM,6.6,5–7 years,Bangalore,Bengaluru
SAP-SEED-00895,SAP MM,SAP Procurement / MM,6.1,5–7 years,Coimbatore,Coimbatore
SAP-SEED-00896,SAP MM,SAP Procurement / MM,6.0,5–7 years,Andhra pradesh,Andhra pradesh
SAP-SEED-00897,SAP MM,SAP Procurement / MM,8.0,8–11 years,Bangalore,Bengaluru
SAP-SEED-00898,SAP MM,SAP Procurement / MM,6.0,5–7 years,Bangalore,Bengaluru
SAP-SEED-00899,SAP MM,SAP Procurement / MM,6.2,5–7 years,Bangalore,Bengaluru
SAP-SEED-00900,SAP MM,SAP Procurement / MM,7.0,5–7 years,Bangalore,Bengaluru
SAP-SEED-00901,SAP MM,SAP Procurement / MM,7.0,5–7 years,Bangalore,Bengaluru
SAP-SEED-00902,SAP MM,SAP Procurement / MM,6.6,5–7 years,Bangalore,Bengaluru
SAP-SEED-00903,SAP MM,SAP Procurement / MM,6.0,5–7 years,Bangalore,Bengaluru
SAP-SEED-00904,SAP COPS,SAP General / Consulting,13.0,12+ years,Bangalore,Bengaluru
SAP-SEED-00905,SAP COPS,SAP General / Consulting,9.0,8–11 years,Bangalore,Bengaluru
SAP-SEED-00906,SAP CO,SAP Finance / FICO,10.0,8–11 years,Bangalore,Bengaluru
SAP-SEED-00907,SAP CO,SAP Finance / FICO,10.0,8–11 years,Bangalore,Bengaluru
SAP-SEED-00908,SAP CO,SAP Finance / FICO,9.0,8–11 years,Hyderabad,Hyderabad
SAP-SEED-00909,SAP CO,SAP Finance / FICO,6.0,5–7 years,Hyderabad,Hyderabad
SAP-SEED-00910,SAP CO,SAP Finance / FICO,6.5,5–7 years,Bangalore,Bengaluru
SAP-SEED-00911,SAP CO,SAP Finance / FICO,6.5,5–7 years,Bangalore,Bengaluru
SAP-SEED-00912,SAP CO,SAP Finance / FICO,7.0,5–7 years,Bangalore,Bengaluru
SAP-SEED-00913,SAP CO,SAP Finance / FICO,12.0,12+ years,Hyderabad,Hyderabad
SAP-SEED-00914,SAP CO,SAP Finance / FICO,7.0,5–7 years,Bangalore,Bengaluru
SAP-SEED-00915,SAP SD,SAP Sales / SD,12.0,12+ years,Hyderabad,Hyderabad
SAP-SEED-00916,SAP SD,SAP Sales / SD,7.0,5–7 years,Bangalore,Bengaluru
SAP-SEED-00917,SAP SD,SAP Sales / SD,8.4,8–11 years,Bangalore,Bengaluru
SAP-SEED-00918,SAP SD,SAP Sales / SD,10.0,8–11 years,Bangalore,Bengaluru
SAP-SEED-00919,SAP SD,SAP Sales / SD,7.0,5–7 years,Hyderabad,Hyderabad
SAP-SEED-00920,SAP SD,SAP Sales / SD,6.2,5–7 years,Bangalore,Bengaluru
SAP-SEED-00921,SAP SD,SAP Sales / SD,6.7,5–7 years,Bangalore,Bengaluru
SAP-SEED-00922,SAP SD,SAP Sales / SD,10.8,8–11 years,Chennai,Chennai
SAP-SEED-00923,SAP SD,SAP Sales / SD,8.5,8–11 years,Bangalore,Bengaluru
SAP-SEED-00924,SAP SD,SAP Sales / SD,7.5,5–7 years,Hyderabad,Hyderabad
SAP-SEED-00925,SAP SD,SAP Sales / SD,6.0,5–7 years,Pune,Pune
SAP-SEED-00926,SAP SD,SAP Sales / SD,8.0,8–11 years,Hyderabad,Hyderabad
SAP-SEED-00927,SAP SD,SAP Sales / SD,7.8,5–7 years,Hyderabad,Hyderabad
SAP-SEED-00928,SAP SD,SAP Sales / SD,6.0,5–7 years,Hyderabad,Hyderabad
SAP-SEED-00929,SAP SD,SAP Sales / SD,6.0,5–7 years,Bangalore,Bengaluru
SAP-SEED-00930,SAP SD,SAP Sales / SD,6.0,5–7 years,Bangalore,Bengaluru
SAP-SEED-00931,SAP SD,SAP Sales / SD,5.11,5–7 years,Bangalore,Bengaluru
SAP-SEED-00932,SAP SD,SAP Sales / SD,7.0,5–7 years,Chennai,Chennai
SAP-SEED-00933,SAP SD,SAP Sales / SD,7.0,5–7 years,Pune,Pune
SAP-SEED-00934,SAP SD,SAP Sales / SD,6.6,5–7 years,Delhi,Delhi
SAP-SEED-00935,SAP SD,SAP Sales / SD,10.0,8–11 years,Bangalore,Bengaluru
SAP-SEED-00936,SAP Security Solution,SAP Security / GRC,8.1,8–11 years,Bangalore,Bengaluru
SAP-SEED-00937,SAP Security Solution,SAP Security / GRC,6.8,5–7 years,Tirupati,Tirupati
SAP-SEED-00938,SAP Security Solution,SAP Security / GRC,6.5,5–7 years,Pune,Pune
SAP-SEED-00939,SAP Security Solution,SAP Security / GRC,6.2,5–7 years,Hyderabad,Hyderabad
SAP-SEED-00940,SAP Security Solution,SAP Security / GRC,7.3,5–7 years,AP,AP
SAP-SEED-00941,SAP Security Solution,SAP Security / GRC,5.1,5–7 years,Lucknow,Lucknow
SAP-SEED-00942,SAP Security Solution,SAP Security / GRC,5.1,5–7 years,Hyderabad,Hyderabad
SAP-SEED-00943,SAP Security Solution,SAP Security / GRC,11.6,8–11 years,Hyderabad,Hyderabad
SAP-SEED-00944,SAP Security Solution,SAP Security / GRC,6.5,5–7 years,Bangalore,Bengaluru
SAP-SEED-00945,SAP Security Solution,SAP Security / GRC,7.0,5–7 years,Kurnool,Kurnool
SAP-SEED-00946,SAP Security Solution,SAP Security / GRC,5.2,5–7 years,Bangalore,Bengaluru
SAP-SEED-00947,SAP Security Solution,SAP Security / GRC,6.8,5–7 years,Bangalore,Bengaluru
SAP-SEED-00948,SAP Security Solution,SAP Security / GRC,6.9,5–7 years,Hyderabad,Hyderabad
SAP-SEED-00949,SAP Security Solution,SAP Security / GRC,7.2,5–7 years,Bangalore,Bengaluru
SAP-SEED-00950,SAP PS,SAP Project Systems / PS,12.0,12+ years,Pune,Pune
SAP-SEED-00951,SAP PS,SAP Project Systems / PS,9.0,8–11 years,Hyderabad,Hyderabad
SAP-SEED-00952,SAP PS,SAP Project Systems / PS,10.0,8–11 years,Bangalore,Bengaluru
SAP-SEED-00953,SAP PS,SAP Project Systems / PS,11.9,8–11 years,Hyderabad,Hyderabad
SAP-SEED-00954,SAP PS,SAP Project Systems / PS,6.6,5–7 years,Hyderabad,Hyderabad
SAP-SEED-00955,SAP PS,SAP Project Systems / PS,8.0,8–11 years,Pune,Pune
SAP-SEED-00956,SAP PS,SAP Project Systems / PS,9.0,8–11 years,Ahemdabad,Ahemdabad
SAP-SEED-00957,SAP PS,SAP Project Systems / PS,9.0,8–11 years,nNagpur,Nagpur
SAP-SEED-00958,SAP PS,SAP Project Systems / PS,7.3,5–7 years,Mumbai,Mumbai
SAP-SEED-00959,SAP UI5,SAP UX / UI5 / Fiori,4.0,3–4 years,Bangalore,Bengaluru
SAP-SEED-00960,SAP UI5,SAP UX / UI5 / Fiori,3.9,3–4 years,bangalore,Bengaluru
SAP-SEED-00961,SAP UI5,SAP UX / UI5 / Fiori,3.2,3–4 years,Bangalore,Bengaluru
SAP-SEED-00962,SAP UI5,SAP UX / UI5 / Fiori,4.9,3–4 years,Bangalore,Bengaluru
SAP-SEED-00963,SAP UI5,SAP UX / UI5 / Fiori,3.9,3–4 years,Pune,Pune
SAP-SEED-00964,SAP UI5,SAP UX / UI5 / Fiori,3.9,3–4 years,Thiruvendrum,Thiruvendrum
SAP-SEED-00965,SAP UI5,SAP UX / UI5 / Fiori,3.11,3–4 years,Hyderabad,Hyderabad
SAP-SEED-00966,SAP UI5,SAP UX / UI5 / Fiori,4.7,3–4 years,Bangalore,Bengaluru
SAP-SEED-00967,SAP UI5,SAP UX / UI5 / Fiori,4.5,3–4 years,,Unknown
SAP-SEED-00968,SAP UI5,SAP UX / UI5 / Fiori,3.0,3–4 years,Bangalore,Bengaluru
SAP-SEED-00969,SAP UI5,SAP UX / UI5 / Fiori,4.0,3–4 years,Bangalore,Bengaluru
SAP-SEED-00970,SAP UI5,SAP UX / UI5 / Fiori,3.7,3–4 years,Bangalore,Bengaluru
SAP-SEED-00971,SAP UI5,SAP UX / UI5 / Fiori,3.11,3–4 years,Bangalore,Bengaluru
SAP-SEED-00972,SAP UI5,SAP UX / UI5 / Fiori,3.11,3–4 years,Bangalore,Bengaluru
SAP-SEED-00973,SAP UI5,SAP UX / UI5 / Fiori,3.7,3–4 years,Pune,Pune
SAP-SEED-00974,SAP UI5,SAP UX / UI5 / Fiori,4.5,3–4 years,Bangalore,Bengaluru
SAP-SEED-00975,SAP UI5,SAP UX / UI5 / Fiori,4.0,3–4 years,VIjaywada,VIjaywada
SAP-SEED-00976,SAP UI5,SAP UX / UI5 / Fiori,5.0,5–7 years,Pune,Pune
SAP-SEED-00977,SAP UI5,SAP UX / UI5 / Fiori,6.11,5–7 years,Delhi,Delhi
SAP-SEED-00978,SAP UI5,SAP UX / UI5 / Fiori,4.0,3–4 years,Bangalore,Bengaluru
SAP-SEED-00979,SAP UI5,SAP UX / UI5 / Fiori,3.8,3–4 years,Hyderabad,Hyderabad
SAP-SEED-00980,SAP UI5,SAP UX / UI5 / Fiori,4.0,3–4 years,Bangalore,Bengaluru
SAP-SEED-00981,SAP UI5,SAP UX / UI5 / Fiori,3.8,3–4 years,Hyderabad,Hyderabad
SAP-SEED-00982,SAP UI5,SAP UX / UI5 / Fiori,3.5,3–4 years,Hyderabad,Hyderabad
SAP-SEED-00983,SAP UI5,SAP UX / UI5 / Fiori,4.0,3–4 years,Bangalore,Bengaluru
SAP-SEED-00984,SAP UI5,SAP UX / UI5 / Fiori,5.3,5–7 years,Bangalore,Bengaluru
SAP-SEED-00985,SAP UI5,SAP UX / UI5 / Fiori,5.0,5–7 years,Hyderabad,Hyderabad
SAP-SEED-00986,SAP UI5,SAP UX / UI5 / Fiori,5.0,5–7 years,Hyderabad,Hyderabad
SAP-SEED-00987,SAP UI5,SAP UX / UI5 / Fiori,6.6,5–7 years,Bangalore,Bengaluru
SAP-SEED-00988,SAP UI5,SAP UX / UI5 / Fiori,4.7,3–4 years,Bangalore,Bengaluru
SAP-SEED-00989,SAP UI5,SAP UX / UI5 / Fiori,5.0,5–7 years,Chennai,Chennai
SAP-SEED-00990,SAP UI5,SAP UX / UI5 / Fiori,6.1,5–7 years,Bangalore,Bengaluru
SAP-SEED-00991,SAP UI5,SAP UX / UI5 / Fiori,6.5,5–7 years,Bangalore,Bengaluru
SAP-SEED-00992,SAP UI5,SAP UX / UI5 / Fiori,10.0,8–11 years,Bangalore,Bengaluru
SAP-SEED-00993,SAP UI5,SAP UX / UI5 / Fiori,7.0,5–7 years,,Unknown
SAP-SEED-00994,SAP UI5,SAP UX / UI5 / Fiori,6.0,5–7 years,,Unknown
SAP-SEED-00995,SAP UI5,SAP UX / UI5 / Fiori,7.5,5–7 years,Hyderabad,Hyderabad
SAP-SEED-00996,SAP UI5,SAP UX / UI5 / Fiori,8.0,8–11 years,Nagpur,Nagpur
SAP-SEED-00997,SAP WM Con,SAP Warehouse / EWM,7.0,5–7 years,Bangalore,Bengaluru
SAP-SEED-00998,SAP WM Con,SAP Warehouse / EWM,8.0,8–11 years,Nagpur,Nagpur
SAP-SEED-00999,SAP WM Con,SAP Warehouse / EWM,6.4,5–7 years,,Unknown
SAP-SEED-01000,SAP WM Con,SAP Warehouse / EWM,10.0,8–11 years,Bangalore,Bengaluru
SAP-SEED-01001,SAP WM Con,SAP Warehouse / EWM,5.0,5–7 years,Bangalore,Bengaluru
SAP-SEED-01002,SAP WM Con,SAP Warehouse / EWM,4.1,3–4 years,Hyderabad,Hyderabad
SAP-SEED-01003,SAP WM Con,SAP Warehouse / EWM,5.0,5–7 years,Hyderabad,Hyderabad
SAP-SEED-01004,SAP WM Con,SAP Warehouse / EWM,7.0,5–7 years,Hyderabad,Hyderabad
SAP-SEED-01005,SAP WM Con,SAP Warehouse / EWM,4.1,3–4 years,Bangalore,Bengaluru
SAP-SEED-01006,SAP WM Con,SAP Warehouse / EWM,4.8,3–4 years,Bangalore,Bengaluru
SAP-SEED-01007,SAP WM Con,SAP Warehouse / EWM,4.4,3–4 years,Mumbai,Mumbai
SAP-SEED-01008,SAP WM Con,SAP Warehouse / EWM,7.0,5–7 years,Chennai,Chennai
SAP-SEED-01009,SAP WM Con,SAP Warehouse / EWM,4.5,3–4 years,Bangalore,Bengaluru
SAP-SEED-01010,SAP WM Con,SAP Warehouse / EWM,4.0,3–4 years,Bangalore,Bengaluru
SAP-SEED-01011,SAP WM Con,SAP Warehouse / EWM,4.0,3–4 years,Bangalore,Bengaluru
SAP-SEED-01012,SAP WM Con,SAP Warehouse / EWM,5.6,5–7 years,Bangalore,Bengaluru
SAP-SEED-01013,SAP WM Con,SAP Warehouse / EWM,5.2,5–7 years,,Unknown
SAP-SEED-01014,SAP WM Con,SAP Warehouse / EWM,4.4,3–4 years,Bangalore,Bengaluru
SAP-SEED-01015,SAP WM Con,SAP Warehouse / EWM,5.0,5–7 years,Bangalore,Bengaluru
SAP-SEED-01016,SAP WM Con,SAP Warehouse / EWM,5.0,5–7 years,Bangalore,Bengaluru
SAP-SEED-01017,SAP WM Con,SAP Warehouse / EWM,10.0,8–11 years,Bangalore,Bengaluru
SAP-SEED-01018,SAP WM Con,SAP Warehouse / EWM,5.5,5–7 years,Bangalore,Bengaluru
SAP-SEED-01019,SAP WM Con,SAP Warehouse / EWM,5.2,5–7 years,Hyderabad,Hyderabad
SAP-SEED-01020,SAP WM Con,SAP Warehouse / EWM,7.0,5–7 years,Hubhali,Hubhali
SAP-SEED-01021,SAP WM Con,SAP Warehouse / EWM,4.2,3–4 years,Hyderabad,Hyderabad
SAP-SEED-01022,SAP WM Con,SAP Warehouse / EWM,6.0,5–7 years,Bangalore,Bengaluru
SAP-SEED-01023,SAP WM Con,SAP Warehouse / EWM,5.5,5–7 years,Bangalore,Bengaluru
SAP-SEED-01024,SAP WM Con,SAP Warehouse / EWM,9.0,8–11 years,Bangalore,Bengaluru
SAP-SEED-01025,SAP WM Con,SAP Warehouse / EWM,8.0,8–11 years,Bangalore,Bengaluru
SAP-SEED-01026,SAP WM Con,SAP Warehouse / EWM,7.8,5–7 years,Bangalore,Bengaluru
SAP-SEED-01027,SAP WM Con,SAP Warehouse / EWM,9.0,8–11 years,Bangalore,Bengaluru
SAP-SEED-01028,SAP WM Con,SAP Warehouse / EWM,12.0,12+ years,Hyderabad,Hyderabad
SAP-SEED-01029,SAP WM Con,SAP Warehouse / EWM,16.0,12+ years,,Unknown
SAP-SEED-01030,SAP WM Con,SAP Warehouse / EWM,7.0,5–7 years,,Unknown
SAP-SEED-01031,SAP WM Con,SAP Warehouse / EWM,8.0,8–11 years,,Unknown
SAP-SEED-01032,SAP WM Con,SAP Warehouse / EWM,7.0,5–7 years,Pune,Pune
SAP-SEED-01033,SAP ABAP HANA,SAP ABAP / Development,5.7,5–7 years,Bangalore,Bengaluru
SAP-SEED-01034,SAP ABAP HANA,SAP ABAP / Development,5.0,5–7 years,bangalore,Bengaluru
SAP-SEED-01035,SAP ABAP HANA,SAP ABAP / Development,5.6,5–7 years,Pune,Pune
SAP-SEED-01036,SAP ABAP HANA,SAP ABAP / Development,5.6,5–7 years,Hyderabad,Hyderabad
SAP-SEED-01037,SAP ABAP HANA,SAP ABAP / Development,5.0,5–7 years,Bangalore,Bengaluru
SAP-SEED-01038,SAP ABAP HANA,SAP ABAP / Development,5.0,5–7 years,Pune,Pune
SAP-SEED-01039,SAP ABAP HANA,SAP ABAP / Development,10.0,8–11 years,Hyderabad,Hyderabad
SAP-SEED-01040,SAP ABAP HANA,SAP ABAP / Development,5.0,5–7 years,Hyderabad,Hyderabad
SAP-SEED-01041,SAP ABAP HANA,SAP ABAP / Development,5.0,5–7 years,Gwhati,Gwhati
SAP-SEED-01042,SAP ABAP HANA,SAP ABAP / Development,6.0,5–7 years,Hyderabad,Hyderabad
SAP-SEED-01043,SAP ABAP HANA,SAP ABAP / Development,5.11,5–7 years,Hyderabad,Hyderabad
SAP-SEED-01044,SAP ABAP HANA,SAP ABAP / Development,7.0,5–7 years,Hyderabad,Hyderabad
SAP-SEED-01045,SAP ABAP HANA,SAP ABAP / Development,8.0,8–11 years,Bangalore,Bengaluru
SAP-SEED-01046,SAP ABAP HANA,SAP ABAP / Development,6.8,5–7 years,Bangalore,Bengaluru
SAP-SEED-01047,SAP ABAP HANA,SAP ABAP / Development,5.3,5–7 years,Noida,Noida
SAP-SEED-01048,SAP ABAP HANA,SAP ABAP / Development,9.0,8–11 years,Bangalore,Bengaluru
SAP-SEED-01049,SAP ABAP HANA,SAP ABAP / Development,5.8,5–7 years,Hyderabad,Hyderabad
SAP-SEED-01050,SAP ABAP HANA,SAP ABAP / Development,5.3,5–7 years,Bangalore,Bengaluru
SAP-SEED-01051,SAP ABAP HANA,SAP ABAP / Development,5.0,5–7 years,Bangalore,Bengaluru
SAP-SEED-01052,SAP ABAP HANA,SAP ABAP / Development,5.0,5–7 years,Vapi,Vapi
SAP-SEED-01053,SAP ABAP HANA,SAP ABAP / Development,6.0,5–7 years,Bangalore,Bengaluru
SAP-SEED-01054,SAP ABAP HANA,SAP ABAP / Development,5.0,5–7 years,Bangalore,Bengaluru
SAP-SEED-01055,SAP ABAP HANA,SAP ABAP / Development,5.0,5–7 years,Hyderabad,Hyderabad
SAP-SEED-01056,SAP ABAP HANA,SAP ABAP / Development,7.3,5–7 years,Bangalore,Bengaluru
SAP-SEED-01057,SAP ABAP HANA,SAP ABAP / Development,5.5,5–7 years,,Unknown
SAP-SEED-01058,SAP ABAP HANA,SAP ABAP / Development,5.8,5–7 years,Bangalore,Bengaluru
SAP-SEED-01059,SAP ABAP HANA,SAP ABAP / Development,5.5,5–7 years,Hyderabad,Hyderabad
SAP-SEED-01060,SAP ABAP HANA,SAP ABAP / Development,6.2,5–7 years,New Delhi,Delhi
SAP-SEED-01061,SAP ABAP HANA,SAP ABAP / Development,6.5,5–7 years,Bangalore,Bengaluru
SAP-SEED-01062,SAP ABAP HANA,SAP ABAP / Development,6.0,5–7 years,Pune,Pune
SAP-SEED-01063,SAP ABAP HANA,SAP ABAP / Development,5.6,5–7 years,,Unknown
SAP-SEED-01064,SAP ABAP HANA,SAP ABAP / Development,5.0,5–7 years,Hyderabad,Hyderabad
SAP-SEED-01065,SAP ABAP HANA,SAP ABAP / Development,6.0,5–7 years,New Delhi,Delhi
SAP-SEED-01066,SAP ABAP HANA,SAP ABAP / Development,5.0,5–7 years,Bangalore,Bengaluru
SAP-SEED-01067,SAP ABAP HANA,SAP ABAP / Development,5.1,5–7 years,Hyderabad,Hyderabad
SAP-SEED-01068,SAP ABAP HANA,SAP ABAP / Development,5.7,5–7 years,Bangalore,Bengaluru
SAP-SEED-01069,SAP ABAP HANA,SAP ABAP / Development,5.7,5–7 years,Bangalore,Bengaluru
SAP-SEED-01070,SAP ABAP HANA,SAP ABAP / Development,4.5,3–4 years,Hyderabad,Hyderabad
SAP-SEED-01071,SAP ABAP HANA,SAP ABAP / Development,4.8,3–4 years,Bangalore,Bengaluru
SAP-SEED-01072,SAP ABAP HANA,SAP ABAP / Development,6.0,5–7 years,Bangalore,Bengaluru
SAP-SEED-01073,SAP ABAP HANA,SAP ABAP / Development,5.0,5–7 years,,Unknown
SAP-SEED-01074,SAP ABAP HANA,SAP ABAP / Development,5.0,5–7 years,Hyderabad,Hyderabad
SAP-SEED-01075,SAP ABAP HANA,SAP ABAP / Development,4.11,3–4 years,Hyderabad,Hyderabad
SAP-SEED-01076,SAP ABAP HANA,SAP ABAP / Development,7.0,5–7 years,Hyderabad,Hyderabad
SAP-SEED-01077,SAP ABAP HANA,SAP ABAP / Development,11.9,8–11 years,Bangalore,Bengaluru
SAP-SEED-01078,SAP ABAP HANA,SAP ABAP / Development,4.1,3–4 years,Pune,Pune
SAP-SEED-01079,SAP ABAP HANA,SAP ABAP / Development,6.0,5–7 years,Pune,Pune
SAP-SEED-01080,SAP ABAP HANA,SAP ABAP / Development,6.5,5–7 years,Vijyawada,Vijyawada
SAP-SEED-01081,SAP ABAP HANA,SAP ABAP / Development,4.3,3–4 years,Bangalore,Bengaluru
SAP-SEED-01082,SAP ABAP HANA,SAP ABAP / Development,4.1,3–4 years,Bangalore,Bengaluru
SAP-SEED-01083,SAP ABAP HANA,SAP ABAP / Development,4.2,3–4 years,Bangalore,Bengaluru
SAP-SEED-01084,SAP ABAP HANA,SAP ABAP / Development,7.0,5–7 years,Hyderabad,Hyderabad
SAP-SEED-01085,SAP ABAP HANA,SAP ABAP / Development,5.5,5–7 years,Bangalore,Bengaluru
SAP-SEED-01086,SAP ABAP HANA,SAP ABAP / Development,4.8,3–4 years,Bangalore,Bengaluru
SAP-SEED-01087,SAP ABAP HANA,SAP ABAP / Development,5.0,5–7 years,Bangalore,Bengaluru
SAP-SEED-01088,SAP ABAP HANA,SAP ABAP / Development,5.0,5–7 years,Bangalore,Bengaluru
SAP-SEED-01089,SAP ABAP HANA,SAP ABAP / Development,5.4,5–7 years,,Unknown
SAP-SEED-01090,SAP ABAP HANA,SAP ABAP / Development,4.8,3–4 years,Bangalore,Bengaluru
SAP-SEED-01091,SAP ABAP HANA,SAP ABAP / Development,4.8,3–4 years,Bangalore,Bengaluru
SAP-SEED-01092,SAP ABAP HANA,SAP ABAP / Development,5.0,5–7 years,Hyderabad,Hyderabad
SAP-SEED-01093,SAP ABAP HANA,SAP ABAP / Development,5.0,5–7 years,,Unknown
SAP-SEED-01094,SAP ABAP HANA,SAP ABAP / Development,5.0,5–7 years,Bangalore,Bengaluru
SAP-SEED-01095,SAP ABAP HANA,SAP ABAP / Development,6.0,5–7 years,Bangalore,Bengaluru
SAP-SEED-01096,SAP ABAP HANA,SAP ABAP / Development,5.6,5–7 years,Bangalore,Bengaluru
SAP-SEED-01097,SAP ABAP HANA,SAP ABAP / Development,6.1,5–7 years,,Unknown
SAP-SEED-01098,SAP ABAP HANA,SAP ABAP / Development,5.0,5–7 years,Hyderabad,Hyderabad
SAP-SEED-01099,SAP ABAP HANA,SAP ABAP / Development,5.0,5–7 years,Hyderabad,Hyderabad
SAP-SEED-01100,SAP ABAP HANA,SAP ABAP / Development,5.5,5–7 years,Hyderabad,Hyderabad
SAP-SEED-01101,SAP ABAP HANA,SAP ABAP / Development,7.11,5–7 years,Lucknow,Lucknow
SAP-SEED-01102,SAP ABAP HANA,SAP ABAP / Development,7.3,5–7 years,,Unknown
SAP-SEED-01103,SAP ABAP HANA,SAP ABAP / Development,5.0,5–7 years,Gurugram,Gurugram
SAP-SEED-01104,SAP ABAP HANA,SAP ABAP / Development,9.8,8–11 years,,Unknown
SAP-SEED-01105,SAP ABAP HANA,SAP ABAP / Development,4.0,3–4 years,Bangalore,Bengaluru
SAP-SEED-01106,SAP ABAP HANA,SAP ABAP / Development,5.2,5–7 years,Bangalore,Bengaluru
SAP-SEED-01107,SAP ABAP HANA,SAP ABAP / Development,5.0,5–7 years,Bangalore,Bengaluru
SAP-SEED-01108,SAP ABAP HANA,SAP ABAP / Development,5.1,5–7 years,Hyderabad,Hyderabad
SAP-SEED-01109,SAP ABAP HANA,SAP ABAP / Development,9.0,8–11 years,Bangalore,Bengaluru
SAP-SEED-01110,SAP ABAP HANA,SAP ABAP / Development,5.0,5–7 years,Bangalore,Bengaluru
SAP-SEED-01111,SAP ABAP HANA,SAP ABAP / Development,11.0,8–11 years,Chennai,Chennai
SAP-SEED-01112,SAP ABAP HANA,SAP ABAP / Development,6.5,5–7 years,Bhubneswar,Bhubneswar
SAP-SEED-01113,SAP ABAP HANA,SAP ABAP / Development,5.5,5–7 years,Bangalore,Bengaluru
SAP-SEED-01114,SAP ABAP HANA,SAP ABAP / Development,5.0,5–7 years,Bangalore,Bengaluru
SAP-SEED-01115,SAP ABAP HANA,SAP ABAP / Development,3.0,3–4 years,,Unknown
SAP-SEED-01116,SAP ABAP HANA,SAP ABAP / Development,6.0,5–7 years,Hyderabad,Hyderabad
SAP-SEED-01117,SAP ABAP HANA,SAP ABAP / Development,4.5,3–4 years,,Unknown
SAP-SEED-01118,SAP ABAP HANA,SAP ABAP / Development,12.0,12+ years,,Unknown
SAP-SEED-01119,SAP ABAP HANA,SAP ABAP / Development,3.0,3–4 years,,Unknown
SAP-SEED-01120,SAP ABAP HANA,SAP ABAP / Development,5.0,5–7 years,Bangalore,Bengaluru
SAP-SEED-01121,SAP ABAP HANA,SAP ABAP / Development,4.0,3–4 years,Bangalore,Bengaluru
SAP-SEED-01122,SAP ABAP HANA,SAP ABAP / Development,6.0,5–7 years,Hyderabad,Hyderabad
SAP-SEED-01123,SAP ABAP HANA,SAP ABAP / Development,6.0,5–7 years,Mumbai,Mumbai
SAP-SEED-01124,SAP ABAP HANA,SAP ABAP / Development,4.9,3–4 years,,Unknown
SAP-SEED-01125,SAP ABAP HANA,SAP ABAP / Development,4.5,3–4 years,Pune,Pune
SAP-SEED-01126,SAP ABAP HANA,SAP ABAP / Development,4.0,3–4 years,,Unknown
SAP-SEED-01127,SAP ABAP HANA,SAP ABAP / Development,4.0,3–4 years,Pune,Pune
SAP-SEED-01128,SAP ABAP HANA,SAP ABAP / Development,4.0,3–4 years,Hyderabad,Hyderabad
SAP-SEED-01129,SAP ABAP HANA,SAP ABAP / Development,4.0,3–4 years,Hyderabad,Hyderabad
SAP-SEED-01130,SAP ABAP HANA,SAP ABAP / Development,4.0,3–4 years,,Unknown
SAP-SEED-01131,SAP ABAP HANA,SAP ABAP / Development,4.2,3–4 years,,Unknown
SAP-SEED-01132,SAP ABAP HANA,SAP ABAP / Development,4.0,3–4 years,Bangalore,Bengaluru
SAP-SEED-01133,SAP ABAP HANA,SAP ABAP / Development,4.8,3–4 years,,Unknown
SAP-SEED-01134,SAP ABAP HANA,SAP ABAP / Development,4.0,3–4 years,Bangalore,Bengaluru
SAP-SEED-01135,SAP ABAP HANA,SAP ABAP / Development,5.0,5–7 years,Chennai,Chennai
SAP-SEED-01136,SAP ABAP HANA,SAP ABAP / Development,5.4,5–7 years,Bangalore,Bengaluru
SAP-SEED-01137,SAP ABAP HANA,SAP ABAP / Development,5.0,5–7 years,Bangalore,Bengaluru
SAP-SEED-01138,SAP ABAP HANA,SAP ABAP / Development,5.0,5–7 years,Bangalore,Bengaluru
SAP-SEED-01139,SAP ABAP HANA,SAP ABAP / Development,7.5,5–7 years,Hyderabad,Hyderabad
SAP-SEED-01140,SAP ABAP HANA,SAP ABAP / Development,6.7,5–7 years,Gurugram,Gurugram
SAP-SEED-01141,SAP ABAP HANA,SAP ABAP / Development,6.4,5–7 years,,Unknown
SAP-SEED-01142,SAP ABAP HANA,SAP ABAP / Development,5.1,5–7 years,,Unknown
SAP-SEED-01143,SAP ABAP HANA,SAP ABAP / Development,7.5,5–7 years,Hyderabad,Hyderabad
SAP-SEED-01144,SAP ABAP HANA,SAP ABAP / Development,6.0,5–7 years,Bangalore,Bengaluru
SAP-SEED-01145,SAP ABAP HANA,SAP ABAP / Development,5.0,5–7 years,Bangalore,Bengaluru
SAP-SEED-01146,SAP ABAP HANA,SAP ABAP / Development,6.0,5–7 years,Hyderabad,Hyderabad
SAP-SEED-01147,SAP ABAP HANA,SAP ABAP / Development,6.0,5–7 years,Hyderabad,Hyderabad
SAP-SEED-01148,SAP ABAP HANA,SAP ABAP / Development,6.0,5–7 years,,Unknown
SAP-SEED-01149,SAP ABAP HANA,SAP ABAP / Development,6.0,5–7 years,,Unknown
SAP-SEED-01150,SAP ABAP HANA,SAP ABAP / Development,5.8,5–7 years,,Unknown
SAP-SEED-01151,SAP ABAP HANA,SAP ABAP / Development,7.0,5–7 years,Chennai,Chennai
SAP-SEED-01152,SAP ABAP HANA,SAP ABAP / Development,8.0,8–11 years,,Unknown
SAP-SEED-01153,SAP ABAP HANA,SAP ABAP / Development,7.7,5–7 years,,Unknown
SAP-SEED-01154,SAP ABAP HANA,SAP ABAP / Development,6.0,5–7 years,Hyderabad,Hyderabad
SAP-SEED-01155,SAP ABAP HANA,SAP ABAP / Development,7.0,5–7 years,Bangalore,Bengaluru
SAP-SEED-01156,SAP ABAP HANA,SAP ABAP / Development,6.3,5–7 years,,Unknown
SAP-SEED-01157,SAP ABAP HANA,SAP ABAP / Development,6.0,5–7 years,,Unknown
SAP-SEED-01158,SAP ABAP HANA,SAP ABAP / Development,8.0,8–11 years,Bangalore,Bengaluru
SAP-SEED-01159,SAP ABAP HANA,SAP ABAP / Development,6.2,5–7 years,Bangalore,Bengaluru
SAP-SEED-01160,SAP ABAP HANA,SAP ABAP / Development,9.8,8–11 years,Visakhapatnam,Visakhapatnam
SAP-SEED-01161,SAP ABAP HANA,SAP ABAP / Development,8.0,8–11 years,,Unknown
SAP-SEED-01162,SAP ABAP HANA,SAP ABAP / Development,6.6,5–7 years,Hyderabad,Hyderabad
SAP-SEED-01163,SAP ABAP HANA,SAP ABAP / Development,18.0,12+ years,Chennai,Chennai
SAP-SEED-01164,SAP ABAP HANA,SAP ABAP / Development,5.0,5–7 years,Bangalore,Bengaluru
SAP-SEED-01165,SAP CAP,SAP BTP / Cloud,2.3,3–4 years,Bangalore,Bengaluru
SAP-SEED-01166,SAP CAP,SAP BTP / Cloud,2.8,3–4 years,Hyderabad,Hyderabad
SAP-SEED-01167,SAP CAP,SAP BTP / Cloud,3.0,3–4 years,New Delhi,Delhi
SAP-SEED-01168,SAP CAP,SAP BTP / Cloud,2.8,3–4 years,Pune,Pune
SAP-SEED-01169,SAP CAP,SAP BTP / Cloud,2.11,3–4 years,Coimbatore,Coimbatore
SAP-SEED-01170,SAP CAP,SAP BTP / Cloud,3.3,3–4 years,Bangalore,Bengaluru
SAP-SEED-01171,SAP CAP,SAP BTP / Cloud,3.0,3–4 years,Bangalore,Bengaluru
SAP-SEED-01172,SAP CAP,SAP BTP / Cloud,5.9,5–7 years,Pune,Pune
SAP-SEED-01173,SAP CAP,SAP BTP / Cloud,3.0,3–4 years,Gurugram,Gurugram
SAP-SEED-01174,SAP CAP,SAP BTP / Cloud,3.4,3–4 years,Tamilnadu,Tamilnadu
SAP-SEED-01175,SAP CAP,SAP BTP / Cloud,3.4,3–4 years,Hyderabad,Hyderabad
SAP-SEED-01176,SAP CAP,SAP BTP / Cloud,3.4,3–4 years,pune,Pune
SAP-SEED-01177,SAP CAP,SAP BTP / Cloud,3.8,3–4 years,Gurugram,Gurugram
SAP-SEED-01178,SAP CAP,SAP BTP / Cloud,3.9,3–4 years,Bangalore,Bengaluru
SAP-SEED-01179,SAP CAP,SAP BTP / Cloud,4.5,3–4 years,Hyderabad,Hyderabad
SAP-SEED-01180,SAP GTS,SAP General / Consulting,6.7,5–7 years,Hyderabad,Hyderabad
SAP-SEED-01181,SAP GTS,SAP General / Consulting,5.6,5–7 years,Chennai,Chennai
SAP-SEED-01182,SAP GTS,SAP General / Consulting,6.0,5–7 years,Pune,Pune
SAP-SEED-01183,SAP GTS,SAP General / Consulting,10.0,8–11 years,,Unknown
SAP-SEED-01184,SAP GTS,SAP General / Consulting,7.0,5–7 years,Jhemshedpur,Jhemshedpur
SAP-SEED-01185,SAP GTS,SAP General / Consulting,6.0,5–7 years,Hyderabad,Hyderabad
SAP-SEED-01186,SAP GTS,SAP General / Consulting,7.0,5–7 years,Remote,Remote
SAP-SEED-01187,SAP GTS,SAP General / Consulting,6.5,5–7 years,,Unknown
SAP-SEED-01188,SAP GTS,SAP General / Consulting,7.0,5–7 years,Bugneshwar,Bugneshwar
SAP-SEED-01189,SAP CO Con,SAP Finance / FICO,15.0,12+ years,Hyderabad,Hyderabad
SAP-SEED-01190,SAP CO Con,SAP Finance / FICO,6.5,5–7 years,Bangalore,Bengaluru
SAP-SEED-01191,SAP CO Con,SAP Finance / FICO,14.0,12+ years,Bangalore,Bengaluru
SAP-SEED-01192,SAP CO Con,SAP Finance / FICO,7.0,5–7 years,Bangalore,Bengaluru
SAP-SEED-01193,SAP CO Con,SAP Finance / FICO,22.0,12+ years,Bangalore,Bengaluru
SAP-SEED-01194,SAP SOLMAN,SAP General / Consulting,6.6,5–7 years,Bangalore,Bengaluru
SAP-SEED-01195,SAP SOLMAN,SAP General / Consulting,5.0,5–7 years,Bangalore,Bengaluru
SAP-SEED-01196,SAP SOLMAN,SAP General / Consulting,9.0,8–11 years,Noida,Noida
SAP-SEED-01197,SAP SOLMAN,SAP General / Consulting,7.0,5–7 years,Pune,Pune
SAP-SEED-01198,SAP FI Con,SAP Finance / FICO,6.7,5–7 years,Bangalore,Bengaluru
SAP-SEED-01199,SAP FI Con,SAP Finance / FICO,6.5,5–7 years,Mumbai,Mumbai
SAP-SEED-01200,SAP FI Con,SAP Finance / FICO,9.6,8–11 years,Bangalore,Bengaluru
SAP-SEED-01201,SAP FI Con,SAP Finance / FICO,6.0,5–7 years,Bangalore,Bengaluru
SAP-SEED-01202,SAP FI Con,SAP Finance / FICO,6.3,5–7 years,Bangalore,Bengaluru
SAP-SEED-01203,SAP FI Con,SAP Finance / FICO,6.0,5–7 years,,Unknown
SAP-SEED-01204,SAP FI Con,SAP Finance / FICO,14.0,12+ years,,Unknown
SAP-SEED-01205,SAP FI Con,SAP Finance / FICO,8.0,8–11 years,,Unknown
SAP-SEED-01206,SAP FI Con,SAP Finance / FICO,10.3,8–11 years,,Unknown
SAP-SEED-01207,SAP FI Con,SAP Finance / FICO,11.8,8–11 years,,Unknown
SAP-SEED-01208,SAP FI Con,SAP Finance / FICO,7.9,5–7 years,,Unknown
SAP-SEED-01209,SAP FI Con,SAP Finance / FICO,6.0,5–7 years,,Unknown
SAP-SEED-01210,SAP FI Con,SAP Finance / FICO,8.3,8–11 years,,Unknown
SAP-SEED-01211,SAP FI Con,SAP Finance / FICO,8.0,8–11 years,,Unknown
SAP-SEED-01212,SAP SD,SAP Sales / SD,4.0,3–4 years,Pune,Pune
SAP-SEED-01213,SAP SD,SAP Sales / SD,9.1,8–11 years,Goa,Goa
SAP-SEED-01214,SAP SD,SAP Sales / SD,8.0,8–11 years,,Unknown
SAP-SEED-01215,SAP SD,SAP Sales / SD,5.5,5–7 years,,Unknown
SAP-SEED-01216,SAP SD,SAP Sales / SD,7.1,5–7 years,,Unknown
SAP-SEED-01217,SAP SD,SAP Sales / SD,6.0,5–7 years,Hyderabad,Hyderabad
SAP-SEED-01218,SAP SD,SAP Sales / SD,6.1,5–7 years,Hyderabad,Hyderabad
SAP-SEED-01219,SAP SD,SAP Sales / SD,8.0,8–11 years,Mumbai,Mumbai
SAP-SEED-01220,SAP SD,SAP Sales / SD,7.0,5–7 years,,Unknown
SAP-SEED-01221,SAP SD,SAP Sales / SD,8.2,8–11 years,Bangalore,Bengaluru
SAP-SEED-01222,SAP SD,SAP Sales / SD,5.8,5–7 years,Bangalore,Bengaluru
SAP-SEED-01223,SAP SD,SAP Sales / SD,5.2,5–7 years,Kurnool,Kurnool
SAP-SEED-01224,SAP SD,SAP Sales / SD,12.0,12+ years,Gurugram,Gurugram
SAP-SEED-01225,SAP SD,SAP Sales / SD,6.0,5–7 years,Bangalore,Bengaluru
SAP-SEED-01226,SAP SD,SAP Sales / SD,12.0,12+ years,,Unknown
SAP-SEED-01227,SAP SD,SAP Sales / SD,6.8,5–7 years,Bangalore,Bengaluru
SAP-SEED-01228,SAP SD,SAP Sales / SD,5.5,5–7 years,Hyderabad,Hyderabad
SAP-SEED-01229,SAP SD,SAP Sales / SD,8.0,8–11 years,Hyderabad,Hyderabad
SAP-SEED-01230,SAP SD,SAP Sales / SD,6.8,5–7 years,,Unknown
SAP-SEED-01231,SAP SD,SAP Sales / SD,6.1,5–7 years,,Unknown
SAP-SEED-01232,SAP SD,SAP Sales / SD,9.5,8–11 years,Bangalore,Bengaluru
SAP-SEED-01233,SAP SD,SAP Sales / SD,6.0,5–7 years,Bangalore,Bengaluru
SAP-SEED-01234,SAP SD,SAP Sales / SD,7.6,5–7 years,,Unknown
SAP-SEED-01235,SAP SD,SAP Sales / SD,6.8,5–7 years,,Unknown
SAP-SEED-01236,SAP SD,SAP Sales / SD,7.0,5–7 years,Bangalore,Bengaluru
SAP-SEED-01237,Jr SAP CPI,SAP Integration / CPI,2.1,3–4 years,Bangalore,Bengaluru
SAP-SEED-01238,Jr SAP CPI,SAP Integration / CPI,3.9,3–4 years,Bangalore,Bengaluru
SAP-SEED-01239,Jr SAP CPI,SAP Integration / CPI,3.1,3–4 years,Bangalore,Bengaluru
SAP-SEED-01240,Jr SAP CPI,SAP Integration / CPI,3.3,3–4 years,Bangalore,Bengaluru
SAP-SEED-01241,Jr SAP CPI,SAP Integration / CPI,3.6,3–4 years,Bangalore,Bengaluru
SAP-SEED-01242,Jr SAP CPI,SAP Integration / CPI,3.5,3–4 years,Bangalore,Bengaluru
SAP-SEED-01243,Jr SAP CPI,SAP Integration / CPI,4.0,3–4 years,Indore,Indore
SAP-SEED-01244,Jr SAP CPI,SAP Integration / CPI,4.2,3–4 years,Chennai,Chennai
SAP-SEED-01245,Jr SAP CPI,SAP Integration / CPI,4.6,3–4 years,Bangalore,Bengaluru
SAP-SEED-01246,Jr SAP CPI,SAP Integration / CPI,7.0,5–7 years,Hyderabad,Hyderabad
SAP-SEED-01247,Jr SAP CPI,SAP Integration / CPI,3.6,3–4 years,Hyderabad,Hyderabad
SAP-SEED-01248,Jr SAP CPI,SAP Integration / CPI,4.4,3–4 years,Chennai,Chennai
SAP-SEED-01249,Jr SAP CPI,SAP Integration / CPI,4.0,3–4 years,Bangalore,Bengaluru
SAP-SEED-01250,Jr SAP CPI,SAP Integration / CPI,3.8,3–4 years,Bangalore,Bengaluru
SAP-SEED-01251,Jr SAP CPI,SAP Integration / CPI,3.0,3–4 years,Bangalore,Bengaluru
SAP-SEED-01252,Jr SAP CPI,SAP Integration / CPI,4.0,3–4 years,Bangalore,Bengaluru
SAP-SEED-01253,Jr SAP CPI,SAP Integration / CPI,4.0,3–4 years,Bangalore,Bengaluru
SAP-SEED-01254,Jr SAP CPI,SAP Integration / CPI,2.0,3–4 years,Bangalore,Bengaluru
SAP-SEED-01255,Jr SAP CPI,SAP Integration / CPI,4.5,3–4 years,Bangalore,Bengaluru
SAP-SEED-01256,Jr SAP CPI,SAP Integration / CPI,3.1,3–4 years,Bangalore,Bengaluru
SAP-SEED-01257,Jr SAP CPI,SAP Integration / CPI,3.3,3–4 years,,Unknown
SAP-SEED-01258,Jr SAP CPI,SAP Integration / CPI,2.3,3–4 years,Bangalore,Bengaluru
SAP-SEED-01259,Jr SAP CPI,SAP Integration / CPI,3.5,3–4 years,Bangalore,Bengaluru
SAP-SEED-01260,Jr SAP CPI,SAP Integration / CPI,3.5,3–4 years,Bangalore,Bengaluru
SAP-SEED-01261,Jr SAP CPI,SAP Integration / CPI,3.0,3–4 years,,Unknown
SAP-SEED-01262,Jr SAP CPI,SAP Integration / CPI,3.2,3–4 years,,Unknown
SAP-SEED-01263,Jr SAP CPI,SAP Integration / CPI,2.0,3–4 years,,Unknown
SAP-SEED-01264,Jr SAP CPI,SAP Integration / CPI,3.4,3–4 years,,Unknown
SAP-SEED-01265,SAP GRC,SAP Security / GRC,5.6,5–7 years,,Unknown
SAP-SEED-01266,SAP GRC,SAP Security / GRC,6.0,5–7 years,,Unknown
SAP-SEED-01267,SAP GRC,SAP Security / GRC,7.0,5–7 years,,Unknown
SAP-SEED-01268,SAP GRC,SAP Security / GRC,9.0,8–11 years,,Unknown
SAP-SEED-01269,SAP GRC,SAP Security / GRC,6.1,5–7 years,,Unknown
SAP-SEED-01270,SAP GRC,SAP Security / GRC,7.0,5–7 years,,Unknown
SAP-SEED-01271,SAP GRC,SAP Security / GRC,6.0,5–7 years,,Unknown
SAP-SEED-01272,SAP GRC,SAP Security / GRC,11.0,8–11 years,,Unknown
SAP-SEED-01273,SAP GRC,SAP Security / GRC,6.0,5–7 years,,Unknown
SAP-SEED-01274,SAP GRC,SAP Security / GRC,5.1,5–7 years,,Unknown
SAP-SEED-01275,SAP GRC,SAP Security / GRC,11.0,8–11 years,,Unknown
SAP-SEED-01276,SAP GRC,SAP Security / GRC,6.2,5–7 years,,Unknown
SAP-SEED-01277,SAP GRC,SAP Security / GRC,6.0,5–7 years,,Unknown
SAP-SEED-01278,SAP GRC,SAP Security / GRC,12.0,12+ years,,Unknown
SAP-SEED-01279,SAP GRC,SAP Security / GRC,8.6,8–11 years,,Unknown
SAP-SEED-01280,SAP GRC,SAP Security / GRC,7.5,5–7 years,,Unknown
SAP-SEED-01281,SAP GRC,SAP Security / GRC,6.0,5–7 years,,Unknown
SAP-SEED-01282,SAP GRC,SAP Security / GRC,6.0,5–7 years,,Unknown
SAP-SEED-01283,SAP GRC,SAP Security / GRC,6.0,5–7 years,,Unknown
SAP-SEED-01284,SAP GRC,SAP Security / GRC,6.0,5–7 years,,Unknown
SAP-SEED-01285,Sr.SAP CPI,SAP Integration / CPI,4.1,3–4 years,Bangalore,Bengaluru
SAP-SEED-01286,Sr.SAP CPI,SAP Integration / CPI,6.0,5–7 years,Bangalore,Bengaluru
SAP-SEED-01287,Sr.SAP CPI,SAP Integration / CPI,5.0,5–7 years,Bangalore,Bengaluru
SAP-SEED-01288,Sr.SAP CPI,SAP Integration / CPI,5.0,5–7 years,Bangalore,Bengaluru
SAP-SEED-01289,Sr.SAP CPI,SAP Integration / CPI,5.1,5–7 years,Bangalore,Bengaluru
SAP-SEED-01290,Sr.SAP CPI,SAP Integration / CPI,5.0,5–7 years,Hyderabad,Hyderabad
SAP-SEED-01291,Sr.SAP CPI,SAP Integration / CPI,5.0,5–7 years,Bangalore,Bengaluru
SAP-SEED-01292,Sr.SAP CPI,SAP Integration / CPI,4.5,3–4 years,Bangalore,Bengaluru
SAP-SEED-01293,Sr.SAP CPI,SAP Integration / CPI,4.5,3–4 years,Hyderabad,Hyderabad
SAP-SEED-01294,Sr.SAP CPI,SAP Integration / CPI,4.1,3–4 years,Noida,Noida
SAP-SEED-01295,Sr.SAP CPI,SAP Integration / CPI,5.0,5–7 years,Bangalore,Bengaluru
SAP-SEED-01296,Sr.SAP CPI,SAP Integration / CPI,5.0,5–7 years,Hyderabad,Hyderabad
SAP-SEED-01297,Sr.SAP CPI,SAP Integration / CPI,5.0,5–7 years,Hyderabad,Hyderabad
SAP-SEED-01298,Sr.SAP CPI,SAP Integration / CPI,6.0,5–7 years,Bangalore,Bengaluru
SAP-SEED-01299,Sr.SAP CPI,SAP Integration / CPI,6.1,5–7 years,Bangalore,Bengaluru
SAP-SEED-01300,Sr.SAP CPI,SAP Integration / CPI,5.6,5–7 years,Hyderabad,Hyderabad
SAP-SEED-01301,Sr.SAP CPI,SAP Integration / CPI,5.3,5–7 years,Hyderabad,Hyderabad
SAP-SEED-01302,Sr.SAP CPI,SAP Integration / CPI,6.2,5–7 years,Bangalore,Bengaluru
SAP-SEED-01303,Sr.SAP CPI,SAP Integration / CPI,7.0,5–7 years,Bangalore,Bengaluru
SAP-SEED-01304,Sr.SAP CPI,SAP Integration / CPI,5.0,5–7 years,Bangalore,Bengaluru
SAP-SEED-01305,Sr.SAP CPI,SAP Integration / CPI,5.3,5–7 years,Noida,Noida
SAP-SEED-01306,Sr.SAP CPI,SAP Integration / CPI,7.1,5–7 years,Hyderabad,Hyderabad
SAP-SEED-01307,Sr.SAP CPI,SAP Integration / CPI,6.3,5–7 years,Bangalore,Bengaluru
SAP-SEED-01308,Sr.SAP CPI,SAP Integration / CPI,7.0,5–7 years,Hyderabad,Hyderabad
SAP-SEED-01309,Sr.SAP CPI,SAP Integration / CPI,5.1,5–7 years,Hyderabad,Hyderabad
SAP-SEED-01310,Sr.SAP CPI,SAP Integration / CPI,4.1,3–4 years,,Unknown
SAP-SEED-01311,Sr.SAP CPI,SAP Integration / CPI,5.3,5–7 years,Hyderabad,Hyderabad
SAP-SEED-01312,SAP PPQM,SAP General / Consulting,7.0,5–7 years,Pune,Pune
SAP-SEED-01313,SAP PPQM,SAP General / Consulting,7.2,5–7 years,Bangalore,Bengaluru
SAP-SEED-01314,SAP PPQM,SAP General / Consulting,10.0,8–11 years,Bellary,Bellary
SAP-SEED-01315,SAP PPQM,SAP General / Consulting,4.5,3–4 years,Bangalore,Bengaluru
SAP-SEED-01316,SAP PPQM,SAP General / Consulting,4.4,3–4 years,Hyderabad,Hyderabad
SAP-SEED-01317,SAP PPQM,SAP General / Consulting,4.11,3–4 years,Bangalore,Bengaluru
SAP-SEED-01318,SAP PPQM,SAP General / Consulting,7.0,5–7 years,Bangalore,Bengaluru
SAP-SEED-01319,SAP PPQM,SAP General / Consulting,7.0,5–7 years,Jaipur,Jaipur
SAP-SEED-01320,SAP PPQM,SAP General / Consulting,4.5,3–4 years,New Delhi,Delhi
SAP-SEED-01321,SAP PPQM,SAP General / Consulting,9.0,8–11 years,,Unknown
SAP-SEED-01322,SAP PPQM,SAP General / Consulting,5.4,5–7 years,,Unknown
SAP-SEED-01323,SAP PPQM,SAP General / Consulting,5.6,5–7 years,Hyderabad,Hyderabad
SAP-SEED-01324,SAP PPQM,SAP General / Consulting,6.4,5–7 years,Hyderabad,Hyderabad
SAP-SEED-01325,SAP PPQM,SAP General / Consulting,4.6,3–4 years,Bangalore,Bengaluru
SAP-SEED-01326,SAP PPQM,SAP General / Consulting,7.0,5–7 years,Hyderabad,Hyderabad
SAP-SEED-01327,SAP PPQM,SAP General / Consulting,10.0,8–11 years,Bangalore,Bengaluru
SAP-SEED-01328,SAP PPQM,SAP General / Consulting,6.0,5–7 years,Nagpur,Nagpur
SAP-SEED-01329,SAP PPQM,SAP General / Consulting,7.7,5–7 years,,Unknown
SAP-SEED-01330,SAP PPQM,SAP General / Consulting,5.6,5–7 years,Chennai,Chennai
SAP-SEED-01331,SAP PPQM,SAP General / Consulting,8.0,8–11 years,,Unknown
SAP-SEED-01332,SAP FICO Technical,SAP Finance / FICO,23.0,12+ years,Gurugram,Gurugram
SAP-SEED-01333,SAP FICO Technical,SAP Finance / FICO,23.0,12+ years,Bangalore,Bengaluru
SAP-SEED-01334,SAP FICO Audit,SAP Finance / FICO,19.0,12+ years,Bangalore,Bengaluru
SAP-SEED-01335,SAP FICO M&A,SAP Finance / FICO,19.0,12+ years,Bangalore,Bengaluru
SAP-SEED-01336,SAP FICO M&A,SAP Finance / FICO,16.0,12+ years,Pune,Pune
SAP-SEED-01337,SAP FICO Audit,SAP Finance / FICO,15.0,12+ years,Mumbai,Mumbai
SAP-SEED-01338,SAP FICO Audit,SAP Finance / FICO,20.0,12+ years,Bangalore,Bengaluru
SAP-SEED-01339,SAP FICO Audit,SAP Finance / FICO,15.0,12+ years,Bangalore,Bengaluru
SAP-SEED-01340,SAP FICO Audit,SAP Finance / FICO,17.0,12+ years,Bangalore,Bengaluru
SAP-SEED-01341,SAP FICO Audit,SAP Finance / FICO,19.0,12+ years,Mumbai,Mumbai
SAP-SEED-01342,SAP FICO Audit,SAP Finance / FICO,21.0,12+ years,Mumbai,Mumbai
SAP-SEED-01343,SAP AMS,SAP General / Consulting,20.0,12+ years,Gurugram,Gurugram
SAP-SEED-01344,SAP AMS,SAP General / Consulting,16.0,12+ years,Gurugram,Gurugram
SAP-SEED-01345,SAP FICO M&A,SAP Finance / FICO,23.0,12+ years,Mumbai,Mumbai
SAP-SEED-01346,SAP FICO M&A,SAP Finance / FICO,17.0,12+ years,Mumbai,Mumbai
SAP-SEED-01347,SAP FICO M&A,SAP Finance / FICO,16.0,12+ years,Noida,Noida
SAP-SEED-01348,SAP FICO M&A,SAP Finance / FICO,17.0,12+ years,Pune,Pune
SAP-SEED-01349,SAP FICO M&A,SAP Finance / FICO,17.0,12+ years,Pune,Pune
SAP-SEED-01350,SAP FICO M&A,SAP Finance / FICO,14.0,12+ years,Mumbai,Mumbai
SAP-SEED-01351,SAP FICO M&A,SAP Finance / FICO,23.0,12+ years,Pune,Pune
SAP-SEED-01352,SAP FICO M&A,SAP Finance / FICO,16.0,12+ years,Pune,Pune
SAP-SEED-01353,SAP FICO M&A,SAP Finance / FICO,29.0,12+ years,Mumbai,Mumbai
SAP-SEED-01354,SAP FICO M&A,SAP Finance / FICO,17.0,12+ years,Gurugram,Gurugram
SAP-SEED-01355,SAP MM,SAP Procurement / MM,17.0,12+ years,New Delhi,Delhi
SAP-SEED-01356,SAP MM,SAP Procurement / MM,,Unknown / Needs enrichment,Gurugram,Gurugram
SAP-SEED-01357,SAP MM- Director,SAP Procurement / MM,20.0,12+ years,Gurugram,Gurugram
SAP-SEED-01358,SAP MM,SAP Procurement / MM,27.0,12+ years,New Delhi,Delhi
SAP-SEED-01359,SAP MM,SAP Procurement / MM,,Unknown / Needs enrichment,Noida,Noida
SAP-SEED-01360,SAP MM,SAP Procurement / MM,23.0,12+ years,Delhi,Delhi
SAP-SEED-01361,SAP MM,SAP Procurement / MM,21.0,12+ years,Noida,Noida
SAP-SEED-01362,SAP MM,SAP Procurement / MM,18.0,12+ years,New Delhi,Delhi
SAP-SEED-01363,SAP FICO Technical,SAP Finance / FICO,27.0,12+ years,Hyderababd,Hyderababd
SAP-SEED-01364,SAP BASIS,SAP Basis / Administration,9.0,8–11 years,Pune,Pune
SAP-SEED-01365,SAP BASIS,SAP Basis / Administration,9.0,8–11 years,Pune,Pune
SAP-SEED-01366,SAP BASIS,SAP Basis / Administration,8.0,8–11 years,Mumbai,Mumbai
SAP-SEED-01367,SAP BASIS,SAP Basis / Administration,14.0,12+ years,Mumbai,Mumbai
SAP-SEED-01368,SAP BASIS,SAP Basis / Administration,9.0,8–11 years,Bangalore,Bengaluru
SAP-SEED-01369,SAP BASIS,SAP Basis / Administration,13.8,12+ years,Pune,Pune
SAP-SEED-01370,SAP BASIS,SAP Basis / Administration,8.0,8–11 years,Mumbai,Mumbai
SAP-SEED-01371,SAP BASIS,SAP Basis / Administration,14.0,12+ years,Mumbai,Mumbai
SAP-SEED-01372,SAP BASIS,SAP Basis / Administration,13.0,12+ years,Mumbai,Mumbai
SAP-SEED-01373,SAP BASIS,SAP Basis / Administration,10.0,8–11 years,Mumbai,Mumbai
SAP-SEED-01374,SAP BASIS,SAP Basis / Administration,14.0,12+ years,Mumbai,Mumbai
SAP-SEED-01375,SAP BASIS,SAP Basis / Administration,8.0,8–11 years,Mumbai,Mumbai
SAP-SEED-01376,SAP BASIS,SAP Basis / Administration,10.0,8–11 years,Mumbai,Mumbai
SAP-SEED-01377,SAP BASIS,SAP Basis / Administration,9.9,8–11 years,Mumbai,Mumbai
SAP-SEED-01378,SAP BASIS,SAP Basis / Administration,11.0,8–11 years,Mumbai,Mumbai
SAP-SEED-01379,SAP BASIS,SAP Basis / Administration,22.0,12+ years,Mumbai,Mumbai
SAP-SEED-01380,SAP BASIS,SAP Basis / Administration,14.0,12+ years,Mumbai,Mumbai
SAP-SEED-01381,SAP BASIS,SAP Basis / Administration,13.0,12+ years,Mumbai,Mumbai
SAP-SEED-01382,SAP BASIS,SAP Basis / Administration,5.6,5–7 years,Mumbai,Mumbai
SAP-SEED-01383,SAP BASIS,SAP Basis / Administration,12.0,12+ years,Mumbai,Mumbai
SAP-SEED-01384,SAP BASIS,SAP Basis / Administration,11.0,8–11 years,Noida,Noida
SAP-SEED-01385,SAP BASIS,SAP Basis / Administration,15.0,12+ years,Mumbai,Mumbai
SAP-SEED-01386,SAP BASIS,SAP Basis / Administration,14.0,12+ years,Pune,Pune
SAP-SEED-01387,SAP BASIS,SAP Basis / Administration,9.0,8–11 years,Pune,Pune
SAP-SEED-01388,SAP BASIS,SAP Basis / Administration,14.0,12+ years,Hyderabad,Hyderabad
SAP-SEED-01389,SAP BASIS,SAP Basis / Administration,14.0,12+ years,Mumbai,Mumbai
SAP-SEED-01390,SAP BASIS,SAP Basis / Administration,13.0,12+ years,Mumbai,Mumbai
SAP-SEED-01391,SAP BASIS,SAP Basis / Administration,14.0,12+ years,Mumbai,Mumbai
SAP-SEED-01392,SAP AMS,SAP General / Consulting,27.0,12+ years,Bengaluru,Bengaluru
SAP-SEED-01393,SAP AMS,SAP General / Consulting,20.0,12+ years,Pune,Pune
SAP-SEED-01394,SAP AMS,SAP General / Consulting,22.0,12+ years,Pune,Pune
SAP-SEED-01395,SAP AMS,SAP General / Consulting,22.0,12+ years,Bengaluru,Bengaluru
SAP-SEED-01396,SAP AMS,SAP General / Consulting,23.0,12+ years,Bengaluru,Bengaluru
SAP-SEED-01397,SAP AMS,SAP General / Consulting,20.0,12+ years,Hyderabad,Hyderabad
SAP-SEED-01398,SAP AMS,SAP General / Consulting,22.0,12+ years,Hyderabad,Hyderabad
SAP-SEED-01399,SAP AMS,SAP General / Consulting,21.0,12+ years,Hyderabad,Hyderabad
SAP-SEED-01400,SAP AMS,SAP General / Consulting,20.0,12+ years,Mumbai,Mumbai
SAP-SEED-01401,SAP AMS,SAP General / Consulting,18.0,12+ years,Hyderabad,Hyderabad
SAP-SEED-01402,SAP AMS,SAP General / Consulting,21.0,12+ years,Pune,Pune
SAP-SEED-01403,SAP AMS,SAP General / Consulting,9.0,8–11 years,Pune,Pune
SAP-SEED-01404,SAP AMS,SAP General / Consulting,22.0,12+ years,Hyderabad,Hyderabad
SAP-SEED-01405,SAP AMS,SAP General / Consulting,22.0,12+ years,Pune,Pune
SAP-SEED-01406,SAP AMS,SAP General / Consulting,20.0,12+ years,Gurgaon,Gurugram
SAP-SEED-01407,SAP AMS,SAP General / Consulting,4.0,3–4 years,Hyderabad,Hyderabad
SAP-SEED-01408,SAP AMS,SAP General / Consulting,7.0,5–7 years,Pune,Pune
SAP-SEED-01409,SAP AMS,SAP General / Consulting,6.0,5–7 years,Bengaluru,Bengaluru
SAP-SEED-01410,SAP AMS,SAP General / Consulting,20.0,12+ years,Mumbai,Mumbai
SAP-SEED-01411,SAP AMS,SAP General / Consulting,20.0,12+ years,Pune,Pune
SAP-SEED-01412,SAP AMS,SAP General / Consulting,19.0,12+ years,Pune,Pune
SAP-SEED-01413,SAP AMS,SAP General / Consulting,9.0,8–11 years,Bangalore,Bengaluru
SAP-SEED-01414,SAP FICO,SAP Finance / FICO,5.4,5–7 years,Bangalore,Bengaluru
SAP-SEED-01415,SAP FICO,SAP Finance / FICO,4.6,3–4 years,Bangalore,Bengaluru
SAP-SEED-01416,SAP FICO,SAP Finance / FICO,6.5,5–7 years,Bangalore,Bengaluru
SAP-SEED-01417,SAP ABAP,SAP ABAP / Development,4.9,3–4 years,Mumbai,Mumbai
SAP-SEED-01418,SAP TM,SAP Transportation / TM,,Unknown / Needs enrichment,Mumbai,Mumbai
SAP-SEED-01419,SAP TM,SAP Transportation / TM,,Unknown / Needs enrichment,Thane,Thane
SAP-SEED-01420,SAP TM,SAP Transportation / TM,,Unknown / Needs enrichment,Mumbai,Mumbai
SAP-SEED-01421,SAP TM,SAP Transportation / TM,,Unknown / Needs enrichment,Mangalore,Mangalore
SAP-SEED-01422,SAP TM,SAP Transportation / TM,,Unknown / Needs enrichment,Mumbai,Mumbai
SAP-SEED-01423,SAP TM,SAP Transportation / TM,,Unknown / Needs enrichment,Noida,Noida
SAP-SEED-01424,SAP TM,SAP Transportation / TM,,Unknown / Needs enrichment,Mumbai,Mumbai
SAP-SEED-01425,SAP TM,SAP Transportation / TM,,Unknown / Needs enrichment,Mumbai,Mumbai
SAP-SEED-01426,SAP TM,SAP Transportation / TM,,Unknown / Needs enrichment,Mumbai,Mumbai
SAP-SEED-01427,SAP TM,SAP Transportation / TM,,Unknown / Needs enrichment,Mumbai,Mumbai
SAP-SEED-01428,SAP TM,SAP Transportation / TM,,Unknown / Needs enrichment,Mumbai,Mumbai
SAP-SEED-01429,SAP TM,SAP Transportation / TM,,Unknown / Needs enrichment,Mumbai,Mumbai
SAP-SEED-01430,SAP TM,SAP Transportation / TM,,Unknown / Needs enrichment,Mumbai,Mumbai
SAP-SEED-01431,SAP TM,SAP Transportation / TM,,Unknown / Needs enrichment,Mumbai,Mumbai
SAP-SEED-01432,SAP TM,SAP Transportation / TM,,Unknown / Needs enrichment,Mumbai,Mumbai
SAP-SEED-01433,SAP TM,SAP Transportation / TM,16.0,12+ years,Mumbai,Mumbai
SAP-SEED-01434,SAP TM,SAP Transportation / TM,10.0,8–11 years,Mumbai,Mumbai
SAP-SEED-01435,SAP TM,SAP Transportation / TM,25.0,12+ years,Mumbai,Mumbai
SAP-SEED-01436,SAP TM,SAP Transportation / TM,21.0,12+ years,Mumbai,Mumbai
SAP-SEED-01437,SAP TM,SAP Transportation / TM,11.0,8–11 years,Mumbai,Mumbai
SAP-SEED-01438,SAP TM,SAP Transportation / TM,4.0,3–4 years,Mumbai,Mumbai
SAP-SEED-01439,SAP TM,SAP Transportation / TM,10.3,8–11 years,Mumbai,Mumbai
SAP-SEED-01440,SAP TM,SAP Transportation / TM,14.0,12+ years,Mumbai,Mumbai
SAP-SEED-01441,SAP TM,SAP Transportation / TM,12.0,12+ years,Mumbai,Mumbai
SAP-SEED-01442,SAP TM,SAP Transportation / TM,14.0,12+ years,Mumbai,Mumbai
SAP-SEED-01443,SAP TM,SAP Transportation / TM,9.0,8–11 years,Mumbai,Mumbai
SAP-SEED-01444,SAP TM,SAP Transportation / TM,4.0,3–4 years,Mumbai,Mumbai
SAP-SEED-01445,SAP TM,SAP Transportation / TM,5.0,5–7 years,Mumbai,Mumbai
SAP-SEED-01446,SAP TM,SAP Transportation / TM,6.4,5–7 years,Mumbai,Mumbai
SAP-SEED-01447,SAP,SAP General / Consulting,8.0,8–11 years,Mumbai,Mumbai
SAP-SEED-01448,SAP,SAP General / Consulting,11.0,8–11 years,Mumbai,Mumbai
SAP-SEED-01449,SAP,SAP General / Consulting,11.0,8–11 years,Mumbai,Mumbai
SAP-SEED-01450,SAP,SAP General / Consulting,14.0,12+ years,Mumbai,Mumbai
SAP-SEED-01451,SAP,SAP General / Consulting,9.0,8–11 years,Mumbai,Mumbai
SAP-SEED-01452,SAP,SAP General / Consulting,14.0,12+ years,Mumbai,Mumbai
SAP-SEED-01453,SAP,SAP General / Consulting,9.1,8–11 years,Mumbai,Mumbai
SAP-SEED-01454,SAP,SAP General / Consulting,10.0,8–11 years,Mumbai,Mumbai
SAP-SEED-01455,SAP,SAP General / Consulting,3.6,3–4 years,Mumbai,Mumbai
SAP-SEED-01456,SAP,SAP General / Consulting,5.6,5–7 years,Mumbai,Mumbai
SAP-SEED-01457,SAP,SAP General / Consulting,14.0,12+ years,Mumbai,Mumbai
SAP-SEED-01458,SAP,SAP General / Consulting,5.0,5–7 years,Dahanu,Dahanu
SAP-SEED-01459,SAP,SAP General / Consulting,20.0,12+ years,Mumbai,Mumbai
SAP-SEED-01460,SAP,SAP General / Consulting,9.0,8–11 years,Mumbai,Mumbai
SAP-SEED-01461,SAP,SAP General / Consulting,3.0,3–4 years,Mumbai,Mumbai
SAP-SEED-01462,SAP,SAP General / Consulting,9.0,8–11 years,Mumbai,Mumbai
SAP-SEED-01463,SAP,SAP General / Consulting,5.0,5–7 years,Mumbai,Mumbai
SAP-SEED-01464,SAP,SAP General / Consulting,7.0,5–7 years,Mumbai,Mumbai
SAP-SEED-01465,SAP,SAP General / Consulting,23.0,12+ years,Mumbai,Mumbai
SAP-SEED-01466,SAP,SAP General / Consulting,13.0,12+ years,Mumbai,Mumbai
SAP-SEED-01467,SAP,SAP General / Consulting,9.0,8–11 years,Mumbai,Mumbai
SAP-SEED-01468,SAP,SAP General / Consulting,2.0,3–4 years,Mumbai,Mumbai
SAP-SEED-01469,SAP,SAP General / Consulting,7.0,5–7 years,Mumbai,Mumbai
SAP-SEED-01470,SAP,SAP General / Consulting,16.0,12+ years,Mumbai,Mumbai
SAP-SEED-01471,SAP,SAP General / Consulting,15.0,12+ years,Mumbai,Mumbai
SAP-SEED-01472,SAP,SAP General / Consulting,6.0,5–7 years,Mumbai,Mumbai
SAP-SEED-01473,SAP SD,SAP Sales / SD,6.0,5–7 years,Bengaluru,Bengaluru
SAP-SEED-01474,SAP SD,SAP Sales / SD,9.0,8–11 years,Bengaluru,Bengaluru
SAP-SEED-01475,SAP FICO,SAP Finance / FICO,5.2,5–7 years,Bengaluru,Bengaluru
SAP-SEED-01476,SAP MM,SAP Procurement / MM,5.5,5–7 years,Bengaluru,Bengaluru
SAP-SEED-01477,SAP FICO,SAP Finance / FICO,5.0,5–7 years,Bangalore,Bengaluru
SAP-SEED-01478,SAP FICO,SAP Finance / FICO,5.1,5–7 years,Bangalore,Bengaluru
SAP-SEED-01479,SAP FICO,SAP Finance / FICO,7.0,5–7 years,Bangalore,Bengaluru
SAP-SEED-01480,SAP HCM,SAP HCM / SuccessFactors,,Unknown / Needs enrichment,Mumbai,Mumbai
SAP-SEED-01481,SAP HCM,SAP HCM / SuccessFactors,,Unknown / Needs enrichment,Mumbai,Mumbai
SAP-SEED-01482,SAP FICO,SAP Finance / FICO,5.1,5–7 years,Hyderabad,Hyderabad
SAP-SEED-01483,SAP FICO,SAP Finance / FICO,7.0,5–7 years,Hyderabad,Hyderabad
SAP-SEED-01484,SAP FICO,SAP Finance / FICO,6.2,5–7 years,Hyderabad,Hyderabad
SAP-SEED-01485,SAP FICO,SAP Finance / FICO,5.8,5–7 years,Bangalore,Bengaluru
SAP-SEED-01486,SAP SD,SAP Sales / SD,7.5,5–7 years,Bangalore,Bengaluru
SAP-SEED-01487,SAP PP,SAP Manufacturing / PP,,Unknown / Needs enrichment,Noida,Noida
SAP-SEED-01488,SAP FICO,SAP Finance / FICO,7.0,5–7 years,Bengaluru,Bengaluru
SAP-SEED-01489,SAP MM,SAP Procurement / MM,7.1,5–7 years,Bangalore,Bengaluru
SAP-SEED-01490,SAP SD,SAP Sales / SD,5.2,5–7 years,Bangalore,Bengaluru
SAP-SEED-01491,SAP SD,SAP Sales / SD,6.1,5–7 years,Hyderabad,Hyderabad
SAP-SEED-01492,SAP MM,SAP Procurement / MM,4.8,3–4 years,Bangalore,Bengaluru
SAP-SEED-01493,SAP MM,SAP Procurement / MM,5.6,5–7 years,Bangalore,Bengaluru
SAP-SEED-01494,SAP PP,SAP Manufacturing / PP,6.0,5–7 years,Chennai,Chennai
SAP-SEED-01495,SAP PP,SAP Manufacturing / PP,8.4,8–11 years,Bangalore,Bengaluru
SAP-SEED-01496,SAP PP,SAP Manufacturing / PP,6.1,5–7 years,Delhi,Delhi
SAP-SEED-01497,SAP MM,SAP Procurement / MM,9.0,8–11 years,Bengaluru,Bengaluru
SAP-SEED-01498,SAP MM,SAP Procurement / MM,,Unknown / Needs enrichment,Bengaluru,Bengaluru
SAP-SEED-01499,SAP MM,SAP Procurement / MM,7.4,5–7 years,Bengaluru,Bengaluru
SAP-SEED-01500,SAP MM,SAP Procurement / MM,8.6,8–11 years,Bengaluru,Bengaluru
SAP-SEED-01501,SAP MM,SAP Procurement / MM,8.0,8–11 years,Hyderabad,Hyderabad
SAP-SEED-01502,SAP FICO,SAP Finance / FICO,,Unknown / Needs enrichment,Bangalore,Bengaluru
SAP-SEED-01503,SAP FICO,SAP Finance / FICO,,Unknown / Needs enrichment,Bangalore,Bengaluru
SAP-SEED-01504,SAP FICO,SAP Finance / FICO,,Unknown / Needs enrichment,Bangalore,Bengaluru
SAP-SEED-01505,SAP SD,SAP Sales / SD,4.0,3–4 years,Bangalore,Bengaluru
SAP-SEED-01506,SAP PP Consultant,SAP Manufacturing / PP,10.0,8–11 years,Gurugram,Gurugram
SAP-SEED-01507,SAP PP Consultant,SAP Manufacturing / PP,,Unknown / Needs enrichment,Gurugram,Gurugram
SAP-SEED-01508,SAP PP Consultant,SAP Manufacturing / PP,6.6,5–7 years,Bangalore,Bengaluru
SAP-SEED-01509,SAP PP,SAP Manufacturing / PP,8.0,8–11 years,Bangalore,Bengaluru
SAP-SEED-01510,SAP PP,SAP Manufacturing / PP,6.0,5–7 years,Chennai,Chennai
SAP-SEED-01511,SAP PP,SAP Manufacturing / PP,9.0,8–11 years,Chennai,Chennai
SAP-SEED-01512,SAP PP/SAP PM,SAP Manufacturing / PP,,Unknown / Needs enrichment,Chennai,Chennai
SAP-SEED-01513,SAP FICO,SAP Finance / FICO,6.5,5–7 years,Hyderabad,Hyderabad
SAP-SEED-01514,SAP FICO,SAP Finance / FICO,5.3,5–7 years,Hyderabad,Hyderabad
SAP-SEED-01515,SAP FICO,SAP Finance / FICO,5.1,5–7 years,Bangalore,Bengaluru
SAP-SEED-01516,SAP FICO,SAP Finance / FICO,6.5,5–7 years,Hyderabad,Hyderabad
SAP-SEED-01517,SAP PP Sr Consultant,SAP Manufacturing / PP,,Unknown / Needs enrichment,Gurugram,Gurugram
SAP-SEED-01518,SAP FI,SAP Finance / FICO,5.6,5–7 years,Bangalore,Bengaluru
SAP-SEED-01519,SAP FI,SAP Finance / FICO,6.0,5–7 years,Bangalore,Bengaluru
SAP-SEED-01520,SAP PP,SAP Manufacturing / PP,7.0,5–7 years,Chennai,Chennai
SAP-SEED-01521,SAP PP,SAP Manufacturing / PP,5.4,5–7 years,Noida,Noida
SAP-SEED-01522,SAP PP,SAP Manufacturing / PP,9.0,8–11 years,Noida,Noida
SAP-SEED-01523,SAP FICO,SAP Finance / FICO,5.7,5–7 years,Bangalore,Bengaluru
SAP-SEED-01524,SAP SD- CON /SCON,SAP Sales / SD,,Unknown / Needs enrichment,Noida,Noida
SAP-SEED-01525,SAP SD- CON /SCON,SAP Sales / SD,,Unknown / Needs enrichment,Gurugram,Gurugram
SAP-SEED-01526,SAP SD- CON /SCON,SAP Sales / SD,8.6,8–11 years,Delhi,Delhi
SAP-SEED-01527,SAP SD- CON /SCON,SAP Sales / SD,,Unknown / Needs enrichment,Delhi,Delhi
SAP-SEED-01528,SAP PP,SAP Manufacturing / PP,,Unknown / Needs enrichment,Kolkata,Kolkata
SAP-SEED-01529,SAP SD- CON /SCON,SAP Sales / SD,,Unknown / Needs enrichment,Bangalore,Bengaluru
SAP-SEED-01530,SAP SD- CON /SCON,SAP Sales / SD,,Unknown / Needs enrichment,Bangalore,Bengaluru
SAP-SEED-01531,SAP SD- CON /SCON,SAP Sales / SD,,Unknown / Needs enrichment,Noida,Noida
SAP-SEED-01532,SAP SD- CON /SCON,SAP Sales / SD,6.8,5–7 years,Pune,Pune
SAP-SEED-01533,SAP SD- CON /SCON,SAP Sales / SD,11.0,8–11 years,Bangalore,Bengaluru
SAP-SEED-01534,SAP SD- CON /SCON,SAP Sales / SD,6.0,5–7 years,Pune,Pune
SAP-SEED-01535,SAP SD- CON /SCON,SAP Sales / SD,18.0,12+ years,Pune,Pune
SAP-SEED-01536,SAP SD- CON /SCON,SAP Sales / SD,6.0,5–7 years,Hyderabad,Hyderabad
SAP-SEED-01537,SAP SD- CON /SCON,SAP Sales / SD,6.0,5–7 years,Mumbai,Mumbai
SAP-SEED-01538,SAP SD- CON /SCON,SAP Sales / SD,6.0,5–7 years,Bangalore,Bengaluru
SAP-SEED-01539,SAP SD- CON /SCON,SAP Sales / SD,6.0,5–7 years,Pune,Pune
SAP-SEED-01540,SAP SD- CON /SCON,SAP Sales / SD,7.0,5–7 years,Mumbai,Mumbai
SAP-SEED-01541,SAP PP,SAP Manufacturing / PP,8.0,8–11 years,Kolkata,Kolkata
SAP-SEED-01542,SAP PP,SAP Manufacturing / PP,,Unknown / Needs enrichment,Delhi,Delhi
SAP-SEED-01543,SAP SD- CON /SCON,SAP Sales / SD,,Unknown / Needs enrichment,Pune,Pune
SAP-SEED-01544,SAP SD- CON /SCON,SAP Sales / SD,,Unknown / Needs enrichment,Pune,Pune
SAP-SEED-01545,SAP SD- CON /SCON,SAP Sales / SD,6.8,5–7 years,Noida,Noida
SAP-SEED-01546,SAP SD- CON /SCON,SAP Sales / SD,7.1,5–7 years,Pune,Pune
SAP-SEED-01547,SAP PP,SAP Manufacturing / PP,6.0,5–7 years,Gurgaon,Gurugram
SAP-SEED-01548,SAP SD- CON /SCON,SAP Sales / SD,7.0,5–7 years,Mumbai,Mumbai
SAP-SEED-01549,SAP SD- CON /SCON,SAP Sales / SD,11.0,8–11 years,Bangalore,Bengaluru
SAP-SEED-01550,SAP PP,SAP Manufacturing / PP,8.0,8–11 years,Chennai,Chennai
SAP-SEED-01551,SAP PPQM,SAP General / Consulting,4.1,3–4 years,Lucknow,Lucknow
SAP-SEED-01552,SAP PPQM,SAP General / Consulting,4.5,3–4 years,Bengaluru,Bengaluru
SAP-SEED-01553,SAP PP,SAP Manufacturing / PP,6.0,5–7 years,Noida,Noida
SAP-SEED-01554,SAP PP,SAP Manufacturing / PP,7.0,5–7 years,Pune,Pune
SAP-SEED-01555,SAP PP,SAP Manufacturing / PP,6.0,5–7 years,Bangalore,Bengaluru
SAP-SEED-01556,SAP PP,SAP Manufacturing / PP,,Unknown / Needs enrichment,Mumbai,Mumbai
SAP-SEED-01557,SAP PP,SAP Manufacturing / PP,,Unknown / Needs enrichment,Gurugram,Gurugram
SAP-SEED-01558,SAP PP,SAP Manufacturing / PP,,Unknown / Needs enrichment,Mumbai,Mumbai
SAP-SEED-01559,SAP FICO,SAP Finance / FICO,6.0,5–7 years,Delhi,Delhi
SAP-SEED-01560,SAP FICO,SAP Finance / FICO,8.0,8–11 years,Gurgaon,Gurugram
SAP-SEED-01561,SAP FICO,SAP Finance / FICO,6.0,5–7 years,Mumbai,Mumbai
SAP-SEED-01562,SAP FICO,SAP Finance / FICO,6.0,5–7 years,Gurgaon,Gurugram
SAP-SEED-01563,SAP FICO,SAP Finance / FICO,9.5,8–11 years,Bengaluru,Bengaluru
SAP-SEED-01564,SAP FICO,SAP Finance / FICO,7.0,5–7 years,Mumbai,Mumbai
SAP-SEED-01565,SAP FICO,SAP Finance / FICO,6.9,5–7 years,Mumbai,Mumbai
SAP-SEED-01566,SAP FICO,SAP Finance / FICO,12.0,12+ years,Mumbai,Mumbai
SAP-SEED-01567,SAP FICO,SAP Finance / FICO,9.0,8–11 years,Delhi,Delhi
SAP-SEED-01568,SAP HCM,SAP HCM / SuccessFactors,,Unknown / Needs enrichment,Chennai,Chennai
SAP-SEED-01569,SAP MM Consultant,SAP Procurement / MM,,Unknown / Needs enrichment,Delhi,Delhi
SAP-SEED-01570,SAP MM Consultant,SAP Procurement / MM,4.0,3–4 years,Delhi,Delhi
SAP-SEED-01571,SAP MM Consultant,SAP Procurement / MM,,Unknown / Needs enrichment,Mumbai,Mumbai
SAP-SEED-01572,SAP MM Consultant,SAP Procurement / MM,6.0,5–7 years,Mumbai,Mumbai
SAP-SEED-01573,SAP SD- CON /SCON,SAP Sales / SD,6.0,5–7 years,Pune,Pune
SAP-SEED-01574,SAP SD- CON /SCON,SAP Sales / SD,8.0,8–11 years,Mumbai,Mumbai
SAP-SEED-01575,SAP SD- CON /SCON,SAP Sales / SD,10.0,8–11 years,Noida,Noida
SAP-SEED-01576,SAP ABAP,SAP ABAP / Development,3.0,3–4 years,Bangalore,Bengaluru
SAP-SEED-01577,SAP ABAP,SAP ABAP / Development,2.0,3–4 years,AP,AP
SAP-SEED-01578,SAP ABAP,SAP ABAP / Development,2.6,3–4 years,Bangalore,Bengaluru
SAP-SEED-01579,SAP ABAP,SAP ABAP / Development,2.6,3–4 years,Delhi,Delhi
SAP-SEED-01580,SAP ABAP,SAP ABAP / Development,4.0,3–4 years,Bangalore,Bengaluru
SAP-SEED-01581,SAP ABAP,SAP ABAP / Development,3.3,3–4 years,Mumbai,Mumbai
SAP-SEED-01582,SAP ABAP,SAP ABAP / Development,3.0,3–4 years,Bangalore,Bengaluru
SAP-SEED-01583,SAP ABAP,SAP ABAP / Development,2.5,3–4 years,Bangalore,Bengaluru
SAP-SEED-01584,SAP ABAP,SAP ABAP / Development,2.3,3–4 years,Bangalore,Bengaluru
SAP-SEED-01585,SAP SD Consultant,SAP Sales / SD,6.5,5–7 years,Pune,Pune
SAP-SEED-01586,SAP SD Consultant,SAP Sales / SD,6.0,5–7 years,Mumbai,Mumbai
SAP-SEED-01587,SAP FICO,SAP Finance / FICO,,Unknown / Needs enrichment,Delhi,Delhi
SAP-SEED-01588,SAP MM Consultant,SAP Procurement / MM,,Unknown / Needs enrichment,Delhi,Delhi
SAP-SEED-01589,SAP SD Consultant,SAP Sales / SD,,Unknown / Needs enrichment,Mumbai,Mumbai
SAP-SEED-01590,SAP MM Consultant,SAP Procurement / MM,7.0,5–7 years,Gurugram,Gurugram
SAP-SEED-01591,SAP MM Consultant,SAP Procurement / MM,,Unknown / Needs enrichment,Mumbai,Mumbai
SAP-SEED-01592,SAP MM Consultant,SAP Procurement / MM,10.0,8–11 years,Mumbai,Mumbai
SAP-SEED-01593,SAP SD,SAP Sales / SD,8.0,8–11 years,Delhi,Delhi
SAP-SEED-01594,SAP SD,SAP Sales / SD,6.0,5–7 years,Delhi,Delhi
SAP-SEED-01595,SAP ABAP,SAP ABAP / Development,3.4,3–4 years,Bangalore,Bengaluru
SAP-SEED-01596,SAP ABAP,SAP ABAP / Development,4.0,3–4 years,Bangalore,Bengaluru
SAP-SEED-01597,SAP ABAP,SAP ABAP / Development,4.2,3–4 years,Bangalore,Bengaluru
SAP-SEED-01598,SAP ABAP,SAP ABAP / Development,5.1,5–7 years,Bangalore,Bengaluru
SAP-SEED-01599,SAP ABAP,SAP ABAP / Development,2.1,3–4 years,Bangalore,Bengaluru
SAP-SEED-01600,SAP ABAP,SAP ABAP / Development,3.2,3–4 years,Bangalore,Bengaluru
SAP-SEED-01601,SAP ABAP,SAP ABAP / Development,2.8,3–4 years,Mumbai,Mumbai
SAP-SEED-01602,SAP ABAP,SAP ABAP / Development,4.0,3–4 years,Bangalore,Bengaluru
SAP-SEED-01603,SAP SD Consultant,SAP Sales / SD,6.5,5–7 years,DELHI NCR,Delhi
SAP-SEED-01604,SAP SD Consultant,SAP Sales / SD,8.3,8–11 years,Mumbai,Mumbai
SAP-SEED-01605,SAP ABAP,SAP ABAP / Development,,Unknown / Needs enrichment,Mumbai,Mumbai
SAP-SEED-01606,SAP ABAP,SAP ABAP / Development,3.0,3–4 years,Gurugram,Gurugram
SAP-SEED-01607,SAP ABAP,SAP ABAP / Development,5.2,5–7 years,Bangalore,Bengaluru
SAP-SEED-01608,SAP Coupa,SAP General / Consulting,8.0,8–11 years,Bangalore,Bengaluru
SAP-SEED-01609,SAP Coupa,SAP General / Consulting,7.0,5–7 years,Bangalore,Bengaluru
SAP-SEED-01610,SAP Coupa,SAP General / Consulting,6.0,5–7 years,Pune,Pune
SAP-SEED-01611,SAP SF _EC,SAP General / Consulting,,Unknown / Needs enrichment,Mumbai,Mumbai
SAP-SEED-01612,SAP SF _EC,SAP General / Consulting,,Unknown / Needs enrichment,Mumbai,Mumbai
SAP-SEED-01613,SAP SF _EC,SAP General / Consulting,14.0,12+ years,Mumbai,Mumbai
SAP-SEED-01614,SAP SF _EC,SAP General / Consulting,16.0,12+ years,Pune/Mumbai,Mumbai
SAP-SEED-01615,SAP SF _EC,SAP General / Consulting,18.0,12+ years,Mumbai,Mumbai
SAP-SEED-01616,SAP ABAP,SAP ABAP / Development,4.9,3–4 years,Bangalore,Bengaluru
SAP-SEED-01617,SAP ABAP,SAP ABAP / Development,3.9,3–4 years,Bangalore,Bengaluru
SAP-SEED-01618,SAP ABAP,SAP ABAP / Development,3.0,3–4 years,Bangalore,Bengaluru
SAP-SEED-01619,SAP ABAP,SAP ABAP / Development,3.5,3–4 years,Bangalore,Bengaluru
SAP-SEED-01620,SAP ABAP,SAP ABAP / Development,2.3,3–4 years,Bangalore,Bengaluru
SAP-SEED-01621,SAP ABAP,SAP ABAP / Development,2.5,3–4 years,Bangalore,Bengaluru
SAP-SEED-01622,SAP ABAP,SAP ABAP / Development,3.0,3–4 years,Bangalore,Bengaluru
SAP-SEED-01623,SAP ABAP,SAP ABAP / Development,4.5,3–4 years,Bangalore,Bengaluru
SAP-SEED-01624,SAP ABAP,SAP ABAP / Development,6.1,5–7 years,Bangalore,Bengaluru
SAP-SEED-01625,SAP ABAP,SAP ABAP / Development,8.5,8–11 years,Bangalore,Bengaluru
SAP-SEED-01626,SAP ABAP,SAP ABAP / Development,4.2,3–4 years,Bangalore,Bengaluru
SAP-SEED-01627,SAP ABAP,SAP ABAP / Development,4.3,3–4 years,Bangalore,Bengaluru
SAP-SEED-01628,SAP ABAP,SAP ABAP / Development,4.8,3–4 years,Pune,Pune
SAP-SEED-01629,SAP ABAP,SAP ABAP / Development,4.5,3–4 years,Mumbai,Mumbai
SAP-SEED-01630,SAP ABAP,SAP ABAP / Development,4.0,3–4 years,Bangalore,Bengaluru
SAP-SEED-01631,SAP ABAP,SAP ABAP / Development,4.0,3–4 years,Bangalore,Bengaluru
SAP-SEED-01632,SAP ABAP,SAP ABAP / Development,4.5,3–4 years,Bangalore,Bengaluru
SAP-SEED-01633,SAP ABAP,SAP ABAP / Development,4.5,3–4 years,Bangalore,Bengaluru
SAP-SEED-01634,SAP ABAP,SAP ABAP / Development,4.2,3–4 years,Bangalore,Bengaluru
SAP-SEED-01635,SAP ABAP,SAP ABAP / Development,6.0,5–7 years,Bangalore,Bengaluru
SAP-SEED-01636,SAP ABAP,SAP ABAP / Development,4.0,3–4 years,Bangalore,Bengaluru
SAP-SEED-01637,SAP ABAP,SAP ABAP / Development,,Unknown / Needs enrichment,Bangalore,Bengaluru
SAP-SEED-01638,SAP ABAP,SAP ABAP / Development,,Unknown / Needs enrichment,Bangalore,Bengaluru
SAP-SEED-01639,SAP ABAP,SAP ABAP / Development,,Unknown / Needs enrichment,Bangalore,Bengaluru
SAP-SEED-01640,SAP ABAP,SAP ABAP / Development,,Unknown / Needs enrichment,Mumbai,Mumbai
SAP-SEED-01641,SAP ABAP,SAP ABAP / Development,,Unknown / Needs enrichment,Delhi- Gurugram,Gurugram
SAP-SEED-01642,SAP ABAP,SAP ABAP / Development,,Unknown / Needs enrichment,Delhi- Gurugram,Gurugram
SAP-SEED-01643,SAP ABAP,SAP ABAP / Development,,Unknown / Needs enrichment,Delhi- Gurugram,Gurugram
SAP-SEED-01644,SAP ABAP,SAP ABAP / Development,,Unknown / Needs enrichment,Delhi- Gurugram,Gurugram
SAP-SEED-01645,SAP ABAP,SAP ABAP / Development,7.0,5–7 years,Mumbai,Mumbai
SAP-SEED-01646,SAP SD Consultant,SAP Sales / SD,5.5,5–7 years,Bangalore,Bengaluru
SAP-SEED-01647,SAP SD Consultant,SAP Sales / SD,8.0,8–11 years,Bangalore,Bengaluru
SAP-SEED-01648,SAP SD Consultant,SAP Sales / SD,5.0,5–7 years,Bangalore,Bengaluru
SAP-SEED-01649,SAP SD Consultant,SAP Sales / SD,7.5,5–7 years,Pune,Pune
SAP-SEED-01650,SAP SD Consultant,SAP Sales / SD,5.0,5–7 years,Pune,Pune
SAP-SEED-01651,SAP SD Consultant,SAP Sales / SD,6.0,5–7 years,Pune,Pune
SAP-SEED-01652,SAP FICO,SAP Finance / FICO,5.1,5–7 years,Bangalore,Bengaluru
SAP-SEED-01653,SAP FICO,SAP Finance / FICO,5.8,5–7 years,Bangalore,Bengaluru
SAP-SEED-01654,SAP ABAP,SAP ABAP / Development,4.11,3–4 years,Delhi-Gurugram,Gurugram
SAP-SEED-01655,SAP ABAP,SAP ABAP / Development,7.0,5–7 years,Mumbai,Mumbai
SAP-SEED-01656,SAP ABAP,SAP ABAP / Development,5.8,5–7 years,Gurgaon,Gurugram
SAP-SEED-01657,SAP ABAP,SAP ABAP / Development,6.6,5–7 years,Gurgaon,Gurugram
SAP-SEED-01658,SAP ABAP,SAP ABAP / Development,6.0,5–7 years,Gurgaon,Gurugram
SAP-SEED-01659,SAP ABAP,SAP ABAP / Development,4.0,3–4 years,Mumbai,Mumbai
SAP-SEED-01660,SAP PP,SAP Manufacturing / PP,7.0,5–7 years,Delhi,Delhi
SAP-SEED-01661,SAP ABAP,SAP ABAP / Development,7.8,5–7 years,Mumbai,Mumbai
SAP-SEED-01662,SAP ABAP,SAP ABAP / Development,4.0,3–4 years,Gurugram,Gurugram
SAP-SEED-01663,SAP FICO,SAP Finance / FICO,,Unknown / Needs enrichment,Mumbai,Mumbai
SAP-SEED-01664,SAP FICO,SAP Finance / FICO,7.2,5–7 years,Bangalore,Bengaluru
SAP-SEED-01665,SAP FICO,SAP Finance / FICO,10.0,8–11 years,Bangalore,Bengaluru
SAP-SEED-01666,SAP PM,SAP Plant Maintenance / PM,8.0,8–11 years,Delhi,Delhi
SAP-SEED-01667,SAP PM,SAP Plant Maintenance / PM,4.0,3–4 years,Delhi,Delhi
SAP-SEED-01668,SAP ABAP,SAP ABAP / Development,4.8,3–4 years,Gurgaon,Gurugram
SAP-SEED-01669,SAP PP,SAP Manufacturing / PP,12.0,12+ years,Noida,Noida
SAP-SEED-01670,SAP PP,SAP Manufacturing / PP,,Unknown / Needs enrichment,Delhi,Delhi
SAP-SEED-01671,SAP PM,SAP Plant Maintenance / PM,,Unknown / Needs enrichment,Delhi,Delhi
SAP-SEED-01672,SAP PS,SAP Project Systems / PS,,Unknown / Needs enrichment,Delhi,Delhi
SAP-SEED-01673,SAP PP,SAP Manufacturing / PP,11.0,8–11 years,Gurugram,Gurugram
SAP-SEED-01674,SAP PM,SAP Plant Maintenance / PM,6.0,5–7 years,New Delhi,Delhi
SAP-SEED-01675,SAP ABAP,SAP ABAP / Development,8.0,8–11 years,Mumbai,Mumbai
SAP-SEED-01676,SAP ABAP,SAP ABAP / Development,9.0,8–11 years,Gurgaon,Gurugram
SAP-SEED-01677,SAP ABAP,SAP ABAP / Development,4.6,3–4 years,Gurgaon,Gurugram
SAP-SEED-01678,SAP ABAP,SAP ABAP / Development,4.4,3–4 years,Gurugram,Gurugram
SAP-SEED-01679,SAP ABAP,SAP ABAP / Development,,Unknown / Needs enrichment,Gurugram,Gurugram
SAP-SEED-01680,SAP ABAP,SAP ABAP / Development,4.0,3–4 years,Belgaum-Mumbai,Mumbai
SAP-SEED-01681,SAP ABAP,SAP ABAP / Development,6.0,5–7 years,Noida-Gurugram,Gurugram
SAP-SEED-01682,SAP ABAP,SAP ABAP / Development,6.0,5–7 years,Pune-Mumbai,Mumbai
SAP-SEED-01683,SAP ABAP,SAP ABAP / Development,,Unknown / Needs enrichment,Delhi-Gurugram,Gurugram
SAP-SEED-01684,SAP FICO,SAP Finance / FICO,6.0,5–7 years,New Delhi,Delhi
SAP-SEED-01685,SAP FICO,SAP Finance / FICO,,Unknown / Needs enrichment,Mumbai,Mumbai
SAP-SEED-01686,SAP FICO,SAP Finance / FICO,,Unknown / Needs enrichment,Pune,Pune
SAP-SEED-01687,SAP FICO,SAP Finance / FICO,,Unknown / Needs enrichment,Noida,Noida
SAP-SEED-01688,SAP FICO,SAP Finance / FICO,,Unknown / Needs enrichment,Orissa/Pune,Pune
SAP-SEED-01689,SAP FICO,SAP Finance / FICO,,Unknown / Needs enrichment,Delhi NCR,Delhi
SAP-SEED-01690,SAP FICO,SAP Finance / FICO,5.0,5–7 years,Mumbai,Mumbai
SAP-SEED-01691,SAP FICO,SAP Finance / FICO,6.6,5–7 years,Bangalore,Bengaluru
SAP-SEED-01692,SAP FICO,SAP Finance / FICO,8.8,8–11 years,Pune,Pune
SAP-SEED-01693,SAP ABAP,SAP ABAP / Development,4.6,3–4 years,Bangalore,Bengaluru
SAP-SEED-01694,SAP ABAP,SAP ABAP / Development,9.1,8–11 years,Bangalore,Bengaluru
SAP-SEED-01695,SAP ABAP,SAP ABAP / Development,5.6,5–7 years,Bengaluru,Bengaluru
SAP-SEED-01696,SAP ABAP,SAP ABAP / Development,5.2,5–7 years,Bengaluru,Bengaluru
SAP-SEED-01697,SAP FICO,SAP Finance / FICO,,Unknown / Needs enrichment,Mumbai,Mumbai
SAP-SEED-01698,SAP FICO,SAP Finance / FICO,,Unknown / Needs enrichment,Bangalore,Bengaluru
SAP-SEED-01699,SAP FICO,SAP Finance / FICO,6.0,5–7 years,Delhi,Delhi
SAP-SEED-01700,SAP FICO,SAP Finance / FICO,6.0,5–7 years,Delhi,Delhi
SAP-SEED-01701,SAP FICO,SAP Finance / FICO,8.5,8–11 years,Bengaluru,Bengaluru
SAP-SEED-01702,SAP FICO,SAP Finance / FICO,9.0,8–11 years,Bengaluru,Bengaluru
SAP-SEED-01703,SAP FICO,SAP Finance / FICO,10.0,8–11 years,Mumbai,Mumbai
SAP-SEED-01704,SAP FICO,SAP Finance / FICO,7.0,5–7 years,Noida,Noida
SAP-SEED-01705,SAP FICO,SAP Finance / FICO,9.0,8–11 years,Pune-Work  location,Pune
SAP-SEED-01706,SAP FICO,SAP Finance / FICO,5.0,5–7 years,Gurugram,Gurugram
SAP-SEED-01707,SAP FICO,SAP Finance / FICO,8.11,8–11 years,Delhi,Delhi
SAP-SEED-01708,SAP FICO,SAP Finance / FICO,10.0,8–11 years,Mumbai,Mumbai
SAP-SEED-01709,SAP FICO,SAP Finance / FICO,6.5,5–7 years,Mumbai,Mumbai
SAP-SEED-01710,SAP FICO,SAP Finance / FICO,8.0,8–11 years,Gurgaon,Gurugram
SAP-SEED-01711,SAP FICO,SAP Finance / FICO,8.0,8–11 years,Gurgaon,Gurugram
SAP-SEED-01712,SAP FICO,SAP Finance / FICO,7.5,5–7 years,Mumbai,Mumbai
SAP-SEED-01713,SAP MM Consultant,SAP Procurement / MM,6.6,5–7 years,Banaglore,Banaglore
SAP-SEED-01714,SAP MM Consultant,SAP Procurement / MM,6.0,5–7 years,Banaglore,Banaglore
SAP-SEED-01715,SAP MM Consultant,SAP Procurement / MM,6.0,5–7 years,Pune,Pune
SAP-SEED-01716,SAP FICO,SAP Finance / FICO,6.11,5–7 years,Banaglore,Banaglore
SAP-SEED-01717,SAP MM Consultant,SAP Procurement / MM,5.5,5–7 years,Bangalore,Bengaluru
SAP-SEED-01718,SAP MM Consultant,SAP Procurement / MM,11.0,8–11 years,Pune,Pune
SAP-SEED-01719,SAP MM Consultant,SAP Procurement / MM,8.2,8–11 years,Bangalore,Bengaluru
SAP-SEED-01720,SAP MM Consultant,SAP Procurement / MM,,Unknown / Needs enrichment,Pune,Pune
SAP-SEED-01721,SAP MM Consultant,SAP Procurement / MM,5.5,5–7 years,Pune,Pune
SAP-SEED-01722,SAP MM Consultant,SAP Procurement / MM,,Unknown / Needs enrichment,Pune,Pune
SAP-SEED-01723,SAP MM Consultant,SAP Procurement / MM,,Unknown / Needs enrichment,Pune,Pune
SAP-SEED-01724,SAP MM Consultant,SAP Procurement / MM,,Unknown / Needs enrichment,Pune,Pune
SAP-SEED-01725,SAP MM Consultant,SAP Procurement / MM,,Unknown / Needs enrichment,Pune,Pune
SAP-SEED-01726,SAP FICO,SAP Finance / FICO,9.0,8–11 years,Bangalore,Bengaluru
SAP-SEED-01727,SAP FICO,SAP Finance / FICO,5.0,5–7 years,Bangalore,Bengaluru
SAP-SEED-01728,SAP FICO,SAP Finance / FICO,11.0,8–11 years,Pune,Pune
SAP-SEED-01729,SAP FICO,SAP Finance / FICO,9.0,8–11 years,Mumbai,Mumbai
SAP-SEED-01730,SAP ABAP,SAP ABAP / Development,4.0,3–4 years,Gurugram,Gurugram
SAP-SEED-01731,SAP ABAP,SAP ABAP / Development,,Unknown / Needs enrichment,Gurugram,Gurugram
SAP-SEED-01732,SAP FICO,SAP Finance / FICO,,Unknown / Needs enrichment,Bangalore,Bengaluru
SAP-SEED-01733,SAP FICO,SAP Finance / FICO,,Unknown / Needs enrichment,Bangalore,Bengaluru
SAP-SEED-01734,SAP FICO,SAP Finance / FICO,,Unknown / Needs enrichment,Bangalore,Bengaluru
SAP-SEED-01735,SAP FICO,SAP Finance / FICO,6.6,5–7 years,Banaglore,Banaglore
SAP-SEED-01736,SAP FICO,SAP Finance / FICO,4.2,3–4 years,Mumbai,Mumbai
SAP-SEED-01737,SAP FICO,SAP Finance / FICO,8.6,8–11 years,Banaglore,Banaglore
SAP-SEED-01738,SAP ABAP,SAP ABAP / Development,4.0,3–4 years,Mumbai,Mumbai
SAP-SEED-01739,SAP ABAP,SAP ABAP / Development,5.0,5–7 years,Gurgaon,Gurugram
SAP-SEED-01740,SAP ABAP,SAP ABAP / Development,7.5,5–7 years,Mumbai,Mumbai
SAP-SEED-01741,SAP FICO,SAP Finance / FICO,7.0,5–7 years,Bangalore,Bengaluru
SAP-SEED-01742,SAP FICO,SAP Finance / FICO,8.0,8–11 years,Bengaluru,Bengaluru
SAP-SEED-01743,SAP FICO,SAP Finance / FICO,4.6,3–4 years,Bengaluru,Bengaluru
SAP-SEED-01744,SAP ABAP,SAP ABAP / Development,5.0,5–7 years,Bengaluru,Bengaluru
SAP-SEED-01745,SAP SD,SAP Sales / SD,5.0,5–7 years,Pune,Pune
SAP-SEED-01746,SAP SD,SAP Sales / SD,5.7,5–7 years,Chennai,Chennai
SAP-SEED-01747,SAP PP,SAP Manufacturing / PP,6.0,5–7 years,Bengaluru,Bengaluru
SAP-SEED-01748,SAP FICO,SAP Finance / FICO,11.0,8–11 years,Mumbai,Mumbai
SAP-SEED-01749,SAP SD Consultant,SAP Sales / SD,,Unknown / Needs enrichment,Hyderabad,Hyderabad
SAP-SEED-01750,SAP SD Consultant,SAP Sales / SD,,Unknown / Needs enrichment,Hyderabad,Hyderabad
SAP-SEED-01751,SAP ABAP,SAP ABAP / Development,4.6,3–4 years,Mumbai,Mumbai
SAP-SEED-01752,SAP ABAP,SAP ABAP / Development,4.4,3–4 years,Gurugram,Gurugram
SAP-SEED-01753,SAP PP,SAP Manufacturing / PP,8.0,8–11 years,Pune,Pune
SAP-SEED-01754,SAP PP,SAP Manufacturing / PP,6.0,5–7 years,Pune,Pune
SAP-SEED-01755,SAP SD Consultant,SAP Sales / SD,9.2,8–11 years,Bangalore,Bengaluru
SAP-SEED-01756,SAP SD Consultant,SAP Sales / SD,6.0,5–7 years,Hyderabad,Hyderabad
SAP-SEED-01757,SAP PP,SAP Manufacturing / PP,6.3,5–7 years,Bangalore,Bengaluru
SAP-SEED-01758,SAP PP,SAP Manufacturing / PP,6.0,5–7 years,Mumbai,Mumbai
SAP-SEED-01759,SAP PP,SAP Manufacturing / PP,,Unknown / Needs enrichment,Mumbai,Mumbai
SAP-SEED-01760,SAP FICO,SAP Finance / FICO,,Unknown / Needs enrichment,Bangalore,Bengaluru
SAP-SEED-01761,SAP FICO,SAP Finance / FICO,,Unknown / Needs enrichment,Bangalore,Bengaluru
SAP-SEED-01762,SAP PP,SAP Manufacturing / PP,,Unknown / Needs enrichment,Bangalore,Bengaluru
SAP-SEED-01763,SAP SD Consultant,SAP Sales / SD,5.6,5–7 years,Hyderabad,Hyderabad
SAP-SEED-01764,SAP SD Consultant,SAP Sales / SD,7.5,5–7 years,Pune,Pune
SAP-SEED-01765,SAP SD,SAP Sales / SD,12.0,12+ years,Hyderabad,Hyderabad
SAP-SEED-01766,SAP SD,SAP Sales / SD,,Unknown / Needs enrichment,Hyderabad,Hyderabad
SAP-SEED-01767,SAP SD,SAP Sales / SD,7.0,5–7 years,Hyderabad,Hyderabad
SAP-SEED-01768,SAP SD Consultant,SAP Sales / SD,6.5,5–7 years,Hyderabad,Hyderabad
SAP-SEED-01769,SAP SD Consultant,SAP Sales / SD,6.1,5–7 years,Hyderabad,Hyderabad
SAP-SEED-01770,SAP SD Consultant,SAP Sales / SD,8.0,8–11 years,Mumbai,Mumbai
SAP-SEED-01771,SAP SD Consultant,SAP Sales / SD,11.0,8–11 years,Gurgaon,Gurugram
SAP-SEED-01772,SAP FICO,SAP Finance / FICO,9.0,8–11 years,Mumbai,Mumbai
SAP-SEED-01773,SAP FICO,SAP Finance / FICO,,Unknown / Needs enrichment,Mumbai,Mumbai
SAP-SEED-01774,SAP FICO,SAP Finance / FICO,,Unknown / Needs enrichment,Gurugram,Gurugram
SAP-SEED-01775,SAP FICO,SAP Finance / FICO,,Unknown / Needs enrichment,Delhi,Delhi
SAP-SEED-01776,SAP FICO,SAP Finance / FICO,,Unknown / Needs enrichment,Mumbai,Mumbai
SAP-SEED-01777,SAP SD Consultant,SAP Sales / SD,,Unknown / Needs enrichment,Bangalore,Bengaluru
SAP-SEED-01778,SAP SD Consultant,SAP Sales / SD,,Unknown / Needs enrichment,Pune,Pune
SAP-SEED-01779,SAP SD Consultant,SAP Sales / SD,,Unknown / Needs enrichment,Bangalore,Bengaluru
SAP-SEED-01780,SAP SD Consultant,SAP Sales / SD,,Unknown / Needs enrichment,Hyderabad,Hyderabad
SAP-SEED-01781,SAP SD,SAP Sales / SD,5.6,5–7 years,Bengaluru,Bengaluru
SAP-SEED-01782,SAP SD,SAP Sales / SD,7.2,5–7 years,Hyderabad,Hyderabad
SAP-SEED-01783,SAP SD Consultant,SAP Sales / SD,10.0,8–11 years,Hyderabad,Hyderabad
SAP-SEED-01784,SAP SD Consultant,SAP Sales / SD,4.9,3–4 years,Hyderabad,Hyderabad
SAP-SEED-01785,SAP SD Consultant,SAP Sales / SD,,Unknown / Needs enrichment,Hyderabad,Hyderabad
SAP-SEED-01786,SAP SD Consultant,SAP Sales / SD,5.5,5–7 years,Hyderabad,Hyderabad
SAP-SEED-01787,SAP SD Consultant,SAP Sales / SD,11.4,8–11 years,Bangalore,Bengaluru
SAP-SEED-01788,SAP SD Consultant,SAP Sales / SD,,Unknown / Needs enrichment,Hyderabad,Hyderabad
SAP-SEED-01789,SAP SD Consultant,SAP Sales / SD,,Unknown / Needs enrichment,Hyderabad,Hyderabad
SAP-SEED-01790,SAP SD Consultant,SAP Sales / SD,,Unknown / Needs enrichment,Hyderabad,Hyderabad
SAP-SEED-01791,SAP SD Consultant,SAP Sales / SD,,Unknown / Needs enrichment,Hyderabad,Hyderabad
SAP-SEED-01792,SAP FICO,SAP Finance / FICO,14.0,12+ years,Delhi,Delhi
SAP-SEED-01793,SAP ABAP,SAP ABAP / Development,5.0,5–7 years,Bangalore,Bengaluru
SAP-SEED-01794,SAP ABAP,SAP ABAP / Development,6.0,5–7 years,Bangalore,Bengaluru
SAP-SEED-01795,SAP PP,SAP Manufacturing / PP,6.0,5–7 years,mumbai,Mumbai
SAP-SEED-01796,SAP PP,SAP Manufacturing / PP,5.6,5–7 years,Gurugram,Gurugram
SAP-SEED-01797,SAP PP,SAP Manufacturing / PP,7.0,5–7 years,Pune,Pune
SAP-SEED-01798,SAP PP,SAP Manufacturing / PP,,Unknown / Needs enrichment,Mumbai,Mumbai
SAP-SEED-01799,SAP FICO,SAP Finance / FICO,,Unknown / Needs enrichment,Pune,Pune
SAP-SEED-01800,SAP FICO,SAP Finance / FICO,,Unknown / Needs enrichment,Bangalore,Bengaluru
SAP-SEED-01801,SAP FICO,SAP Finance / FICO,6.0,5–7 years,Bangalore,Bengaluru
SAP-SEED-01802,SAP SD Consultant,SAP Sales / SD,,Unknown / Needs enrichment,Nagpur,Nagpur
SAP-SEED-01803,SAP PP,SAP Manufacturing / PP,5.5,5–7 years,Mumbai,Mumbai
SAP-SEED-01804,SAP PP,SAP Manufacturing / PP,6.0,5–7 years,Mumbai,Mumbai
SAP-SEED-01805,SAP FICO,SAP Finance / FICO,10.0,8–11 years,Mumbai,Mumbai
SAP-SEED-01806,SAP FICO,SAP Finance / FICO,6.0,5–7 years,Gurgaon,Gurugram
SAP-SEED-01807,SAP FICO,SAP Finance / FICO,6.0,5–7 years,Bangalore,Bengaluru
SAP-SEED-01808,SAP FICO,SAP Finance / FICO,10.0,8–11 years,Noida,Noida
SAP-SEED-01809,SAP PS,SAP Project Systems / PS,8.0,8–11 years,Noida,Noida
SAP-SEED-01810,SAP PP,SAP Manufacturing / PP,6.6,5–7 years,Pune,Pune
SAP-SEED-01811,SAP PP,SAP Manufacturing / PP,6.0,5–7 years,Hussainabad,Hussainabad
SAP-SEED-01812,SAP PS,SAP Project Systems / PS,,Unknown / Needs enrichment,Mumbai,Mumbai
SAP-SEED-01813,SAP PS,SAP Project Systems / PS,6.0,5–7 years,Bengaluru,Bengaluru
SAP-SEED-01814,SAP PS,SAP Project Systems / PS,6.0,5–7 years,Bengaluru,Bengaluru
SAP-SEED-01815,SAP PM,SAP Plant Maintenance / PM,,Unknown / Needs enrichment,Bangalore,Bengaluru
SAP-SEED-01816,SAP PP,SAP Manufacturing / PP,,Unknown / Needs enrichment,Noida,Noida
SAP-SEED-01817,SAP MM,SAP Procurement / MM,7.0,5–7 years,Bengaluru,Bengaluru
SAP-SEED-01818,SAP PP,SAP Manufacturing / PP,9.0,8–11 years,Bangalore,Bengaluru
SAP-SEED-01819,SAP PP,SAP Manufacturing / PP,10.0,8–11 years,Delhi,Delhi
SAP-SEED-01820,SAP PP,SAP Manufacturing / PP,6.0,5–7 years,Bangalore,Bengaluru
SAP-SEED-01821,SAP PP,SAP Manufacturing / PP,7.0,5–7 years,Mumbai,Mumbai
SAP-SEED-01822,SAP PM,SAP Plant Maintenance / PM,8.0,8–11 years,Bangalore,Bengaluru
SAP-SEED-01823,SAP PM,SAP Plant Maintenance / PM,12.0,12+ years,Bangalore,Bengaluru
SAP-SEED-01824,SAP PM,SAP Plant Maintenance / PM,6.8,5–7 years,Ballari,Ballari
SAP-SEED-01825,SAP PM,SAP Plant Maintenance / PM,,Unknown / Needs enrichment,Bangalore,Bengaluru
SAP-SEED-01826,SAP PM,SAP Plant Maintenance / PM,9.0,8–11 years,Ballari,Ballari
SAP-SEED-01827,SAP PS,SAP Project Systems / PS,7.5,5–7 years,Bangalore,Bengaluru
SAP-SEED-01828,SAP PS,SAP Project Systems / PS,6.0,5–7 years,Bangalore,Bengaluru
SAP-SEED-01829,SAP PS,SAP Project Systems / PS,15.0,12+ years,Bangalore,Bengaluru
SAP-SEED-01830,SAP FICO,SAP Finance / FICO,7.0,5–7 years,Gurgaon,Gurugram
SAP-SEED-01831,SAP PM,SAP Plant Maintenance / PM,10.0,8–11 years,Bengaluru,Bengaluru
SAP-SEED-01832,SAP PP,SAP Manufacturing / PP,6.0,5–7 years,Bangalore,Bengaluru
SAP-SEED-01833,SAP PP,SAP Manufacturing / PP,6.0,5–7 years,Mumbai,Mumbai
SAP-SEED-01834,SAP PP,SAP Manufacturing / PP,9.0,8–11 years,Bangalore,Bengaluru
SAP-SEED-01835,SAP PP,SAP Manufacturing / PP,6.3,5–7 years,Bangalore,Bengaluru
SAP-SEED-01836,SAP PM,SAP Plant Maintenance / PM,9.8,8–11 years,Bangalore,Bengaluru
SAP-SEED-01837,SAP FICO,SAP Finance / FICO,,Unknown / Needs enrichment,Mumbai,Mumbai
SAP-SEED-01838,SAP ABAP,SAP ABAP / Development,6.0,5–7 years,Gurgaon,Gurugram
SAP-SEED-01839,SAP ABAP,SAP ABAP / Development,5.0,5–7 years,Gurgaon,Gurugram
SAP-SEED-01840,SAP ABAP,SAP ABAP / Development,4.0,3–4 years,Nagpur,Nagpur
SAP-SEED-01841,SAP Fico,SAP Finance / FICO,11.0,8–11 years,Gurugram,Gurugram
SAP-SEED-01842,SAP SD Manager,SAP Sales / SD,13.0,12+ years,Hyderabad,Hyderabad
SAP-SEED-01843,SAP SD Consultant,SAP Sales / SD,13.0,12+ years,Pune,Pune
SAP-SEED-01844,SAP SD Manager,SAP Sales / SD,,Unknown / Needs enrichment,Bangalore,Bengaluru
SAP-SEED-01845,SAP SD Consultant,SAP Sales / SD,9.8,8–11 years,Bangalore,Bengaluru
SAP-SEED-01846,SAP SD Consultant,SAP Sales / SD,9.0,8–11 years,Hyderabad,Hyderabad
SAP-SEED-01847,SAP SD Consultant,SAP Sales / SD,6.0,5–7 years,Hyderabad,Hyderabad
SAP-SEED-01848,SAP PM,SAP Plant Maintenance / PM,8.0,8–11 years,Bengaluru,Bengaluru
SAP-SEED-01849,SAP PM,SAP Plant Maintenance / PM,9.0,8–11 years,Bengaluru,Bengaluru
SAP-SEED-01850,SAP FICO,SAP Finance / FICO,6.3,5–7 years,Hyderabad,Hyderabad
SAP-SEED-01851,SAP FICO,SAP Finance / FICO,,Unknown / Needs enrichment,Bangalore,Bengaluru
SAP-SEED-01852,SAP SD Consultant,SAP Sales / SD,,Unknown / Needs enrichment,Hyderabad,Hyderabad
SAP-SEED-01853,SAP FICO,SAP Finance / FICO,,Unknown / Needs enrichment,Hyderabad,Hyderabad
SAP-SEED-01854,SAP FICO,SAP Finance / FICO,,Unknown / Needs enrichment,Bangalore,Bengaluru
SAP-SEED-01855,SAP FICO,SAP Finance / FICO,6.9,5–7 years,Bangalore,Bengaluru
SAP-SEED-01856,SAP FICO,SAP Finance / FICO,7.1,5–7 years,Bangalore,Bengaluru
SAP-SEED-01857,SAP SD Consultant,SAP Sales / SD,2.0,3–4 years,Hyderabad,Hyderabad
SAP-SEED-01858,SAP FICO,SAP Finance / FICO,3.0,3–4 years,Hyderabad,Hyderabad
SAP-SEED-01859,SAP SD Consultant,SAP Sales / SD,3.0,3–4 years,Hyderabad,Hyderabad
SAP-SEED-01860,SAP FICO,SAP Finance / FICO,2.0,3–4 years,Hyderabad,Hyderabad
SAP-SEED-01861,SAP FICO,SAP Finance / FICO,7.0,5–7 years,Bangalore,Bengaluru
SAP-SEED-01862,SAP FICO,SAP Finance / FICO,10.0,8–11 years,Bangalore,Bengaluru
SAP-SEED-01863,SAP FICO,SAP Finance / FICO,6.5,5–7 years,Bangalore,Bengaluru
SAP-SEED-01864,SAP FICO,SAP Finance / FICO,9.2,8–11 years,Bangalore,Bengaluru
SAP-SEED-01865,SAP FICO,SAP Finance / FICO,9.0,8–11 years,Hyderabad,Hyderabad
SAP-SEED-01866,SAP FICO,SAP Finance / FICO,5.5,5–7 years,Hyderabad,Hyderabad
SAP-SEED-01867,SAP SD,SAP Sales / SD,6.9,5–7 years,Pune,Pune
SAP-SEED-01868,SAP SD Consultant,SAP Sales / SD,8.0,8–11 years,Bangalore,Bengaluru
SAP-SEED-01869,SAP SD Consultant,SAP Sales / SD,8.6,8–11 years,Hyderabad,Hyderabad
SAP-SEED-01870,SAP FICO,SAP Finance / FICO,9.5,8–11 years,Bnagalore,Bnagalore
SAP-SEED-01871,SAP FICO,SAP Finance / FICO,9.3,8–11 years,Bnagalore,Bnagalore
SAP-SEED-01872,SAP FICO,SAP Finance / FICO,7.7,5–7 years,Bnagalore,Bnagalore
SAP-SEED-01873,SAP FICO,SAP Finance / FICO,7.7,5–7 years,Hyderabad,Hyderabad
SAP-SEED-01874,SAP SD,SAP Sales / SD,5.5,5–7 years,Hyderabad,Hyderabad
SAP-SEED-01875,SAP SD,SAP Sales / SD,4.7,3–4 years,Hyderabad,Hyderabad
SAP-SEED-01876,SAP BTP_Fiori-UI5,SAP UX / UI5 / Fiori,,Unknown / Needs enrichment,Bangalore,Bengaluru
SAP-SEED-01877,SAP BTP_Fiori-UI5,SAP UX / UI5 / Fiori,,Unknown / Needs enrichment,Bangalore,Bengaluru
SAP-SEED-01878,SAP BTP_Fiori-UI5,SAP UX / UI5 / Fiori,,Unknown / Needs enrichment,Bangalore,Bengaluru
SAP-SEED-01879,SAP SD,SAP Sales / SD,5.11,5–7 years,Hyderabad,Hyderabad
SAP-SEED-01880,SAP FICO,SAP Finance / FICO,4.6,3–4 years,"AP, Nellore","AP, Nellore"
SAP-SEED-01881,SAP FICO,SAP Finance / FICO,12.0,12+ years,Bangalore,Bengaluru
SAP-SEED-01882,SAP FICO,SAP Finance / FICO,8.0,8–11 years,Pune,Pune
SAP-SEED-01883,SAP FICO,SAP Finance / FICO,7.8,5–7 years,Hyderabad,Hyderabad
SAP-SEED-01884,SAP FICO,SAP Finance / FICO,11.0,8–11 years,Hyderabad,Hyderabad
SAP-SEED-01885,SAP BTP_Fiori-UI5,SAP UX / UI5 / Fiori,6.0,5–7 years,Bangalore,Bengaluru
SAP-SEED-01886,SAP BTP_Fiori-UI5,SAP UX / UI5 / Fiori,4.0,3–4 years,Bangalore,Bengaluru
SAP-SEED-01887,SAP SD Consultant,SAP Sales / SD,6.0,5–7 years,Hyderabad,Hyderabad
SAP-SEED-01888,SAP SD Consultant,SAP Sales / SD,6.8,5–7 years,Karnataka Gulbarga,Karnataka Gulbarga
SAP-SEED-01889,SAP SD Consultant,SAP Sales / SD,10.0,8–11 years,Hyderabad,Hyderabad
SAP-SEED-01890,SAP PP,SAP Manufacturing / PP,6.4,5–7 years,Bangalore,Bengaluru
SAP-SEED-01891,SAP ABAP,SAP ABAP / Development,5.0,5–7 years,Bangalore,Bengaluru
SAP-SEED-01892,SAP FICO,SAP Finance / FICO,6.8,5–7 years,Gurugram,Gurugram
SAP-SEED-01893,SAP FICO,SAP Finance / FICO,4.9,3–4 years,Noida,Noida
SAP-SEED-01894,SAP FICO,SAP Finance / FICO,5.4,5–7 years,Hyderabad,Hyderabad
SAP-SEED-01895,SAP FICO,SAP Finance / FICO,6.8,5–7 years,Hyderabad,Hyderabad
SAP-SEED-01896,SAP FICO,SAP Finance / FICO,12.8,12+ years,Bangalore,Bengaluru
SAP-SEED-01897,SAP FICO,SAP Finance / FICO,10.0,8–11 years,Bangalore,Bengaluru
SAP-SEED-01898,SAP SD Consultant,SAP Sales / SD,6.0,5–7 years,Andra,Andra
SAP-SEED-01899,SAP FICO,SAP Finance / FICO,10.0,8–11 years,Gurgaon,Gurugram
SAP-SEED-01900,SAP ABAP,SAP ABAP / Development,5.2,5–7 years,Bangalore,Bengaluru
SAP-SEED-01901,SAP ABAP,SAP ABAP / Development,6.6,5–7 years,Bangalore,Bengaluru
SAP-SEED-01902,SAP FICO,SAP Finance / FICO,5.2,5–7 years,Bangalore,Bengaluru
SAP-SEED-01903,SAP FICO,SAP Finance / FICO,8.0,8–11 years,Bangalore,Bengaluru
SAP-SEED-01904,SAP MM,SAP Procurement / MM,,Unknown / Needs enrichment,Bangalore,Bengaluru
SAP-SEED-01905,SAP MM,SAP Procurement / MM,6.0,5–7 years,Bangalore,Bengaluru
SAP-SEED-01906,SAP MM,SAP Procurement / MM,11.0,8–11 years,Bangalore,Bengaluru
SAP-SEED-01907,SAP PP,SAP Manufacturing / PP,8.0,8–11 years,Pune,Pune
SAP-SEED-01908,SAP PP,SAP Manufacturing / PP,6.0,5–7 years,Pune,Pune
SAP-SEED-01909,SAP FICO,SAP Finance / FICO,10.0,8–11 years,Bangalore,Bengaluru
SAP-SEED-01910,SAP MM Consultant,SAP Procurement / MM,7.0,5–7 years,Pune,Pune
SAP-SEED-01911,SAP MM Consultant,SAP Procurement / MM,8.0,8–11 years,Bangalore,Bengaluru
SAP-SEED-01912,SAP ABAP,SAP ABAP / Development,7.0,5–7 years,Bengaluru,Bengaluru
SAP-SEED-01913,SAP MM Consultant,SAP Procurement / MM,14.0,12+ years,Mysore,Mysore
SAP-SEED-01914,SAP MM Consultant,SAP Procurement / MM,5.0,5–7 years,Bangalore,Bengaluru
SAP-SEED-01915,SAP FICO,SAP Finance / FICO,9.2,8–11 years,Bangalore,Bengaluru
SAP-SEED-01916,SAP ABAP,SAP ABAP / Development,5.0,5–7 years,Banaglore,Banaglore
SAP-SEED-01917,SAP ABAP,SAP ABAP / Development,9.0,8–11 years,Banaglore,Banaglore
SAP-SEED-01918,SAP ABAP,SAP ABAP / Development,5.3,5–7 years,Banaglore,Banaglore
SAP-SEED-01919,SAP FICO,SAP Finance / FICO,4.5,3–4 years,Delhi,Delhi
SAP-SEED-01920,SAP FICO,SAP Finance / FICO,5.0,5–7 years,Bangalore,Bengaluru
SAP-SEED-01921,SAP FICO,SAP Finance / FICO,5.5,5–7 years,Bangalore,Bengaluru
SAP-SEED-01922,SAP FICO,SAP Finance / FICO,9.0,8–11 years,Bengaluru,Bengaluru
SAP-SEED-01923,SAP FICO,SAP Finance / FICO,9.3,8–11 years,Bengaluru,Bengaluru
SAP-SEED-01924,SAP FICO,SAP Finance / FICO,7.0,5–7 years,Bengaluru,Bengaluru
SAP-SEED-01925,SAP ABAP,SAP ABAP / Development,4.6,3–4 years,Bangalore,Bengaluru
SAP-SEED-01926,SAP SD Consultant,SAP Sales / SD,4.0,3–4 years,Pune,Pune
SAP-SEED-01927,SAP MM Consultant,SAP Procurement / MM,7.0,5–7 years,Bengaluru,Bengaluru
SAP-SEED-01928,SAP FICO,SAP Finance / FICO,13.0,12+ years,Bangalore,Bengaluru
SAP-SEED-01929,SAP SD Consultant,SAP Sales / SD,5.4,5–7 years,Bangalore,Bengaluru
SAP-SEED-01930,SAP SD Consultant,SAP Sales / SD,7.2,5–7 years,Bangalore,Bengaluru
SAP-SEED-01931,SAP SD,SAP Sales / SD,6.2,5–7 years,Bengaluru,Bengaluru
SAP-SEED-01932,SAP SD,SAP Sales / SD,8.0,8–11 years,Bengaluru,Bengaluru
SAP-SEED-01933,SAP MM,SAP Procurement / MM,7.0,5–7 years,Bengaluru,Bengaluru
SAP-SEED-01934,SAP FICO,SAP Finance / FICO,5.0,5–7 years,Pune,Pune
SAP-SEED-01935,SAP FICO,SAP Finance / FICO,13.0,12+ years,Hyderabad,Hyderabad
SAP-SEED-01936,SAP FICO,SAP Finance / FICO,4.9,3–4 years,AP,AP
SAP-SEED-01937,SAP SD Consultant,SAP Sales / SD,7.0,5–7 years,Bangalore,Bengaluru
SAP-SEED-01938,SAP MM Consultant,SAP Procurement / MM,8.0,8–11 years,Bangalore,Bengaluru
SAP-SEED-01939,SAP ABAP,SAP ABAP / Development,7.2,5–7 years,Bangalore,Bengaluru
SAP-SEED-01940,SAP PP,SAP Manufacturing / PP,7.0,5–7 years,Bangalore,Bengaluru
SAP-SEED-01941,SAP MM Consultant,SAP Procurement / MM,8.0,8–11 years,Banaglore,Banaglore
SAP-SEED-01942,SAP MM Consultant,SAP Procurement / MM,4.2,3–4 years,Pune,Pune
SAP-SEED-01943,SAP MM Consultant,SAP Procurement / MM,9.0,8–11 years,Pune,Pune
SAP-SEED-01944,SAP MM Consultant,SAP Procurement / MM,4.0,3–4 years,Banaglore,Banaglore
SAP-SEED-01945,SAP MM Consultant,SAP Procurement / MM,9.0,8–11 years,Banaglore,Banaglore
SAP-SEED-01946,SAP FICO,SAP Finance / FICO,4.6,3–4 years,Vishakapatnam (Worklocation Bangalore),Bengaluru
SAP-SEED-01947,SAP FICO,SAP Finance / FICO,4.5,3–4 years,Banaglore,Banaglore
SAP-SEED-01948,SAP FICO,SAP Finance / FICO,5.0,5–7 years,Bangalore,Bengaluru
SAP-SEED-01949,SAP FICO,SAP Finance / FICO,9.6,8–11 years,Hyderabad,Hyderabad
SAP-SEED-01950,SAP SD Consultant,SAP Sales / SD,6.0,5–7 years,Bangalore,Bengaluru
SAP-SEED-01951,SAP SD Consultant,SAP Sales / SD,5.0,5–7 years,Bangalore,Bengaluru
SAP-SEED-01952,SAP SD Consultant,SAP Sales / SD,6.7,5–7 years,Bengaluru,Bengaluru
SAP-SEED-01953,SAP MM Consultant,SAP Procurement / MM,5.5,5–7 years,Bengaluru,Bengaluru
SAP-SEED-01954,SAP MM Consultant,SAP Procurement / MM,8.8,8–11 years,Bengaluru,Bengaluru
SAP-SEED-01955,SAP PP,SAP Manufacturing / PP,6.0,5–7 years,Chennai,Chennai
SAP-SEED-01956,SAP MM Consultant,SAP Procurement / MM,5.0,5–7 years,Pune,Pune
SAP-SEED-01957,SAP FICO,SAP Finance / FICO,,Unknown / Needs enrichment,Bangalore,Bengaluru
SAP-SEED-01958,SAP FICO,SAP Finance / FICO,12.0,12+ years,Bangalore,Bengaluru
SAP-SEED-01959,SAP SD Consultant,SAP Sales / SD,6.5,5–7 years,Bangalore,Bengaluru
SAP-SEED-01960,SAP PP,SAP Manufacturing / PP,6.0,5–7 years,Chennai,Chennai
SAP-SEED-01961,SAP SD Consultant,SAP Sales / SD,5.0,5–7 years,Bangalore,Bengaluru
SAP-SEED-01962,SAP SD Consultant,SAP Sales / SD,,Unknown / Needs enrichment,Bangalore,Bengaluru
SAP-SEED-01963,SAP FICO,SAP Finance / FICO,4.6,3–4 years,Bangalore,Bengaluru
SAP-SEED-01964,SAP SD Consultant,SAP Sales / SD,4.3,3–4 years,Bangalore,Bengaluru
SAP-SEED-01965,SAP PP,SAP Manufacturing / PP,25.0,12+ years,Bangalore,Bengaluru
SAP-SEED-01966,SAP MM Consultant,SAP Procurement / MM,6.0,5–7 years,Bangalore,Bengaluru
SAP-SEED-01967,SAP MM Consultant,SAP Procurement / MM,7.0,5–7 years,Bangalore,Bengaluru
SAP-SEED-01968,SAP FICO,SAP Finance / FICO,7.5,5–7 years,Bangalore,Bengaluru
SAP-SEED-01969,SAP FICO,SAP Finance / FICO,7.0,5–7 years,Bangalore,Bengaluru
SAP-SEED-01970,SAP FICO,SAP Finance / FICO,6.9,5–7 years,Bangalore,Bengaluru
SAP-SEED-01971,SAP FICO,SAP Finance / FICO,6.8,5–7 years,Bangalore,Bengaluru
SAP-SEED-01972,SAP FICO,SAP Finance / FICO,4.2,3–4 years,Bangalore,Bengaluru
SAP-SEED-01973,SAP PP,SAP Manufacturing / PP,14.0,12+ years,Bangalore,Bengaluru
SAP-SEED-01974,SAP MM Consultant,SAP Procurement / MM,7.8,5–7 years,Bengaluru,Bengaluru
SAP-SEED-01975,SAP MM Consultant,SAP Procurement / MM,9.0,8–11 years,Bengaluru,Bengaluru
SAP-SEED-01976,SAP SD Consultant,SAP Sales / SD,7.5,5–7 years,Bengaluru,Bengaluru
SAP-SEED-01977,SAP FICO,SAP Finance / FICO,10.0,8–11 years,Bangalore,Bengaluru
SAP-SEED-01978,SAP MM Consultant,SAP Procurement / MM,12.0,12+ years,Bangalore,Bengaluru
SAP-SEED-01979,SAP SD Consultant,SAP Sales / SD,6.9,5–7 years,Bangalore,Bengaluru
SAP-SEED-01980,SAP FICO,SAP Finance / FICO,7.5,5–7 years,Bengaluru,Bengaluru
SAP-SEED-01981,SAP MM Consultant,SAP Procurement / MM,7.8,5–7 years,Bengaluru,Bengaluru
SAP-SEED-01982,SAP FICO,SAP Finance / FICO,7.0,5–7 years,Bengaluru,Bengaluru
SAP-SEED-01983,SAP SD Consultant,SAP Sales / SD,6.0,5–7 years,Bangalore,Bengaluru
SAP-SEED-01984,SAP SD Consultant,SAP Sales / SD,6.0,5–7 years,Bangalore,Bengaluru
SAP-SEED-01985,SAP SD,SAP Sales / SD,8.7,8–11 years,Bangalore,Bengaluru
SAP-SEED-01986,SAP FICO,SAP Finance / FICO,6.6,5–7 years,Bengaluru,Bengaluru
SAP-SEED-01987,SAP FICO,SAP Finance / FICO,10.0,8–11 years,Bengaluru,Bengaluru
SAP-SEED-01988,SAP FICO,SAP Finance / FICO,,Unknown / Needs enrichment,Bangalore,Bengaluru
SAP-SEED-01989,SAP SD Manager,SAP Sales / SD,6.5,5–7 years,Bangalore,Bengaluru
SAP-SEED-01990,SAP FICO,SAP Finance / FICO,,Unknown / Needs enrichment,Bangalore,Bengaluru
SAP-SEED-01991,SAP SD Consultant,SAP Sales / SD,7.2,5–7 years,Bangalore,Bengaluru
SAP-SEED-01992,SAP FICO,SAP Finance / FICO,11.0,8–11 years,Bangalore,Bengaluru
SAP-SEED-01993,SAP SD Consultant,SAP Sales / SD,4.6,3–4 years,Bangalore,Bengaluru
SAP-SEED-01994,SAP FICO,SAP Finance / FICO,5.0,5–7 years,Bangalore,Bengaluru
SAP-SEED-01995,SAP SD,SAP Sales / SD,7.5,5–7 years,Bengaluru,Bengaluru
SAP-SEED-01996,SAP MM Consultant,SAP Procurement / MM,14.0,12+ years,Bangalore,Bengaluru
SAP-SEED-01997,SAP MM Consultant,SAP Procurement / MM,6.5,5–7 years,Bangalore,Bengaluru
SAP-SEED-01998,SAP MM Consultant,SAP Procurement / MM,9.0,8–11 years,Bangalore,Bengaluru
SAP-SEED-01999,SAP ABAP with Odata,SAP ABAP / Development,7.7,5–7 years,Anantapura,Anantapura
SAP-SEED-02000,SAP FICO,SAP Finance / FICO,5.0,5–7 years,Bengaluru,Bengaluru
SAP-SEED-02001,SAP FICO,SAP Finance / FICO,,Unknown / Needs enrichment,Bangalore,Bengaluru
SAP-SEED-02002,SAP FICO,SAP Finance / FICO,6.0,5–7 years,Bangalore,Bengaluru
SAP-SEED-02003,SAP PM,SAP Plant Maintenance / PM,6.6,5–7 years,Chennai,Chennai
SAP-SEED-02004,SAP PM,SAP Plant Maintenance / PM,,Unknown / Needs enrichment,Bengaluru,Bengaluru
SAP-SEED-02005,SAP PS,SAP Project Systems / PS,8.0,8–11 years,Gurugram,Gurugram
SAP-SEED-02006,Ariba SME,Non-SAP / Ambiguous,6.0,5–7 years,Hyderabad,Hyderabad
SAP-SEED-02007,Ariba SME,Non-SAP / Ambiguous,7.2,5–7 years,Hyderabad,Hyderabad
SAP-SEED-02008,SAP PS,SAP Project Systems / PS,12.0,12+ years,Bangalore,Bengaluru
SAP-SEED-02009,SAP PM,SAP Plant Maintenance / PM,8.3,8–11 years,Bangalore,Bengaluru
SAP-SEED-02010,SAP PP,SAP Manufacturing / PP,10.0,8–11 years,Bangalore,Bengaluru
SAP-SEED-02011,SAP PP,SAP Manufacturing / PP,10.0,8–11 years,Bangalore,Bengaluru
SAP-SEED-02012,SAP PP,SAP Manufacturing / PP,10.0,8–11 years,Vishakapatnam,Vishakapatnam
SAP-SEED-02013,SAP PP,SAP Manufacturing / PP,8.3,8–11 years,Bangalore,Bengaluru
SAP-SEED-02014,SAP PM,SAP Plant Maintenance / PM,9.0,8–11 years,Bangalore,Bengaluru
SAP-SEED-02015,SAP PM,SAP Plant Maintenance / PM,16.0,12+ years,Ballari,Ballari
SAP-SEED-02016,SAP PM,SAP Plant Maintenance / PM,5.5,5–7 years,Bangalore,Bengaluru
SAP-SEED-02017,SAP PM,SAP Plant Maintenance / PM,14.5,12+ years,Ballari,Ballari
SAP-SEED-02018,SAP PM,SAP Plant Maintenance / PM,9.0,8–11 years,Andhra pradesh,Andhra pradesh
SAP-SEED-02019,SAP PM,SAP Plant Maintenance / PM,12.4,12+ years,Bangalore,Bengaluru
SAP-SEED-02020,SAP ABAP,SAP ABAP / Development,,Unknown / Needs enrichment,Bangalore,Bengaluru
SAP-SEED-02021,SAP ABAP,SAP ABAP / Development,,Unknown / Needs enrichment,Bangalore,Bengaluru
SAP-SEED-02022,SAP ABAP,SAP ABAP / Development,7.0,5–7 years,Bangalore,Bengaluru
SAP-SEED-02023,SAP ABAP,SAP ABAP / Development,4.4,3–4 years,Mumbai,Mumbai
SAP-SEED-02024,SAP ABAP,SAP ABAP / Development,,Unknown / Needs enrichment,Pune-Mumbai,Mumbai
SAP-SEED-02025,SAP ABAP,SAP ABAP / Development,,Unknown / Needs enrichment,Mumbai,Mumbai
SAP-SEED-02026,SAP ABAP,SAP ABAP / Development,3.6,3–4 years,Mumbai,Mumbai
SAP-SEED-02027,SAP ABAP,SAP ABAP / Development,2.5,3–4 years,Mumbai,Mumbai
SAP-SEED-02028,SAP BTP_Fiori-UI5,SAP UX / UI5 / Fiori,,Unknown / Needs enrichment,Bangalore,Bengaluru
SAP-SEED-02029,SAP Ariba Procurement,SAP Procurement / MM,,Unknown / Needs enrichment,Hyderabad,Hyderabad
SAP-SEED-02030,SAP Ariba Procurement,SAP Procurement / MM,,Unknown / Needs enrichment,Hyderabad,Hyderabad
SAP-SEED-02031,SAP Ariba Procurement,SAP Procurement / MM,,Unknown / Needs enrichment,Hyderabad,Hyderabad
SAP-SEED-02032,SAP PP - AD Role,SAP Manufacturing / PP,,Unknown / Needs enrichment,Bangalore,Bengaluru
SAP-SEED-02033,SAP ABAP,SAP ABAP / Development,9.0,8–11 years,Gurugram,Gurugram
SAP-SEED-02034,SAP ABAP,SAP ABAP / Development,4.5,3–4 years,Gurugram,Gurugram
SAP-SEED-02035,SAP Ariba,SAP General / Consulting,7.6,5–7 years,Hyderabad,Hyderabad
SAP-SEED-02036,SAP Ariba,SAP General / Consulting,9.0,8–11 years,Vishakhapatnam,Vishakhapatnam
SAP-SEED-02037,SAP Ariba,SAP General / Consulting,9.0,8–11 years,A.P,A.P
SAP-SEED-02038,SAP Ariba,SAP General / Consulting,6.3,5–7 years,Hyderabad,Hyderabad
SAP-SEED-02039,SAP ABAP,SAP ABAP / Development,3.7,3–4 years,Mumbai,Mumbai
SAP-SEED-02040,SAP ABAP,SAP ABAP / Development,5.5,5–7 years,Bangalore,Bengaluru
SAP-SEED-02041,SAP ABAP,SAP ABAP / Development,3.1,3–4 years,Mumbai,Mumbai
SAP-SEED-02042,SAP BTP_Fiori-UI5,SAP UX / UI5 / Fiori,4.5,3–4 years,Bangalore,Bengaluru
SAP-SEED-02043,SAP Ariba Procurement,SAP Procurement / MM,6.0,5–7 years,Hyderabad,Hyderabad
SAP-SEED-02044,SAP Ariba Procurement,SAP Procurement / MM,7.0,5–7 years,Hyderabad,Hyderabad
SAP-SEED-02045,SAP FICO,SAP Finance / FICO,,Unknown / Needs enrichment,Bangalore,Bengaluru
SAP-SEED-02046,SAP SD Consultant,SAP Sales / SD,6.5,5–7 years,Bangalore,Bengaluru
SAP-SEED-02047,SAP FICO,SAP Finance / FICO,11.0,8–11 years,Bangalore,Bengaluru
SAP-SEED-02048,SAP PP,SAP Manufacturing / PP,6.1,5–7 years,Bangalore,Bengaluru
SAP-SEED-02049,SAP Ariba Procurement,SAP Procurement / MM,6.6,5–7 years,Hyderabad,Hyderabad
SAP-SEED-02050,SAP ABAP,SAP ABAP / Development,4.5,3–4 years,Bangalore,Bengaluru
SAP-SEED-02051,SAP FICO,SAP Finance / FICO,2.0,3–4 years,Bangalore,Bengaluru
SAP-SEED-02052,SAP FICO,SAP Finance / FICO,7.0,5–7 years,Bangalore,Bengaluru
SAP-SEED-02053,SAP PM,SAP Plant Maintenance / PM,9.0,8–11 years,Bangalore,Bengaluru
SAP-SEED-02054,SAP PM,SAP Plant Maintenance / PM,14.0,12+ years,Ballari,Ballari
SAP-SEED-02055,SAP PM,SAP Plant Maintenance / PM,6.6,5–7 years,Mumbai,Mumbai
SAP-SEED-02056,SAP PM,SAP Plant Maintenance / PM,7.0,5–7 years,Mumbai,Mumbai
SAP-SEED-02057,SAP PM,SAP Plant Maintenance / PM,6.0,5–7 years,Mumbai,Mumbai
SAP-SEED-02058,SAP PM,SAP Plant Maintenance / PM,7.0,5–7 years,Mumbai,Mumbai
SAP-SEED-02059,SAP PS,SAP Project Systems / PS,7.0,5–7 years,Gurgaon,Gurugram
SAP-SEED-02060,SAP MM Consultant,SAP Procurement / MM,13.1,12+ years,Bangalore,Bengaluru
SAP-SEED-02061,SAP FICO,SAP Finance / FICO,15.0,12+ years,Bangalore,Bengaluru
SAP-SEED-02062,SAP PM,SAP Plant Maintenance / PM,7.0,5–7 years,Mumbai,Mumbai
SAP-SEED-02063,SAP PP,SAP Manufacturing / PP,6.0,5–7 years,Mumbai,Mumbai
SAP-SEED-02064,SAP PM,SAP Plant Maintenance / PM,7.5,5–7 years,Mumbai,Mumbai
SAP-SEED-02065,SAP PP,SAP Manufacturing / PP,10.5,8–11 years,Mumbai,Mumbai
SAP-SEED-02066,SAP PM,SAP Plant Maintenance / PM,7.0,5–7 years,Gurgaon,Gurugram
SAP-SEED-02067,SAP FICO,SAP Finance / FICO,7.8,5–7 years,Bangalore,Bengaluru
SAP-SEED-02068,SAP MM Consultant,SAP Procurement / MM,5.4,5–7 years,Bangalore,Bengaluru
SAP-SEED-02069,SAP MM Consultant,SAP Procurement / MM,11.0,8–11 years,Bangalore,Bengaluru
SAP-SEED-02070,SAP MM Consultant,SAP Procurement / MM,7.0,5–7 years,Bangalore,Bengaluru
SAP-SEED-02071,SAP FICO,SAP Finance / FICO,7.0,5–7 years,Bangalore,Bengaluru
SAP-SEED-02072,SAP FICO,SAP Finance / FICO,6.0,5–7 years,Bangalore,Bengaluru
SAP-SEED-02073,SAP FICO,SAP Finance / FICO,6.2,5–7 years,Bangalore,Bengaluru
SAP-SEED-02074,SAP FICO,SAP Finance / FICO,10.0,8–11 years,Bangalore,Bengaluru
SAP-SEED-02075,SAP FICO,SAP Finance / FICO,9.0,8–11 years,Bangalore,Bengaluru
SAP-SEED-02076,SAP FICO,SAP Finance / FICO,9.0,8–11 years,Bangalore,Bengaluru
SAP-SEED-02077,SAP SD Manager,SAP Sales / SD,,Unknown / Needs enrichment,Bangalore,Bengaluru
SAP-SEED-02078,SAP SD Manager,SAP Sales / SD,20.0,12+ years,Mumbai,Mumbai
SAP-SEED-02079,SAP SD Manager,SAP Sales / SD,13.0,12+ years,Mumbai,Mumbai
SAP-SEED-02080,SAP BTP_Fiori-UI5,SAP UX / UI5 / Fiori,,Unknown / Needs enrichment,Pune,Pune
SAP-SEED-02081,SAP BTP_Fiori-UI5,SAP UX / UI5 / Fiori,3.1,3–4 years,Bangalore,Bengaluru
SAP-SEED-02082,SAP MM Consultant,SAP Procurement / MM,4.0,3–4 years,Bangalore,Bengaluru
SAP-SEED-02083,SAP FICO,SAP Finance / FICO,14.0,12+ years,Bangalore,Bengaluru
SAP-SEED-02084,SAP PP,SAP Manufacturing / PP,6.8,5–7 years,Coimbatore,Coimbatore
SAP-SEED-02085,SAP BTP CPI,SAP Integration / CPI,4.4,3–4 years,Bangalore,Bengaluru
SAP-SEED-02086,SAP BTP CPI,SAP Integration / CPI,5.0,5–7 years,Bangalore,Bengaluru
SAP-SEED-02087,SAP BTP CPI,SAP Integration / CPI,5.0,5–7 years,Bangalore,Bengaluru
SAP-SEED-02088,SAP BTP CPI,SAP Integration / CPI,5.4,5–7 years,Bangalore,Bengaluru
SAP-SEED-02089,SAP BTP CPI,SAP Integration / CPI,5.2,5–7 years,Bangalore,Bengaluru
SAP-SEED-02090,SAP BTP CPI,SAP Integration / CPI,4.0,3–4 years,Bangalore,Bengaluru
SAP-SEED-02091,SAP BTP CPI,SAP Integration / CPI,7.0,5–7 years,Bangalore,Bengaluru
SAP-SEED-02092,SAP PP Sr Con,SAP Manufacturing / PP,10.0,8–11 years,Chennai,Chennai
SAP-SEED-02093,SAP PP,SAP Manufacturing / PP,6.5,5–7 years,Chennai,Chennai
SAP-SEED-02094,SAP BTP CPI,SAP Integration / CPI,5.0,5–7 years,Bangalore,Bengaluru
SAP-SEED-02095,SAP BTP CPI,SAP Integration / CPI,5.11,5–7 years,Bangalore,Bengaluru
SAP-SEED-02096,SAP BTP CPI,SAP Integration / CPI,7.2,5–7 years,Bangalore,Bengaluru
SAP-SEED-02097,SAP BTP CPI,SAP Integration / CPI,4.5,3–4 years,Bangalore,Bengaluru
SAP-SEED-02098,SAP BTP CPI,SAP Integration / CPI,4.3,3–4 years,Bangalore,Bengaluru
SAP-SEED-02099,SAP FICO,SAP Finance / FICO,11.0,8–11 years,Bangalore,Bengaluru
SAP-SEED-02100,SAP MM Consultant,SAP Procurement / MM,14.0,12+ years,Bangalore,Bengaluru
SAP-SEED-02101,SAP MM Consultant,SAP Procurement / MM,6.6,5–7 years,Bangalore,Bengaluru
SAP-SEED-02102,SAP MM Consultant,SAP Procurement / MM,6.0,5–7 years,Bangalore,Bengaluru
SAP-SEED-02103,SAP BTP,SAP BTP / Cloud,8.0,8–11 years,Bengaluru,Bengaluru
SAP-SEED-02104,SAP BTP,SAP BTP / Cloud,4.6,3–4 years,Bengaluru,Bengaluru
SAP-SEED-02105,SAP ABAP,SAP ABAP / Development,2.7,3–4 years,Mumbai (Vikroli),Mumbai
SAP-SEED-02106,SAP ABAP,SAP ABAP / Development,2.3,3–4 years,Gurgaon,Gurugram
SAP-SEED-02107,SAP ABAP,SAP ABAP / Development,4.0,3–4 years,Gurgaon,Gurugram
SAP-SEED-02108,SAP ABAP,SAP ABAP / Development,3.5,3–4 years,Mumai,Mumai
SAP-SEED-02109,SAP ABAP,SAP ABAP / Development,6.0,5–7 years,Noida,Noida
SAP-SEED-02110,SAP ABAP,SAP ABAP / Development,7.0,5–7 years,Mumbai,Mumbai
SAP-SEED-02111,SAP ABAP,SAP ABAP / Development,9.0,8–11 years,Mumbai,Mumbai
SAP-SEED-02112,SAP HCM,SAP HCM / SuccessFactors,5.5,5–7 years,Gurugram,Gurugram
SAP-SEED-02113,SAP HCM,SAP HCM / SuccessFactors,6.6,5–7 years,Noida,Noida
SAP-SEED-02114,SAP FICO,SAP Finance / FICO,7.0,5–7 years,Bangalore,Bengaluru
SAP-SEED-02115,SAP HCM,SAP HCM / SuccessFactors,9.0,8–11 years,Gurugram,Gurugram
SAP-SEED-02116,SAP HCM,SAP HCM / SuccessFactors,,Unknown / Needs enrichment,Gurugram,Gurugram
SAP-SEED-02117,SAP HCM,SAP HCM / SuccessFactors,5.5,5–7 years,Gurugram,Gurugram
SAP-SEED-02118,SAP HCM,SAP HCM / SuccessFactors,10.0,8–11 years,Mumbai,Mumbai
SAP-SEED-02119,SAP HCM,SAP HCM / SuccessFactors,9.0,8–11 years,Gurgaon,Gurugram
SAP-SEED-02120,SAP HCM,SAP HCM / SuccessFactors,8.5,8–11 years,Mumbai,Mumbai
SAP-SEED-02121,SAP HCM,SAP HCM / SuccessFactors,8.0,8–11 years,Mumbai,Mumbai
SAP-SEED-02122,SAP ABAP,SAP ABAP / Development,2.5,3–4 years,Mumbai,Mumbai
SAP-SEED-02123,SAP ABAP,SAP ABAP / Development,3.5,3–4 years,Mumbai,Mumbai
SAP-SEED-02124,SAP ABAP,SAP ABAP / Development,3.8,3–4 years,Mumbai,Mumbai
SAP-SEED-02125,SAP ABAP,SAP ABAP / Development,7.11,5–7 years,Gurugram,Gurugram
SAP-SEED-02126,SAP ABAP,SAP ABAP / Development,12.0,12+ years,Mumbai,Mumbai
SAP-SEED-02127,SAP ABAP,SAP ABAP / Development,,Unknown / Needs enrichment,Mumbai,Mumbai
SAP-SEED-02128,SAP FICO,SAP Finance / FICO,,Unknown / Needs enrichment,Bengaluru,Bengaluru
SAP-SEED-02129,SAP FICO,SAP Finance / FICO,,Unknown / Needs enrichment,Bengaluru,Bengaluru
SAP-SEED-02130,SAP MM,SAP Procurement / MM,5.0,5–7 years,Bengaluru,Bengaluru
SAP-SEED-02131,SAP FICO,SAP Finance / FICO,8.0,8–11 years,Hyderabad,Hyderabad
SAP-SEED-02132,SAP MM Consultant,SAP Procurement / MM,5.0,5–7 years,Bangalore,Bengaluru
SAP-SEED-02133,SAP SD Consultant,SAP Sales / SD,6.0,5–7 years,Hyderabad,Hyderabad
SAP-SEED-02134,SAP ABAP,SAP ABAP / Development,5.0,5–7 years,Bangalore,Bengaluru
SAP-SEED-02135,SAP HCM,SAP HCM / SuccessFactors,11.0,8–11 years,Gurugram,Gurugram
SAP-SEED-02136,SAP MM Consultant,SAP Procurement / MM,6.7,5–7 years,Pune,Pune
SAP-SEED-02137,SAP MM Consultant,SAP Procurement / MM,8.0,8–11 years,Bengaluru,Bengaluru
SAP-SEED-02138,SAP FICO,SAP Finance / FICO,5.6,5–7 years,Bangalore,Bengaluru
SAP-SEED-02139,SAP FICO,SAP Finance / FICO,8.5,8–11 years,Bangalore,Bengaluru
SAP-SEED-02140,SAP FICO,SAP Finance / FICO,5.6,5–7 years,Hyderabad,Hyderabad
SAP-SEED-02141,SAP FICO,SAP Finance / FICO,6.5,5–7 years,Hyderabad,Hyderabad
SAP-SEED-02142,SAP FICO,SAP Finance / FICO,5.0,5–7 years,Hyderabad,Hyderabad
SAP-SEED-02143,SAP SD Consultant,SAP Sales / SD,10.0,8–11 years,Hyderabad,Hyderabad
SAP-SEED-02144,SAP MM,SAP Procurement / MM,8.0,8–11 years,Ahmedabad,Ahmedabad
SAP-SEED-02145,SAP SD Manager,SAP Sales / SD,7.0,5–7 years,Bangalore,Bengaluru
SAP-SEED-02146,SAP MM Consultant,SAP Procurement / MM,8.0,8–11 years,Bangalore,Bengaluru
SAP-SEED-02147,SAP SD Manager,SAP Sales / SD,5.0,5–7 years,Bangalore,Bengaluru
SAP-SEED-02148,SAP FICO,SAP Finance / FICO,5.9,5–7 years,Hyderabad,Hyderabad
SAP-SEED-02149,SAP FICO,SAP Finance / FICO,5.8,5–7 years,Bangalore,Bengaluru
SAP-SEED-02150,SAP MM Consultant,SAP Procurement / MM,5.6,5–7 years,Bangalore,Bengaluru
SAP-SEED-02151,SAP FICO,SAP Finance / FICO,7.3,5–7 years,Bangalore,Bengaluru
SAP-SEED-02152,SAP MM Consultant,SAP Procurement / MM,7.6,5–7 years,Ahmedabad,Ahmedabad
SAP-SEED-02153,SAP MM Consultant,SAP Procurement / MM,8.0,8–11 years,Pune,Pune
SAP-SEED-02154,SAP MM Consultant,SAP Procurement / MM,7.0,5–7 years,Pune,Pune
SAP-SEED-02155,SAP MM Consultant,SAP Procurement / MM,8.0,8–11 years,Bangalore,Bengaluru
SAP-SEED-02156,SAP MM Consultant,SAP Procurement / MM,5.1,5–7 years,Bangalore,Bengaluru
SAP-SEED-02157,SAP SD Consultant,SAP Sales / SD,4.11,3–4 years,Hyderabad,Hyderabad
SAP-SEED-02158,SAP MM,SAP Procurement / MM,5.0,5–7 years,Bengaluru,Bengaluru
SAP-SEED-02159,SAP MM,SAP Procurement / MM,12.0,12+ years,Bengaluru,Bengaluru
SAP-SEED-02160,SAP MM,SAP Procurement / MM,6.9,5–7 years,Bengaluru,Bengaluru
SAP-SEED-02161,SAP MM Consultant,SAP Procurement / MM,8.0,8–11 years,Bangalore,Bengaluru
SAP-SEED-02162,SAP MM Consultant,SAP Procurement / MM,4.11,3–4 years,Chennai,Chennai
SAP-SEED-02163,SAP MM Consultant,SAP Procurement / MM,4.0,3–4 years,Bangalore,Bengaluru
SAP-SEED-02164,SAP SD Manager,SAP Sales / SD,5.6,5–7 years,Pune,Pune
SAP-SEED-02165,SAP SD Manager,SAP Sales / SD,5.5,5–7 years,Hyderabad,Hyderabad
SAP-SEED-02166,SAP SD Manager,SAP Sales / SD,10.0,8–11 years,Hyderabad,Hyderabad
SAP-SEED-02167,SAP MM Consultant,SAP Procurement / MM,12.0,12+ years,Surat,Surat
SAP-SEED-02168,SAP ABAP,SAP ABAP / Development,7.6,5–7 years,Bangalore,Bengaluru
SAP-SEED-02169,SAP ABAP,SAP ABAP / Development,6.6,5–7 years,Bangalore,Bengaluru
SAP-SEED-02170,SAP ABAP,SAP ABAP / Development,6.0,5–7 years,Bangalore,Bengaluru
SAP-SEED-02171,SAP MM Consultant,SAP Procurement / MM,5.0,5–7 years,Bangalore,Bengaluru
SAP-SEED-02172,SAP MM Consultant,SAP Procurement / MM,7.4,5–7 years,Bangalore,Bengaluru
SAP-SEED-02173,SAP MM Consultant,SAP Procurement / MM,8.0,8–11 years,hyderabad,Hyderabad
SAP-SEED-02174,SAP MM Consultant,SAP Procurement / MM,,Unknown / Needs enrichment,Erode-TN,Erode-TN
SAP-SEED-02175,SAP ABAP,SAP ABAP / Development,,Unknown / Needs enrichment,Hyderabad,Hyderabad
SAP-SEED-02176,SAP ABAP,SAP ABAP / Development,4.9,3–4 years,Bangalore,Bengaluru
SAP-SEED-02177,SAP MM Consultant,SAP Procurement / MM,6.6,5–7 years,Pune,Pune
SAP-SEED-02178,SAP MM,SAP Procurement / MM,6.8,5–7 years,Bengaluru,Bengaluru
SAP-SEED-02179,SAP MM,SAP Procurement / MM,7.6,5–7 years,Bengaluru,Bengaluru
SAP-SEED-02180,SAP MM,SAP Procurement / MM,6.0,5–7 years,Bengaluru,Bengaluru
SAP-SEED-02181,SAP FICO,SAP Finance / FICO,6.0,5–7 years,Bengaluru,Bengaluru
SAP-SEED-02182,SAP FICO,SAP Finance / FICO,,Unknown / Needs enrichment,Bangalore,Bengaluru
SAP-SEED-02183,SAP SD Consultant,SAP Sales / SD,5.6,5–7 years,Pune,Pune
SAP-SEED-02184,SAP SD Consultant,SAP Sales / SD,7.0,5–7 years,Pune,Pune
SAP-SEED-02185,SAP FICO,SAP Finance / FICO,9.0,8–11 years,Bangalore,Bengaluru
SAP-SEED-02186,SAP ABAP,SAP ABAP / Development,5.0,5–7 years,Bangalore,Bengaluru
SAP-SEED-02187,SAP MM Consultant,SAP Procurement / MM,6.6,5–7 years,Bangalore,Bengaluru
SAP-SEED-02188,SAP FICO,SAP Finance / FICO,7.0,5–7 years,Bengaluru,Bengaluru
SAP-SEED-02189,SAP FICO,SAP Finance / FICO,4.0,3–4 years,Bengaluru,Bengaluru
SAP-SEED-02190,SAP FICO,SAP Finance / FICO,6.4,5–7 years,Bengaluru,Bengaluru
SAP-SEED-02191,SAP FICO,SAP Finance / FICO,6.0,5–7 years,Bengaluru,Bengaluru
SAP-SEED-02192,SAP FICO,SAP Finance / FICO,7.0,5–7 years,Bangalore,Bengaluru
SAP-SEED-02193,SAP FICO,SAP Finance / FICO,5.5,5–7 years,Bangalore,Bengaluru
SAP-SEED-02194,SAP FICO,SAP Finance / FICO,7.5,5–7 years,Bengaluru,Bengaluru
SAP-SEED-02195,SAP ABAP,SAP ABAP / Development,7.9,5–7 years,Bengaluru,Bengaluru
SAP-SEED-02196,SAP SD Consultant,SAP Sales / SD,7.0,5–7 years,Pune,Pune
SAP-SEED-02197,SAP SD Consultant,SAP Sales / SD,5.6,5–7 years,Pune,Pune
SAP-SEED-02198,SAP FICO,SAP Finance / FICO,6.2,5–7 years,Bangalore,Bengaluru
SAP-SEED-02199,SAP SD Consultant,SAP Sales / SD,6.0,5–7 years,Bangalore,Bengaluru
SAP-SEED-02200,SAP MM Consultant,SAP Procurement / MM,12.0,12+ years,Gandhinagar,Gandhinagar
SAP-SEED-02201,SAP FICO,SAP Finance / FICO,5.11,5–7 years,Bengaluru,Bengaluru
SAP-SEED-02202,SAP FICO,SAP Finance / FICO,9.0,8–11 years,Bengaluru,Bengaluru
SAP-SEED-02203,SAP FICO,SAP Finance / FICO,7.0,5–7 years,Bengaluru,Bengaluru
SAP-SEED-02204,SAP ABAP,SAP ABAP / Development,4.5,3–4 years,Bengaluru,Bengaluru
SAP-SEED-02205,SAP BTP CPI,SAP Integration / CPI,4.6,3–4 years,Bangalore,Bengaluru
SAP-SEED-02206,SAP BTP CPI,SAP Integration / CPI,6.0,5–7 years,Bangalore,Bengaluru
SAP-SEED-02207,SAP BTP CPI,SAP Integration / CPI,5.4,5–7 years,Bangalore,Bengaluru
SAP-SEED-02208,SAP BTP Integration Suite,SAP Integration / CPI,3.2,3–4 years,Chennai,Chennai
SAP-SEED-02209,SAP BTP Integration Suite,SAP Integration / CPI,6.0,5–7 years,Hyderabad,Hyderabad
SAP-SEED-02210,SAP FI Accounting,SAP Finance / FICO,8.0,8–11 years,Hyderabad,Hyderabad
SAP-SEED-02211,SAP FI Accounting,SAP Finance / FICO,11.0,8–11 years,Bangalore,Bengaluru
SAP-SEED-02212,SAP FI Accounting,SAP Finance / FICO,7.0,5–7 years,Pune,Pune
SAP-SEED-02213,SAP FI Accounting,SAP Finance / FICO,7.0,5–7 years,Hyderabad,Hyderabad
SAP-SEED-02214,SAP FI Accounting,SAP Finance / FICO,7.0,5–7 years,Hyderabad,Hyderabad
SAP-SEED-02215,SAP FI Accounting,SAP Finance / FICO,4.0,3–4 years,Bangalore,Bengaluru
SAP-SEED-02216,SAP Retail,SAP General / Consulting,12.0,12+ years,Hyderabad,Hyderabad
SAP-SEED-02217,SAP FI Accounting,SAP Finance / FICO,7.0,5–7 years,Hyderabad,Hyderabad
SAP-SEED-02218,SAP ABAP,SAP ABAP / Development,6.0,5–7 years,Bangalore,Bengaluru
SAP-SEED-02219,SAP FI Accounting,SAP Finance / FICO,5.0,5–7 years,Bangalore,Bengaluru
SAP-SEED-02220,SAP FI Accounting,SAP Finance / FICO,12.0,12+ years,Chennai,Chennai
SAP-SEED-02221,SAP FI Accounting,SAP Finance / FICO,5.0,5–7 years,Hyderabad,Hyderabad
SAP-SEED-02222,SAP FI Accounting,SAP Finance / FICO,6.0,5–7 years,Bangalore,Bengaluru
SAP-SEED-02223,SAP Fiori,SAP UX / UI5 / Fiori,10.0,8–11 years,Mumbai,Mumbai
SAP-SEED-02224,SAP fiori,SAP UX / UI5 / Fiori,5.2,5–7 years,hyderabad,Hyderabad
SAP-SEED-02225,SAP FI Accounting,SAP Finance / FICO,6.0,5–7 years,Chennai,Chennai
SAP-SEED-02226,SAP Fiori,SAP UX / UI5 / Fiori,7.9,5–7 years,Pune,Pune
SAP-SEED-02227,SAP ABAP,SAP ABAP / Development,5.6,5–7 years,Gurugram,Gurugram
SAP-SEED-02228,SAP ABAP,SAP ABAP / Development,10.0,8–11 years,mumbai,Mumbai
SAP-SEED-02229,SAP ABAP,SAP ABAP / Development,7.7,5–7 years,Chennai,Chennai
SAP-SEED-02230,SAP ABAP,SAP ABAP / Development,11.0,8–11 years,Noida,Noida
SAP-SEED-02231,SAP FI Accounting,SAP Finance / FICO,,Unknown / Needs enrichment,,Unknown
SAP-SEED-02232,SAP ABAP,SAP ABAP / Development,7.0,5–7 years,Hyderabad,Hyderabad
SAP-SEED-02233,SAP FICO,SAP Finance / FICO,5.0,5–7 years,Hyderabad,Hyderabad
SAP-SEED-02234,SAP S/4HANA Group Reporting,SAP Finance / FICO,3.5,3–4 years,Bangalore,Bengaluru
SAP-SEED-02235,SAP ABAP Development for HANA,SAP ABAP / Development,9.0,8–11 years,Hyderabad,Hyderabad
SAP-SEED-02236,Sap HANA DB Administration,SAP Basis / Administration,5.0,5–7 years,Bangalore,Bengaluru
SAP-SEED-02237,SAP HANA DB Administration,SAP Basis / Administration,9.0,8–11 years,Bangalore,Bengaluru
SAP-SEED-02238,SAP Abap,SAP ABAP / Development,,Unknown / Needs enrichment,Bangalore,Bengaluru
SAP-SEED-02239,SAP HANA DB Administration,SAP Basis / Administration,3.0,3–4 years,Bangalore,Bengaluru
SAP-SEED-02240,SAP BW,SAP Analytics / BW,3.7,3–4 years,Nagpur,Nagpur
SAP-SEED-02241,SAP ABAP,SAP ABAP / Development,,Unknown / Needs enrichment,Hyderabad,Hyderabad
SAP-SEED-02242,SAP BW,SAP Analytics / BW,,Unknown / Needs enrichment,Hyderabad,Hyderabad
SAP-SEED-02243,SAP BW HANA,SAP HANA / Data,4.0,3–4 years,Pune,Pune
SAP-SEED-02244,SAP BW HANA,SAP HANA / Data,4.0,3–4 years,Pune,Pune
SAP-SEED-02245,SAP BW HANA,SAP HANA / Data,3.0,3–4 years,Hyderabad,Hyderabad
SAP-SEED-02246,SAP ABAP,SAP ABAP / Development,,Unknown / Needs enrichment,Noida,Noida
SAP-SEED-02247,SAP UI5,SAP UX / UI5 / Fiori,7.0,5–7 years,Chennai,Chennai
SAP-SEED-02248,SAP Analytics Cloud Planning,SAP BTP / Cloud,7.0,5–7 years,Mumbai,Mumbai
SAP-SEED-02249,SAP HANA DB Administration,SAP Basis / Administration,10.2,8–11 years,Bangalore,Bengaluru
SAP-SEED-02250,SAP HANA DB Administration,SAP Basis / Administration,7.0,5–7 years,Pune,Pune
SAP-SEED-02251,SAP BW,SAP Analytics / BW,,Unknown / Needs enrichment,Pune,Pune
SAP-SEED-02252,SAP FI Accounting,SAP Finance / FICO,10.0,8–11 years,,Unknown
SAP-SEED-02253,SAP FI Accounting,SAP Finance / FICO,10.0,8–11 years,,Unknown
SAP-SEED-02254,SAP FI,SAP Finance / FICO,4.5,3–4 years,Ahemdabad,Ahemdabad
SAP-SEED-02255,SAP FI,SAP Finance / FICO,3.0,3–4 years,Ahemdabad,Ahemdabad
SAP-SEED-02256,SAP FI Accounting,SAP Finance / FICO,8.0,8–11 years,Mumbai,Mumbai
SAP-SEED-02257,SAP S/4HANA Group Reporting,SAP Finance / FICO,9.0,8–11 years,Hyderabad,Hyderabad
SAP-SEED-02258,SAP FI Accounting,SAP Finance / FICO,5.0,5–7 years,,Unknown
SAP-SEED-02259,SAP FI Accounting,SAP Finance / FICO,4.0,3–4 years,,Unknown
SAP-SEED-02260,SAP FI,SAP Finance / FICO,3.1,3–4 years,,Unknown
SAP-SEED-02261,SAP for Utilities CRM,SAP General / Consulting,14.0,12+ years,Gurugram,Gurugram
SAP-SEED-02262,SAP FI,SAP Finance / FICO,8.0,8–11 years,Bangalore,Bengaluru
SAP-SEED-02263,SAP SAC,SAP General / Consulting,3.0,3–4 years,,Unknown
SAP-SEED-02264,SAP EWM,SAP Warehouse / EWM,5.7,5–7 years,,Unknown
SAP-SEED-02265,SAP FI Accounting,SAP Finance / FICO,12.0,12+ years,,Unknown
SAP-SEED-02266,SAP SD,SAP Sales / SD,9.0,8–11 years,Nagpur,Nagpur
SAP-SEED-02267,SAP MM,SAP Procurement / MM,5.0,5–7 years,,Unknown
SAP-SEED-02268,SAP MM,SAP Procurement / MM,9.0,8–11 years,,Unknown
SAP-SEED-02269,SAP MM,SAP Procurement / MM,12.0,12+ years,,Unknown
SAP-SEED-02270,SAP MM,SAP Procurement / MM,15.0,12+ years,,Unknown
SAP-SEED-02271,SAP MM,SAP Procurement / MM,4.0,3–4 years,,Unknown
SAP-SEED-02272,SAP MM,SAP Procurement / MM,14.0,12+ years,,Unknown
SAP-SEED-02273,SAP SAC,SAP General / Consulting,4.0,3–4 years,,Unknown
SAP-SEED-02274,SAP MM,SAP Procurement / MM,11.0,8–11 years,,Unknown
SAP-SEED-02275,SAP MM,SAP Procurement / MM,5.6,5–7 years,,Unknown
SAP-SEED-02276,SAP for Utilities CRM,SAP General / Consulting,10.0,8–11 years,,Unknown
SAP-SEED-02277,SAP UI5,SAP UX / UI5 / Fiori,5.9,5–7 years,,Unknown
SAP-SEED-02278,SAP PO/PI & APIs Development,SAP Integration / CPI,11.0,8–11 years,Pune,Pune
SAP-SEED-02279,SAP FI Accounting,SAP Finance / FICO,7.0,5–7 years,Hyderabad,Hyderabad
SAP-SEED-02280,SAP MM,SAP Procurement / MM,6.5,5–7 years,Bangalore,Bengaluru
SAP-SEED-02281,SAP MM,SAP Procurement / MM,16.0,12+ years,Bangalore,Bengaluru
SAP-SEED-02282,SAP SD,SAP Sales / SD,15.0,12+ years,,Unknown
SAP-SEED-02283,SAP PI/PO Consultant,SAP Integration / CPI,6.0,5–7 years,Hyderabad,Hyderabad
SAP-SEED-02284,SAP UI5,SAP UX / UI5 / Fiori,15.1,12+ years,Bangalore,Bengaluru
SAP-SEED-02285,SAP Utilities CRM,SAP General / Consulting,7.0,5–7 years,Hyderabad,Hyderabad
SAP-SEED-02286,SAP PI/PO Consultant,SAP Integration / CPI,4.5,3–4 years,Hyderabad,Hyderabad
SAP-SEED-02287,SAP IBP,SAP General / Consulting,11.0,8–11 years,Pune,Pune
SAP-SEED-02288,SAP Treasury & Risk Management,SAP Finance / FICO,2.0,3–4 years,Hyderabad,Hyderabad
SAP-SEED-02289,SAP Utilities CRM,SAP General / Consulting,7.0,5–7 years,Hyderabad,Hyderabad
SAP-SEED-02290,SAP EWM,SAP Warehouse / EWM,3.0,3–4 years,Bangalore,Bengaluru
SAP-SEED-02291,SAP MM Functional Consultant,SAP Procurement / MM,6.8,5–7 years,Bangalore,Bengaluru
SAP-SEED-02292,SAP SD,SAP Sales / SD,8.0,8–11 years,Mumbai,Mumbai
SAP-SEED-02293,SAP HCM Payroll,SAP HCM / SuccessFactors,,Unknown / Needs enrichment,kolkata,Kolkata
SAP-SEED-02294,SAP MM,SAP Procurement / MM,6.0,5–7 years,,Unknown
SAP-SEED-02295,SAP PM,SAP Plant Maintenance / PM,7.0,5–7 years,,Unknown
SAP-SEED-02296,SAP SRM,SAP General / Consulting,9.0,8–11 years,,Unknown
SAP-SEED-02297,SAP MDM,SAP General / Consulting,4.0,3–4 years,,Unknown
SAP-SEED-02298,SAP ABAP,SAP ABAP / Development,3.7,3–4 years,Bengaluru,Bengaluru
SAP-SEED-02299,SAP ABAP,SAP ABAP / Development,3.5,3–4 years,Pune,Pune
SAP-SEED-02300,SAP ABAP,SAP ABAP / Development,3.2,3–4 years,Pune,Pune
SAP-SEED-02301,SAP Security,SAP Security / GRC,4.5,3–4 years,,Unknown
SAP-SEED-02302,SAP ABAP,SAP ABAP / Development,3.8,3–4 years,Hyderabad,Hyderabad
SAP-SEED-02303,SAP PM,SAP Plant Maintenance / PM,6.0,5–7 years,Hyderabad,Hyderabad
SAP-SEED-02304,SAP ABAP,SAP ABAP / Development,4.2,3–4 years,pune,Pune
SAP-SEED-02305,SAP TM,SAP Transportation / TM,4.9,3–4 years,,Unknown
SAP-SEED-02306,SAP FI,SAP Finance / FICO,6.0,5–7 years,Hyderabad,Hyderabad
SAP-SEED-02307,SAP PM,SAP Plant Maintenance / PM,5.0,5–7 years,,Unknown
SAP-SEED-02308,SAP PM,SAP Plant Maintenance / PM,5.0,5–7 years,,Unknown
SAP-SEED-02309,SAP ABAP Development for HANA,SAP ABAP / Development,4.0,3–4 years,Bangalore,Bengaluru
SAP-SEED-02310,SAP UI5 Development,SAP UX / UI5 / Fiori,7.3,5–7 years,Chennai,Chennai
SAP-SEED-02311,SAP FI S/4HANA Accounting,SAP Finance / FICO,4.5,3–4 years,Mumbai,Mumbai
SAP-SEED-02312,SAP UI5 Development,SAP UX / UI5 / Fiori,7.0,5–7 years,Hyderabad,Hyderabad
SAP-SEED-02313,SAP UI5,SAP UX / UI5 / Fiori,4.2,3–4 years,Hyderabad,Hyderabad
SAP-SEED-02314,SAP UI5,SAP UX / UI5 / Fiori,10.0,8–11 years,Bangalore,Bengaluru
SAP-SEED-02315,SAP Analytics Cloud,SAP BTP / Cloud,6.3,5–7 years,Bangalore,Bengaluru
SAP-SEED-02316,SAP UI5 Development,SAP UX / UI5 / Fiori,3.8,3–4 years,pune,Pune
SAP-SEED-02317,SAP TM,SAP Transportation / TM,3.9,3–4 years,Indore,Indore
SAP-SEED-02318,SAP BTP,SAP BTP / Cloud,3.5,3–4 years,,Unknown
SAP-SEED-02319,SAP MM,SAP Procurement / MM,9.0,8–11 years,,Unknown
SAP-SEED-02320,SAP Basis Administration,SAP Basis / Administration,4.1,3–4 years,Bangalore,Bengaluru
SAP-SEED-02321,SAP MM,SAP Procurement / MM,6.0,5–7 years,Pune,Pune
SAP-SEED-02322,SAPUI%,SAP General / Consulting,3.0,3–4 years,Coimpatore,Coimpatore
SAP-SEED-02323,SAP  Business Objects Data Services,SAP General / Consulting,8.0,8–11 years,,Unknown
SAP-SEED-02324,SAP MM,SAP Procurement / MM,10.0,8–11 years,,Unknown
SAP-SEED-02325,SAP FICO,SAP Finance / FICO,6.0,5–7 years,,Unknown
SAP-SEED-02326,SAP Basis Administration,SAP Basis / Administration,5.0,5–7 years,Hyderabad,Hyderabad
SAP-SEED-02327,SAP Basis Administration,SAP Basis / Administration,7.0,5–7 years,Hyderabad,Hyderabad
SAP-SEED-02328,SAP Basis Administration,SAP Basis / Administration,8.0,8–11 years,Hyderabad,Hyderabad
SAP-SEED-02329,SAP Basis Administration,SAP Basis / Administration,9.0,8–11 years,Bangalore,Bengaluru
SAP-SEED-02330,SAP Basis Administration,SAP Basis / Administration,8.0,8–11 years,Bangalore,Bengaluru
SAP-SEED-02331,SAP Basis Administration,SAP Basis / Administration,7.0,5–7 years,Bangalore,Bengaluru
SAP-SEED-02332,SAP Basis Administration,SAP Basis / Administration,9.0,8–11 years,Pune,Pune
SAP-SEED-02333,SAP Basis Administration,SAP Basis / Administration,4.0,3–4 years,Nagpur,Nagpur
SAP-SEED-02334,SAP Basis Administration,SAP Basis / Administration,4.0,3–4 years,,Unknown
SAP-SEED-02335,SAP 4 HANA Group Reporting,SAP Finance / FICO,4.0,3–4 years,,Unknown
SAP-SEED-02336,SAP S/4HANA Group Reporting,SAP Finance / FICO,6.0,5–7 years,,Unknown
SAP-SEED-02337,SAP S/4HANA Group Reporting,SAP Finance / FICO,8.0,8–11 years,,Unknown
SAP-SEED-02338,SAP S/4HANA Group Reporting,SAP Finance / FICO,4.0,3–4 years,,Unknown
SAP-SEED-02339,SAP S/4HANA Group Reporting,SAP Finance / FICO,6.0,5–7 years,,Unknown
SAP-SEED-02340,Sap ABAP,SAP ABAP / Development,7.0,5–7 years,,Unknown
SAP-SEED-02341,Sap ABAP,SAP ABAP / Development,4.0,3–4 years,,Unknown
SAP-SEED-02342,SAP S/4HANA Group Reporting,SAP Finance / FICO,5.0,5–7 years,,Unknown
SAP-SEED-02343,SAP S/4HANA Group Reporting,SAP Finance / FICO,8.0,8–11 years,,Unknown
SAP-SEED-02344,SAP S/4HANA Group Reporting,SAP Finance / FICO,2.0,3–4 years,,Unknown
SAP-SEED-02345,SAP S/4HANA Group Reporting,SAP Finance / FICO,4.0,3–4 years,,Unknown
SAP-SEED-02346,SAP S/4HANA Group Reporting,SAP Finance / FICO,8.0,8–11 years,,Unknown
SAP-SEED-02347,SAP S/4HANA Group Reporting,SAP Finance / FICO,5.0,5–7 years,,Unknown
SAP-SEED-02348,SAP S/4HANA Group Reporting,SAP Finance / FICO,6.0,5–7 years,,Unknown
SAP-SEED-02349,SAP S/4HANA Group Reporting,SAP Finance / FICO,9.0,8–11 years,,Unknown
SAP-SEED-02350,SAP S/4HANA Group Reporting,SAP Finance / FICO,5.0,5–7 years,Hyderabad,Hyderabad
SAP-SEED-02351,SAP S/4HANA Group Reporting,SAP Finance / FICO,8.0,8–11 years,Hyderabad,Hyderabad
SAP-SEED-02352,SAP S/4HANA Group Reporting,SAP Finance / FICO,4.0,3–4 years,Hyderabad,Hyderabad
SAP-SEED-02353,SAP Global Trade Services,SAP General / Consulting,7.0,5–7 years,Bangalore,Bengaluru
SAP-SEED-02354,SAP Global Trade Services,SAP General / Consulting,8.0,8–11 years,Bangalore,Bengaluru
SAP-SEED-02355,SAP Global Trade Services,SAP General / Consulting,5.0,5–7 years,Bangalore,Bengaluru
SAP-SEED-02356,SAP Global Trade Services,SAP General / Consulting,9.0,8–11 years,Pune,Pune
SAP-SEED-02357,SAP Global Trade Services,SAP General / Consulting,8.0,8–11 years,Nagpur,Nagpur
SAP-SEED-02358,SAP Global Trade Services,SAP General / Consulting,5.0,5–7 years,,Unknown
SAP-SEED-02359,SAP Global Trade Services,SAP General / Consulting,9.0,8–11 years,,Unknown
SAP-SEED-02360,SAP Global Trade Services,SAP General / Consulting,7.0,5–7 years,,Unknown
SAP-SEED-02361,SAP Global Trade Services,SAP General / Consulting,9.0,8–11 years,Hyderabad,Hyderabad
SAP-SEED-02362,SAP Global Trade Services,SAP General / Consulting,5.0,5–7 years,Hyderabad,Hyderabad
SAP-SEED-02363,SAP Global Trade Services,SAP General / Consulting,8.0,8–11 years,Hyderabad,Hyderabad
SAP-SEED-02364,SAP Global Trade Services,SAP General / Consulting,4.0,3–4 years,Bangalore,Bengaluru
SAP-SEED-02365,SAP Global Trade Services,SAP General / Consulting,8.0,8–11 years,Bangalore,Bengaluru
SAP-SEED-02366,SAP Global Trade Services,SAP General / Consulting,9.0,8–11 years,Bangalore,Bengaluru
SAP-SEED-02367,SAP Global Trade Services,SAP General / Consulting,6.0,5–7 years,Pune,Pune
SAP-SEED-02368,SAP Global Trade Services,SAP General / Consulting,9.0,8–11 years,Nagpur,Nagpur
SAP-SEED-02369,SAP Global Trade Services,SAP General / Consulting,4.0,3–4 years,,Unknown
SAP-SEED-02370,SAP Global Trade Services,SAP General / Consulting,3.0,3–4 years,,Unknown
SAP-SEED-02371,SAP Global Trade Services,SAP General / Consulting,6.0,5–7 years,,Unknown
SAP-SEED-02372,SAP Global Trade Services,SAP General / Consulting,5.0,5–7 years,,Unknown
SAP-SEED-02373,SAP Global Trade Services,SAP General / Consulting,7.0,5–7 years,,Unknown
SAP-SEED-02374,SAP Global Trade Services,SAP General / Consulting,5.0,5–7 years,Hyderabad,Hyderabad
SAP-SEED-02375,SAP FSCM Treasury and Risk Management (TRM),SAP Finance / FICO,8.0,8–11 years,Hyderabad,Hyderabad
SAP-SEED-02376,SAP FSCM Treasury and Risk Management (TRM),SAP Finance / FICO,8.0,8–11 years,Hyderabad,Hyderabad
SAP-SEED-02377,SAP FSCM Treasury and Risk Management (TRM),SAP Finance / FICO,4.0,3–4 years,Bangalore,Bengaluru
SAP-SEED-02378,SAP FSCM Treasury and Risk Management (TRM),SAP Finance / FICO,9.0,8–11 years,Bangalore,Bengaluru
SAP-SEED-02379,SAP FSCM Treasury and Risk Management (TRM),SAP Finance / FICO,5.0,5–7 years,Bangalore,Bengaluru
SAP-SEED-02380,SAP FSCM Treasury and Risk Management (TRM),SAP Finance / FICO,7.0,5–7 years,Pune,Pune
SAP-SEED-02381,SAP FSCM Treasury and Risk Management (TRM),SAP Finance / FICO,9.0,8–11 years,Nagpur,Nagpur
SAP-SEED-02382,SAP FSCM Treasury and Risk Management (TRM),SAP Finance / FICO,5.0,5–7 years,,Unknown
SAP-SEED-02383,SAP FSCM Treasury and Risk Management (TRM),SAP Finance / FICO,4.0,3–4 years,,Unknown
SAP-SEED-02384,SAP FSCM Treasury and Risk Management (TRM),SAP Finance / FICO,7.0,5–7 years,,Unknown
SAP-SEED-02385,SAP FSCM Treasury and Risk Management (TRM),SAP Finance / FICO,5.0,5–7 years,,Unknown
SAP-SEED-02386,SAP FSCM Treasury and Risk Management (TRM),SAP Finance / FICO,6.0,5–7 years,Hyderabad,Hyderabad
SAP-SEED-02387,SAP FSCM Treasury and Risk Management (TRM),SAP Finance / FICO,6.0,5–7 years,Hyderabad,Hyderabad
SAP-SEED-02388,SAP for Utilities Energy Data Management Device Management,SAP General / Consulting,3.0,3–4 years,Hyderabad,Hyderabad
SAP-SEED-02389,SAP for Utilities Energy Data Management Device Management,SAP General / Consulting,6.0,5–7 years,Bangalore,Bengaluru
SAP-SEED-02390,SAP for Utilities Energy Data Management Device Management,SAP General / Consulting,7.0,5–7 years,Bangalore,Bengaluru
SAP-SEED-02391,SAP for Utilities Energy Data Management Device Management,SAP General / Consulting,4.0,3–4 years,Bangalore,Bengaluru
SAP-SEED-02392,SAP for Utilities Energy Data Management Device Management,SAP General / Consulting,9.0,8–11 years,Pune,Pune
SAP-SEED-02393,SAP for Utilities Energy Data Management Device Management,SAP General / Consulting,6.0,5–7 years,Nagpur,Nagpur
SAP-SEED-02394,SAP for Utilities Energy Data Management Device Management,SAP General / Consulting,7.0,5–7 years,,Unknown
SAP-SEED-02395,SAP S/4HANA Group Reporting,SAP Finance / FICO,8.0,8–11 years,,Unknown
SAP-SEED-02396,SAP S/4HANA Group Reporting,SAP Finance / FICO,9.0,8–11 years,,Unknown
SAP-SEED-02397,SAP S/4HANA Group Reporting,SAP Finance / FICO,4.0,3–4 years,,Unknown
SAP-SEED-02398,SAP S/4HANA Group Reporting,SAP Finance / FICO,7.0,5–7 years,Hyderabad,Hyderabad
SAP-SEED-02399,SAP S/4HANA Group Reporting,SAP Finance / FICO,9.0,8–11 years,Hyderabad,Hyderabad
SAP-SEED-02400,SAP S/4HANA Group Reporting,SAP Finance / FICO,3.0,3–4 years,Hyderabad,Hyderabad
SAP-SEED-02401,SAP S/4HANA Group Reporting,SAP Finance / FICO,6.0,5–7 years,Bangalore,Bengaluru
SAP-SEED-02402,SAP S/4HANA Group Reporting,SAP Finance / FICO,8.0,8–11 years,Bangalore,Bengaluru
SAP-SEED-02403,SAP S/4HANA Group Reporting,SAP Finance / FICO,4.0,3–4 years,Bangalore,Bengaluru
SAP-SEED-02404,SAP S/4HANA Group Reporting,SAP Finance / FICO,7.0,5–7 years,Pune,Pune
SAP-SEED-02405,SAP S/4HANA Group Reporting,SAP Finance / FICO,3.0,3–4 years,Nagpur,Nagpur
SAP-SEED-02406,SAP FSCM Treasury and Risk Management (TRM),SAP Finance / FICO,6.0,5–7 years,,Unknown
SAP-SEED-02407,SAP FSCM Treasury and Risk Management (TRM),SAP Finance / FICO,9.0,8–11 years,,Unknown
SAP-SEED-02408,SAP FSCM Treasury and Risk Management (TRM),SAP Finance / FICO,4.0,3–4 years,,Unknown
SAP-SEED-02409,SAP FSCM Treasury and Risk Management (TRM),SAP Finance / FICO,6.0,5–7 years,,Unknown
SAP-SEED-02410,SAP FSCM Treasury and Risk Management (TRM),SAP Finance / FICO,10.0,8–11 years,,Unknown
SAP-SEED-02411,SAP FSCM Treasury and Risk Management (TRM),SAP Finance / FICO,12.0,12+ years,,Unknown
SAP-SEED-02412,SAP FSCM Treasury and Risk Management (TRM),SAP Finance / FICO,12.0,12+ years,,Unknown
SAP-SEED-02413,SAP FSCM Treasury and Risk Management (TRM),SAP Finance / FICO,5.0,5–7 years,Hyderabad,Hyderabad
SAP-SEED-02414,SAP FSCM Treasury and Risk Management (TRM),SAP Finance / FICO,7.0,5–7 years,Hyderabad,Hyderabad
SAP-SEED-02415,SAP FSCM Treasury and Risk Management (TRM),SAP Finance / FICO,9.0,8–11 years,Hyderabad,Hyderabad
SAP-SEED-02416,SAP FSCM Treasury and Risk Management (TRM),SAP Finance / FICO,3.0,3–4 years,Bangalore,Bengaluru
SAP-SEED-02417,SAP FSCM Treasury and Risk Management (TRM),SAP Finance / FICO,6.0,5–7 years,Bangalore,Bengaluru
SAP-SEED-02418,SAP FSCM Treasury and Risk Management (TRM),SAP Finance / FICO,9.0,8–11 years,Bangalore,Bengaluru
SAP-SEED-02419,SAP BRIM Contract Accounting FI-CA,SAP Finance / FICO,5.0,5–7 years,Pune,Pune
SAP-SEED-02420,SAP BRIM Contract Accounting FI-CA,SAP Finance / FICO,8.0,8–11 years,Nagpur,Nagpur
SAP-SEED-02421,SAP BRIM Contract Accounting FI-CA,SAP Finance / FICO,5.0,5–7 years,,Unknown
SAP-SEED-02422,SAP BRIM Contract Accounting FI-CA,SAP Finance / FICO,9.0,8–11 years,,Unknown
SAP-SEED-02423,SAP BRIM Contract Accounting FI-CA,SAP Finance / FICO,3.0,3–4 years,,Unknown
SAP-SEED-02424,SAP BRIM Contract Accounting FI-CA,SAP Finance / FICO,6.0,5–7 years,,Unknown
SAP-SEED-02425,SAP BRIM Contract Accounting FI-CA,SAP Finance / FICO,4.0,3–4 years,,Unknown
SAP-SEED-02426,SAP ABAP HANA,SAP ABAP / Development,9.0,8–11 years,Ahemdabad,Ahemdabad
SAP-SEED-02427,SAP ABAP HANA,SAP ABAP / Development,7.0,5–7 years,Hyderabad,Hyderabad
SAP-SEED-02428,SAP ABAP HANA,SAP ABAP / Development,5.0,5–7 years,Hyderabad,Hyderabad
SAP-SEED-02429,SAP ABAP HANA,SAP ABAP / Development,8.0,8–11 years,Hyderabad,Hyderabad
SAP-SEED-02430,SAP ABAP HANA,SAP ABAP / Development,3.0,3–4 years,Bangalore,Bengaluru
SAP-SEED-02431,SAP ABAP HANA,SAP ABAP / Development,8.0,8–11 years,Bangalore,Bengaluru
SAP-SEED-02432,SAP ABAP HANA,SAP ABAP / Development,5.0,5–7 years,Bangalore,Bengaluru
SAP-SEED-02433,SAP ABAP HANA,SAP ABAP / Development,9.0,8–11 years,Pune,Pune
SAP-SEED-02434,SAP ABAP HANA,SAP ABAP / Development,6.0,5–7 years,Nagpur,Nagpur
SAP-SEED-02435,SAP ABAP HANA,SAP ABAP / Development,6.0,5–7 years,,Unknown
SAP-SEED-02436,SAP ABAP HANA,SAP ABAP / Development,4.0,3–4 years,Bangalore,Bengaluru
SAP-SEED-02437,SAP ABAP HANA,SAP ABAP / Development,9.0,8–11 years,,Unknown
SAP-SEED-02438,SAP ABAP HANA,SAP ABAP / Development,4.0,3–4 years,,Unknown
SAP-SEED-02439,SAP ABAP HANA,SAP ABAP / Development,5.0,5–7 years,Bangalore,Bengaluru
SAP-SEED-02440,SAP ABAP HANA,SAP ABAP / Development,7.0,5–7 years,Bangalore,Bengaluru
SAP-SEED-02441,SAP ABAP HANA,SAP ABAP / Development,2.0,3–4 years,Mumbai,Mumbai
SAP-SEED-02442,SAP ABAP HANA,SAP ABAP / Development,12.0,12+ years,Ahemdabad,Ahemdabad
SAP-SEED-02443,SAP ABAP HANA,SAP ABAP / Development,8.0,8–11 years,Bangalore,Bengaluru
SAP-SEED-02444,SAP ABAP HANA,SAP ABAP / Development,5.0,5–7 years,Raipur,Raipur
SAP-SEED-02445,SAP ABAP HANA,SAP ABAP / Development,3.0,3–4 years,Bangalore,Bengaluru
SAP-SEED-02446,SAP ABAP HANA,SAP ABAP / Development,7.0,5–7 years,,Unknown
SAP-SEED-02447,SAP ABAP HANA,SAP ABAP / Development,5.0,5–7 years,,Unknown
SAP-SEED-02448,SAP ABAP HANA,SAP ABAP / Development,6.0,5–7 years,Nadiad,Nadiad
SAP-SEED-02449,SAP ABAP HANA,SAP ABAP / Development,9.0,8–11 years,Coimbatore,Coimbatore
SAP-SEED-02450,SAP ABAP HANA,SAP ABAP / Development,4.0,3–4 years,Rajkot,Rajkot
SAP-SEED-02451,SAP ABAP HANA,SAP ABAP / Development,9.0,8–11 years,Gurugram,Gurugram
SAP-SEED-02452,SAP ABAP HANA,SAP ABAP / Development,5.0,5–7 years,Coimbatore,Coimbatore
SAP-SEED-02453,SAP ABAP HANA,SAP ABAP / Development,8.0,8–11 years,Coimbatore,Coimbatore
SAP-SEED-02454,SAP Successfactor,SAP General / Consulting,3.0,3–4 years,Coimbatore,Coimbatore
SAP-SEED-02455,SAP Successfactor,SAP General / Consulting,12.0,12+ years,Coimbatore,Coimbatore
SAP-SEED-02456,SAP EWM,SAP Warehouse / EWM,8.0,8–11 years,,Unknown
SAP-SEED-02457,SAP EWM,SAP Warehouse / EWM,5.0,5–7 years,,Unknown
SAP-SEED-02458,SAP EWM,SAP Warehouse / EWM,9.0,8–11 years,,Unknown
SAP-SEED-02459,SAP EWM,SAP Warehouse / EWM,5.0,5–7 years,Hyderabad,Hyderabad
SAP-SEED-02460,SAP EWM,SAP Warehouse / EWM,8.0,8–11 years,Hyderabad,Hyderabad
SAP-SEED-02461,SAP EWM,SAP Warehouse / EWM,6.0,5–7 years,Hyderabad,Hyderabad
SAP-SEED-02462,SAP EWM,SAP Warehouse / EWM,9.0,8–11 years,Bangalore,Bengaluru
SAP-SEED-02463,SAP EWM,SAP Warehouse / EWM,7.0,5–7 years,Bangalore,Bengaluru
SAP-SEED-02464,SAP EWM,SAP Warehouse / EWM,6.0,5–7 years,Bangalore,Bengaluru
SAP-SEED-02465,SAP EWM,SAP Warehouse / EWM,9.0,8–11 years,Pune,Pune
SAP-SEED-02466,SAP EWM,SAP Warehouse / EWM,4.0,3–4 years,Nagpur,Nagpur
SAP-SEED-02467,SAP EWM,SAP Warehouse / EWM,5.0,5–7 years,Hyderabad,Hyderabad
SAP-SEED-02468,SAP Successfactor,SAP General / Consulting,7.0,5–7 years,Hyderabad,Hyderabad
SAP-SEED-02469,SAP Successfactor,SAP General / Consulting,5.0,5–7 years,Hyderabad,Hyderabad
SAP-SEED-02470,SAP Successfactor,SAP General / Consulting,7.0,5–7 years,Bangalore,Bengaluru
SAP-SEED-02471,SAP Successfactor,SAP General / Consulting,6.0,5–7 years,Bangalore,Bengaluru
SAP-SEED-02472,SAP Successfactor,SAP General / Consulting,8.0,8–11 years,Bangalore,Bengaluru
SAP-SEED-02473,SAP Successfactor,SAP General / Consulting,9.0,8–11 years,Pune,Pune
SAP-SEED-02474,SAP Successfactor,SAP General / Consulting,6.0,5–7 years,Nagpur,Nagpur
SAP-SEED-02475,SAP FI S/4HANA Accounting,SAP Finance / FICO,7.0,5–7 years,Bangalore,Bengaluru
SAP-SEED-02476,SAP FI S/4HANA Accounting,SAP Finance / FICO,7.0,5–7 years,Bangalore,Bengaluru
SAP-SEED-02477,SAP FI S/4HANA Accounting,SAP Finance / FICO,7.0,5–7 years,Bangalore,Bengaluru
SAP-SEED-02478,SAP FI S/4HANA Accounting,SAP Finance / FICO,7.0,5–7 years,Bangalore,Bengaluru
SAP-SEED-02479,SAP FI S/4HANA Accounting,SAP Finance / FICO,7.0,5–7 years,Bangalore,Bengaluru
SAP-SEED-02480,SAP FI S/4HANA Accounting,SAP Finance / FICO,7.0,5–7 years,Bangalore,Bengaluru
SAP-SEED-02481,SAP FI S/4HANA Accounting,SAP Finance / FICO,4.0,3–4 years,Hyderabad,Hyderabad
SAP-SEED-02482,SAP FI S/4HANA Accounting,SAP Finance / FICO,6.0,5–7 years,Hyderabad,Hyderabad
SAP-SEED-02483,SAP FI S/4HANA Accounting,SAP Finance / FICO,7.0,5–7 years,Hyderabad,Hyderabad
SAP-SEED-02484,SAP FI S/4HANA Accounting,SAP Finance / FICO,7.0,5–7 years,Bangalore,Bengaluru
SAP-SEED-02485,SAP FI S/4HANA Accounting,SAP Finance / FICO,8.0,8–11 years,Bangalore,Bengaluru
SAP-SEED-02486,SAP FI S/4HANA Accounting,SAP Finance / FICO,6.0,5–7 years,Bangalore,Bengaluru
SAP-SEED-02487,SAP FI S/4HANA Accounting,SAP Finance / FICO,4.5,3–4 years,Pune,Pune
SAP-SEED-02488,SAP FI S/4HANA Accounting,SAP Finance / FICO,7.0,5–7 years,Nagpur,Nagpur
SAP-SEED-02489,SAP ABAP and HANA,SAP ABAP / Development,5.0,5–7 years,Bangalore,Bengaluru
SAP-SEED-02490,SAP ABAP and HANA,SAP ABAP / Development,6.0,5–7 years,Bangalore,Bengaluru
SAP-SEED-02491,SAP ABAP and HANA,SAP ABAP / Development,8.0,8–11 years,Bangalore,Bengaluru
SAP-SEED-02492,SAP ABAP and HANA,SAP ABAP / Development,5.0,5–7 years,Bangalore,Bengaluru
SAP-SEED-02493,SAP ABAP and HANA,SAP ABAP / Development,6.0,5–7 years,Bangalore,Bengaluru
SAP-SEED-02494,SAP ABAP and HANA,SAP ABAP / Development,9.0,8–11 years,Bangalore,Bengaluru
SAP-SEED-02495,SAP ABAP and HANA,SAP ABAP / Development,7.0,5–7 years,Bangalore,Bengaluru
SAP-SEED-02496,SAP ABAP and HANA,SAP ABAP / Development,4.0,3–4 years,Bangalore,Bengaluru
SAP-SEED-02497,SAP ABAP and HANA,SAP ABAP / Development,6.0,5–7 years,Bangalore,Bengaluru
SAP-SEED-02498,SAP ABAP and HANA,SAP ABAP / Development,8.0,8–11 years,Bangalore,Bengaluru
SAP-SEED-02499,SAP ABAP and HANA,SAP ABAP / Development,5.0,5–7 years,Bangalore,Bengaluru
SAP-SEED-02500,SAP ABAP and HANA,SAP ABAP / Development,7.0,5–7 years,Bangalore,Bengaluru
SAP-SEED-02501,SAP ABAP and HANA,SAP ABAP / Development,4.0,3–4 years,Bangalore,Bengaluru
SAP-SEED-02502,SAP ABAP and HANA,SAP ABAP / Development,7.0,5–7 years,Hyderabad,Hyderabad
SAP-SEED-02503,SAP ABAP and HANA,SAP ABAP / Development,8.0,8–11 years,Hyderabad,Hyderabad
SAP-SEED-02504,SAP ABAP and HANA,SAP ABAP / Development,9.0,8–11 years,Hyderabad,Hyderabad
SAP-SEED-02505,SAP ABAP and HANA,SAP ABAP / Development,5.0,5–7 years,Bangalore,Bengaluru
SAP-SEED-02506,SAP ABAP and HANA,SAP ABAP / Development,6.0,5–7 years,Bangalore,Bengaluru
SAP-SEED-02507,SAP ABAP and HANA,SAP ABAP / Development,7.0,5–7 years,Bangalore,Bengaluru
SAP-SEED-02508,SAP CO,SAP Finance / FICO,5.0,5–7 years,Pune,Pune
SAP-SEED-02509,SAP CO,SAP Finance / FICO,4.0,3–4 years,Nagpur,Nagpur
SAP-SEED-02510,SAP CO,SAP Finance / FICO,3.0,3–4 years,,Unknown
SAP-SEED-02511,SAP CO,SAP Finance / FICO,7.0,5–7 years,,Unknown
SAP-SEED-02512,SAP CO,SAP Finance / FICO,6.0,5–7 years,,Unknown
SAP-SEED-02513,SAP CO,SAP Finance / FICO,5.0,5–7 years,,Unknown
SAP-SEED-02514,SAP CO,SAP Finance / FICO,8.0,8–11 years,,Unknown
SAP-SEED-02515,SAP CO,SAP Finance / FICO,6.0,5–7 years,Pune,Pune
SAP-SEED-02516,SAP CO,SAP Finance / FICO,6.0,5–7 years,,Unknown
SAP-SEED-02517,SAP CO,SAP Finance / FICO,8.0,8–11 years,Pune,Pune
SAP-SEED-02518,SAP CO,SAP Finance / FICO,5.0,5–7 years,,Unknown
SAP-SEED-02519,SAP CO,SAP Finance / FICO,3.0,3–4 years,,Unknown
SAP-SEED-02520,SAP CO,SAP Finance / FICO,9.0,8–11 years,Pune,Pune
SAP-SEED-02521,SAP CO,SAP Finance / FICO,8.0,8–11 years,,Unknown
SAP-SEED-02522,SAP CO,SAP Finance / FICO,6.0,5–7 years,,Unknown
SAP-SEED-02523,SAP ABAP and HANA,SAP ABAP / Development,9.0,8–11 years,,Unknown
SAP-SEED-02524,SAP ABAP and HANA,SAP ABAP / Development,8.0,8–11 years,Hyderabad,Hyderabad
SAP-SEED-02525,SAP ABAP and HANA,SAP ABAP / Development,9.0,8–11 years,Hyderabad,Hyderabad
SAP-SEED-02526,SAP ABAP and HANA,SAP ABAP / Development,8.0,8–11 years,Hyderabad,Hyderabad
SAP-SEED-02527,SAP ABAP and HANA,SAP ABAP / Development,9.0,8–11 years,Bangalore,Bengaluru
SAP-SEED-02528,SAP ABAP and HANA,SAP ABAP / Development,7.0,5–7 years,Bangalore,Bengaluru
SAP-SEED-02529,SAP ABAP and HANA,SAP ABAP / Development,9.0,8–11 years,Bangalore,Bengaluru
SAP-SEED-02530,SAP ABAP and HANA,SAP ABAP / Development,6.0,5–7 years,Pune,Pune
SAP-SEED-02531,SAP ABAP and HANA,SAP ABAP / Development,7.0,5–7 years,Nagpur,Nagpur
SAP-SEED-02532,SAP ABAP and HANA,SAP ABAP / Development,5.0,5–7 years,,Unknown
SAP-SEED-02533,SAP ABAP and HANA,SAP ABAP / Development,6.0,5–7 years,,Unknown
SAP-SEED-02534,SAP ABAP and HANA,SAP ABAP / Development,4.0,3–4 years,,Unknown
SAP-SEED-02535,SAP ABAP and HANA,SAP ABAP / Development,6.0,5–7 years,,Unknown
SAP-SEED-02536,SAP ABAP and HANA,SAP ABAP / Development,3.0,3–4 years,,Unknown
SAP-SEED-02537,SAP ABAP and HANA,SAP ABAP / Development,5.0,5–7 years,,Unknown
SAP-SEED-02538,SAP ABAP and HANA,SAP ABAP / Development,6.0,5–7 years,,Unknown
SAP-SEED-02539,SAP ABAP and HANA,SAP ABAP / Development,7.0,5–7 years,,Unknown
SAP-SEED-02540,SAP UI5,SAP UX / UI5 / Fiori,8.0,8–11 years,,Unknown
SAP-SEED-02541,SAP UI5,SAP UX / UI5 / Fiori,6.0,5–7 years,,Unknown
SAP-SEED-02542,SAP UI5,SAP UX / UI5 / Fiori,7.0,5–7 years,,Unknown
SAP-SEED-02543,SAP UI5,SAP UX / UI5 / Fiori,5.0,5–7 years,,Unknown
SAP-SEED-02544,SAP UI5,SAP UX / UI5 / Fiori,6.0,5–7 years,,Unknown
SAP-SEED-02545,SAP UI5,SAP UX / UI5 / Fiori,7.0,5–7 years,,Unknown
SAP-SEED-02546,SAP UI5,SAP UX / UI5 / Fiori,8.0,8–11 years,,Unknown
SAP-SEED-02547,SAP UI5,SAP UX / UI5 / Fiori,9.0,8–11 years,,Unknown
SAP-SEED-02548,SAP UI5,SAP UX / UI5 / Fiori,,Unknown / Needs enrichment,Hyderabad,Hyderabad
SAP-SEED-02549,SAP UI5,SAP UX / UI5 / Fiori,,Unknown / Needs enrichment,Hyderabad,Hyderabad
SAP-SEED-02550,SAP UI5,SAP UX / UI5 / Fiori,,Unknown / Needs enrichment,Hyderabad,Hyderabad
SAP-SEED-02551,SAP UI5,SAP UX / UI5 / Fiori,,Unknown / Needs enrichment,Hyderabad,Hyderabad
SAP-SEED-02552,SAP UI5,SAP UX / UI5 / Fiori,,Unknown / Needs enrichment,Bangalore,Bengaluru
SAP-SEED-02553,SAP UI5,SAP UX / UI5 / Fiori,,Unknown / Needs enrichment,Bangalore,Bengaluru
SAP-SEED-02554,SAP UI5,SAP UX / UI5 / Fiori,,Unknown / Needs enrichment,Bangalore,Bengaluru
SAP-SEED-02555,SAP UI5,SAP UX / UI5 / Fiori,,Unknown / Needs enrichment,Pune,Pune
SAP-SEED-02556,SAP UI5,SAP UX / UI5 / Fiori,,Unknown / Needs enrichment,Nagpur,Nagpur
SAP-SEED-02557,SAP UI5,SAP UX / UI5 / Fiori,,Unknown / Needs enrichment,,Unknown
SAP-SEED-02558,SAP UI5,SAP UX / UI5 / Fiori,,Unknown / Needs enrichment,Hyderabad,Hyderabad
SAP-SEED-02559,SAP UI5,SAP UX / UI5 / Fiori,,Unknown / Needs enrichment,Hyderabad,Hyderabad
SAP-SEED-02560,SAP UI5,SAP UX / UI5 / Fiori,,Unknown / Needs enrichment,Hyderabad,Hyderabad
SAP-SEED-02561,SAP UI5,SAP UX / UI5 / Fiori,,Unknown / Needs enrichment,Bangalore,Bengaluru
SAP-SEED-02562,SAP UI5,SAP UX / UI5 / Fiori,,Unknown / Needs enrichment,Bangalore,Bengaluru
SAP-SEED-02563,SAP UI5,SAP UX / UI5 / Fiori,,Unknown / Needs enrichment,Bangalore,Bengaluru
SAP-SEED-02564,SAP UI5,SAP UX / UI5 / Fiori,,Unknown / Needs enrichment,Pune,Pune
SAP-SEED-02565,SAP UI5,SAP UX / UI5 / Fiori,,Unknown / Needs enrichment,Nagpur,Nagpur
SAP-SEED-02566,SAP CPI,SAP Integration / CPI,,Unknown / Needs enrichment,Bangalore,Bengaluru
SAP-SEED-02567,SAP UI5,SAP UX / UI5 / Fiori,,Unknown / Needs enrichment,Bangalore,Bengaluru
SAP-SEED-02568,SAP CPI,SAP Integration / CPI,,Unknown / Needs enrichment,Bangalore,Bengaluru
SAP-SEED-02569,SAP CPI,SAP Integration / CPI,,Unknown / Needs enrichment,Bangalore,Bengaluru
SAP-SEED-02570,SAP CPI,SAP Integration / CPI,,Unknown / Needs enrichment,Bangalore,Bengaluru
SAP-SEED-02571,SAP CPI,SAP Integration / CPI,,Unknown / Needs enrichment,Bangalore,Bengaluru
SAP-SEED-02572,SAP CPI,SAP Integration / CPI,,Unknown / Needs enrichment,Bangalore,Bengaluru
SAP-SEED-02573,SAP CPI,SAP Integration / CPI,,Unknown / Needs enrichment,Bangalore,Bengaluru
SAP-SEED-02574,SAP CPI,SAP Integration / CPI,,Unknown / Needs enrichment,Bangalore,Bengaluru
SAP-SEED-02575,SAP CPI,SAP Integration / CPI,,Unknown / Needs enrichment,Bangalore,Bengaluru
SAP-SEED-02576,SAP CPI,SAP Integration / CPI,,Unknown / Needs enrichment,Bangalore,Bengaluru
SAP-SEED-02577,SAP CPI,SAP Integration / CPI,,Unknown / Needs enrichment,Bangalore,Bengaluru
SAP-SEED-02578,SAP CPI,SAP Integration / CPI,,Unknown / Needs enrichment,Bangalore,Bengaluru
SAP-SEED-02579,SAP CPI,SAP Integration / CPI,,Unknown / Needs enrichment,Bangalore,Bengaluru
SAP-SEED-02580,SAP CPI,SAP Integration / CPI,,Unknown / Needs enrichment,Bangalore,Bengaluru
SAP-SEED-02581,SAP CPI,SAP Integration / CPI,,Unknown / Needs enrichment,Bangalore,Bengaluru
SAP-SEED-02582,SAP PI/PO,SAP Integration / CPI,,Unknown / Needs enrichment,Bangalore,Bengaluru
SAP-SEED-02583,SAP CPI,SAP Integration / CPI,,Unknown / Needs enrichment,Bangalore,Bengaluru
SAP-SEED-02584,SAP CPI,SAP Integration / CPI,,Unknown / Needs enrichment,Bangalore,Bengaluru
SAP-SEED-02585,SAP CPI,SAP Integration / CPI,,Unknown / Needs enrichment,Bangalore,Bengaluru
SAP-SEED-02586,SAP CPI,SAP Integration / CPI,,Unknown / Needs enrichment,Bangalore,Bengaluru
SAP-SEED-02587,SAP CPI,SAP Integration / CPI,,Unknown / Needs enrichment,Bangalore,Bengaluru
SAP-SEED-02588,SAP CPI,SAP Integration / CPI,,Unknown / Needs enrichment,Bangalore,Bengaluru
SAP-SEED-02589,SAP CPI,SAP Integration / CPI,,Unknown / Needs enrichment,Bangalore,Bengaluru
SAP-SEED-02590,SAP CPI,SAP Integration / CPI,,Unknown / Needs enrichment,Bangalore,Bengaluru
SAP-SEED-02591,SAP CPI,SAP Integration / CPI,,Unknown / Needs enrichment,Bangalore,Bengaluru
SAP-SEED-02592,SAP CPI,SAP Integration / CPI,,Unknown / Needs enrichment,Bangalore,Bengaluru
SAP-SEED-02593,SAP CPI,SAP Integration / CPI,,Unknown / Needs enrichment,Bangalore,Bengaluru
SAP-SEED-02594,SAP CPI,SAP Integration / CPI,,Unknown / Needs enrichment,Bangalore,Bengaluru
SAP-SEED-02595,SAP CPI,SAP Integration / CPI,,Unknown / Needs enrichment,Bangalore,Bengaluru
SAP-SEED-02596,SAP CPI,SAP Integration / CPI,,Unknown / Needs enrichment,Bangalore,Bengaluru
SAP-SEED-02597,SAP CPI,SAP Integration / CPI,,Unknown / Needs enrichment,Bangalore,Bengaluru
SAP-SEED-02598,SAP CPI,SAP Integration / CPI,,Unknown / Needs enrichment,Bangalore,Bengaluru
SAP-SEED-02599,SAP CPI,SAP Integration / CPI,,Unknown / Needs enrichment,Bangalore,Bengaluru
SAP-SEED-02600,SAP CPI,SAP Integration / CPI,,Unknown / Needs enrichment,Bangalore,Bengaluru
SAP-SEED-02601,SAP CPI,SAP Integration / CPI,,Unknown / Needs enrichment,Bangalore,Bengaluru
SAP-SEED-02602,SAP ABAP and HANA,SAP ABAP / Development,,Unknown / Needs enrichment,Bangalore,Bengaluru
SAP-SEED-02603,SAP ABAP and HANA,SAP ABAP / Development,,Unknown / Needs enrichment,Hyderabad,Hyderabad
SAP-SEED-02604,SAP ABAP HANA,SAP ABAP / Development,,Unknown / Needs enrichment,Hyderabad,Hyderabad
SAP-SEED-02605,SAP ABAP HANA,SAP ABAP / Development,,Unknown / Needs enrichment,Hyderabad,Hyderabad
SAP-SEED-02606,SAP ABAP HANA,SAP ABAP / Development,,Unknown / Needs enrichment,Bangalore,Bengaluru
SAP-SEED-02607,SAP ABAP HANA,SAP ABAP / Development,,Unknown / Needs enrichment,Bangalore,Bengaluru
SAP-SEED-02608,SAP ABAP HANA,SAP ABAP / Development,3.0,3–4 years,Bangalore,Bengaluru
SAP-SEED-02609,SAP ABAP HANA,SAP ABAP / Development,,Unknown / Needs enrichment,Pune,Pune
SAP-SEED-02610,SAP ABAP HANA,SAP ABAP / Development,,Unknown / Needs enrichment,Nagpur,Nagpur
SAP-SEED-02611,SAP ABAP HANA,SAP ABAP / Development,,Unknown / Needs enrichment,Bangalore,Bengaluru
SAP-SEED-02612,SAP ABAP HANA,SAP ABAP / Development,7.0,5–7 years,Chennai,Chennai
SAP-SEED-02613,SAP ABAP HANA,SAP ABAP / Development,,Unknown / Needs enrichment,Bangalore,Bengaluru
SAP-SEED-02614,SAP ABAP HANA,SAP ABAP / Development,8.0,8–11 years,Bangalore,Bengaluru
SAP-SEED-02615,SAP ABAP HANA,SAP ABAP / Development,6.0,5–7 years,Chennai,Chennai
SAP-SEED-02616,SAP ABAP HANA,SAP ABAP / Development,5.0,5–7 years,Hyderabad,Hyderabad
SAP-SEED-02617,SAP ABAP HANA,SAP ABAP / Development,7.0,5–7 years,Gurugram,Gurugram
SAP-SEED-02618,SAP ABAP HANA,SAP ABAP / Development,8.0,8–11 years,Hyderabad,Hyderabad
SAP-SEED-02619,SAP ABAP HANA,SAP ABAP / Development,9.0,8–11 years,Hyderabad,Hyderabad
SAP-SEED-02620,SAP ABAP HANA,SAP ABAP / Development,10.0,8–11 years,Kurnool,Kurnool
SAP-SEED-02621,SAP ABAP HANA,SAP ABAP / Development,2.0,3–4 years,Hyderabad,Hyderabad
SAP-SEED-02622,SAP ABAP HANA,SAP ABAP / Development,,Unknown / Needs enrichment,Hyderabad,Hyderabad
SAP-SEED-02623,SAP ABAP HANA,SAP ABAP / Development,2.0,3–4 years,Hyderabad,Hyderabad
SAP-SEED-02624,SAP ABAP HANA,SAP ABAP / Development,,Unknown / Needs enrichment,Hyderabad,Hyderabad
SAP-SEED-02625,SAP ABAP HANA,SAP ABAP / Development,,Unknown / Needs enrichment,Bangalore,Bengaluru
SAP-SEED-02626,SAP FI,SAP Finance / FICO,,Unknown / Needs enrichment,Bangalore,Bengaluru
SAP-SEED-02627,SAP FI,SAP Finance / FICO,,Unknown / Needs enrichment,Bangalore,Bengaluru
SAP-SEED-02628,SAP FI,SAP Finance / FICO,6.5,5–7 years,Pune,Pune
SAP-SEED-02629,SAP FI,SAP Finance / FICO,,Unknown / Needs enrichment,Nagpur,Nagpur
SAP-SEED-02630,SAP FI,SAP Finance / FICO,,Unknown / Needs enrichment,Bangalore,Bengaluru
SAP-SEED-02631,SAP FI,SAP Finance / FICO,,Unknown / Needs enrichment,Bangalore,Bengaluru
SAP-SEED-02632,SAP FI,SAP Finance / FICO,,Unknown / Needs enrichment,Bangalore,Bengaluru
SAP-SEED-02633,SAP FI,SAP Finance / FICO,,Unknown / Needs enrichment,Bangalore,Bengaluru
SAP-SEED-02634,SAP FI,SAP Finance / FICO,,Unknown / Needs enrichment,Bangalore,Bengaluru
SAP-SEED-02635,SAP FI,SAP Finance / FICO,,Unknown / Needs enrichment,Bangalore,Bengaluru
SAP-SEED-02636,SAP FI,SAP Finance / FICO,,Unknown / Needs enrichment,Bangalore,Bengaluru
SAP-SEED-02637,SAP FI,SAP Finance / FICO,,Unknown / Needs enrichment,Bangalore,Bengaluru
SAP-SEED-02638,SAP FI,SAP Finance / FICO,,Unknown / Needs enrichment,Bangalore,Bengaluru
SAP-SEED-02639,SAP FI,SAP Finance / FICO,,Unknown / Needs enrichment,Bangalore,Bengaluru
SAP-SEED-02640,SAP FI,SAP Finance / FICO,,Unknown / Needs enrichment,Bangalore,Bengaluru
SAP-SEED-02641,SAP FI,SAP Finance / FICO,,Unknown / Needs enrichment,Bangalore,Bengaluru
SAP-SEED-02642,SAP FI,SAP Finance / FICO,,Unknown / Needs enrichment,Bangalore,Bengaluru
SAP-SEED-02643,SAP FI,SAP Finance / FICO,,Unknown / Needs enrichment,Bangalore,Bengaluru
SAP-SEED-02644,SAP FI,SAP Finance / FICO,,Unknown / Needs enrichment,Bangalore,Bengaluru
SAP-SEED-02645,SAP FI,SAP Finance / FICO,,Unknown / Needs enrichment,Bangalore,Bengaluru
SAP-SEED-02646,SAP FI,SAP Finance / FICO,,Unknown / Needs enrichment,Bangalore,Bengaluru
SAP-SEED-02647,SAP FI,SAP Finance / FICO,,Unknown / Needs enrichment,Hyderabad,Hyderabad
SAP-SEED-02648,SAP FSCM Treasury and Risk Management (TRM),SAP Finance / FICO,,Unknown / Needs enrichment,Hyderabad,Hyderabad
SAP-SEED-02649,SAP FSCM Treasury and Risk Management (TRM),SAP Finance / FICO,,Unknown / Needs enrichment,Hyderabad,Hyderabad
SAP-SEED-02650,SAP FSCM Treasury and Risk Management (TRM),SAP Finance / FICO,,Unknown / Needs enrichment,Bangalore,Bengaluru
SAP-SEED-02651,SAP FSCM Treasury and Risk Management (TRM),SAP Finance / FICO,,Unknown / Needs enrichment,Bangalore,Bengaluru
SAP-SEED-02652,SAP FSCM Treasury and Risk Management (TRM),SAP Finance / FICO,,Unknown / Needs enrichment,Bangalore,Bengaluru
SAP-SEED-02653,SAP FSCM Treasury and Risk Management (TRM),SAP Finance / FICO,,Unknown / Needs enrichment,Pune,Pune
SAP-SEED-02654,SAP FSCM Treasury and Risk Management (TRM),SAP Finance / FICO,,Unknown / Needs enrichment,Nagpur,Nagpur
SAP-SEED-02655,SAP FSCM Treasury and Risk Management (TRM),SAP Finance / FICO,,Unknown / Needs enrichment,Bangalore,Bengaluru
SAP-SEED-02656,SAP FSCM Treasury and Risk Management (TRM),SAP Finance / FICO,,Unknown / Needs enrichment,Hyderabad,Hyderabad
SAP-SEED-02657,SAP FSCM Treasury and Risk Management (TRM),SAP Finance / FICO,,Unknown / Needs enrichment,Hyderabad,Hyderabad
SAP-SEED-02658,SAP FSCM Treasury and Risk Management (TRM),SAP Finance / FICO,,Unknown / Needs enrichment,Hyderabad,Hyderabad
SAP-SEED-02659,SAP FSCM Treasury and Risk Management (TRM),SAP Finance / FICO,,Unknown / Needs enrichment,Bangalore,Bengaluru
SAP-SEED-02660,SAP FSCM Treasury and Risk Management (TRM),SAP Finance / FICO,,Unknown / Needs enrichment,Bangalore,Bengaluru
SAP-SEED-02661,SAP FSCM Treasury and Risk Management (TRM),SAP Finance / FICO,,Unknown / Needs enrichment,Bangalore,Bengaluru
SAP-SEED-02662,SAP FSCM Treasury and Risk Management (TRM),SAP Finance / FICO,,Unknown / Needs enrichment,Pune,Pune
SAP-SEED-02663,SAP FSCM Treasury and Risk Management (TRM),SAP Finance / FICO,,Unknown / Needs enrichment,Nagpur,Nagpur
SAP-SEED-02664,SAP FSCM Treasury and Risk Management (TRM),SAP Finance / FICO,,Unknown / Needs enrichment,Bangalore,Bengaluru
SAP-SEED-02665,SAP FSCM Treasury and Risk Management (TRM),SAP Finance / FICO,,Unknown / Needs enrichment,Bangalore,Bengaluru
SAP-SEED-02666,SAP FSCM Treasury and Risk Management (TRM),SAP Finance / FICO,,Unknown / Needs enrichment,Bangalore,Bengaluru
SAP-SEED-02667,SAP FSCM Treasury and Risk Management (TRM),SAP Finance / FICO,,Unknown / Needs enrichment,Bangalore,Bengaluru
SAP-SEED-02668,SAP BRIM Contract Accounting FI-CA,SAP Finance / FICO,,Unknown / Needs enrichment,Bangalore,Bengaluru
SAP-SEED-02669,SAP BRIM Contract Accounting FI-CA,SAP Finance / FICO,,Unknown / Needs enrichment,Bangalore,Bengaluru
SAP-SEED-02670,SAP BRIM Contract Accounting FI-CA,SAP Finance / FICO,,Unknown / Needs enrichment,Bangalore,Bengaluru
SAP-SEED-02671,SAP BRIM Contract Accounting FI-CA,SAP Finance / FICO,,Unknown / Needs enrichment,Bangalore,Bengaluru
SAP-SEED-02672,SAP BRIM Contract Accounting FI-CA,SAP Finance / FICO,,Unknown / Needs enrichment,Bangalore,Bengaluru
SAP-SEED-02673,SAP BRIM Contract Accounting FI-CA,SAP Finance / FICO,,Unknown / Needs enrichment,Bangalore,Bengaluru
SAP-SEED-02674,SAP BRIM Contract Accounting FI-CA,SAP Finance / FICO,,Unknown / Needs enrichment,Bangalore,Bengaluru
SAP-SEED-02675,SAP BRIM Contract Accounting FI-CA,SAP Finance / FICO,,Unknown / Needs enrichment,Bangalore,Bengaluru
SAP-SEED-02676,SAP BRIM Contract Accounting FI-CA,SAP Finance / FICO,,Unknown / Needs enrichment,Bangalore,Bengaluru
SAP-SEED-02677,SAP BRIM Contract Accounting FI-CA,SAP Finance / FICO,,Unknown / Needs enrichment,Bangalore,Bengaluru
SAP-SEED-02678,SAP BRIM Contract Accounting FI-CA,SAP Finance / FICO,,Unknown / Needs enrichment,Bangalore,Bengaluru
SAP-SEED-02679,SAP Sales and Distribution (SD),SAP Sales / SD,,Unknown / Needs enrichment,Bangalore,Bengaluru
SAP-SEED-02680,SAP Sales and Distribution (SD),SAP Sales / SD,,Unknown / Needs enrichment,Bangalore,Bengaluru
SAP-SEED-02681,SAP Fico,SAP Finance / FICO,,Unknown / Needs enrichment,Bangalore,Bengaluru
SAP-SEED-02682,SAP Fico,SAP Finance / FICO,,Unknown / Needs enrichment,Bangalore,Bengaluru
SAP-SEED-02683,SAP Co,SAP Finance / FICO,,Unknown / Needs enrichment,Bangalore,Bengaluru
SAP-SEED-02684,SAP Co,SAP Finance / FICO,,Unknown / Needs enrichment,Bangalore,Bengaluru
SAP-SEED-02685,SAP Fico,SAP Finance / FICO,,Unknown / Needs enrichment,Bangalore,Bengaluru
SAP-SEED-02686,SAP Fico,SAP Finance / FICO,,Unknown / Needs enrichment,Bangalore,Bengaluru
SAP-SEED-02687,SAP Co,SAP Finance / FICO,,Unknown / Needs enrichment,Bangalore,Bengaluru
SAP-SEED-02688,SAP Fico,SAP Finance / FICO,,Unknown / Needs enrichment,Bangalore,Bengaluru
SAP-SEED-02689,SAP Fico,SAP Finance / FICO,,Unknown / Needs enrichment,Bangalore,Bengaluru
SAP-SEED-02690,SAP Fico,SAP Finance / FICO,,Unknown / Needs enrichment,Bangalore,Bengaluru
SAP-SEED-02691,SAP Fico,SAP Finance / FICO,,Unknown / Needs enrichment,Bangalore,Bengaluru
SAP-SEED-02692,SAP FICO,SAP Finance / FICO,,Unknown / Needs enrichment,Bangalore,Bengaluru
SAP-SEED-02693,SAP FICO,SAP Finance / FICO,,Unknown / Needs enrichment,Bangalore,Bengaluru
SAP-SEED-02694,SAP Fico,SAP Finance / FICO,,Unknown / Needs enrichment,Bangalore,Bengaluru
SAP-SEED-02695,SAP Fico,SAP Finance / FICO,,Unknown / Needs enrichment,Bangalore,Bengaluru
SAP-SEED-02696,SAP Fico,SAP Finance / FICO,,Unknown / Needs enrichment,Bangalore,Bengaluru
SAP-SEED-02697,SAP Fico,SAP Finance / FICO,,Unknown / Needs enrichment,Bangalore,Bengaluru
SAP-SEED-02698,,Unknown,6.0,5–7 years,Pune,Pune
SAP-SEED-02699,SAP FICO,SAP Finance / FICO,,Unknown / Needs enrichment,Bangalore,Bengaluru
SAP-SEED-02700,SAP Fico,SAP Finance / FICO,,Unknown / Needs enrichment,Bangalore,Bengaluru
SAP-SEED-02701,SAP Fico,SAP Finance / FICO,,Unknown / Needs enrichment,Bangalore,Bengaluru
SAP-SEED-02702,SAP Fico,SAP Finance / FICO,,Unknown / Needs enrichment,Bangalore,Bengaluru
SAP-SEED-02703,SAP ABAP,SAP ABAP / Development,,Unknown / Needs enrichment,Hyderabad,Hyderabad
SAP-SEED-02704,SAP ABAP,SAP ABAP / Development,,Unknown / Needs enrichment,Hyderabad,Hyderabad
SAP-SEED-02705,SAP ABAP,SAP ABAP / Development,,Unknown / Needs enrichment,Hyderabad,Hyderabad
SAP-SEED-02706,SAP ABAP,SAP ABAP / Development,,Unknown / Needs enrichment,Bangalore,Bengaluru
SAP-SEED-02707,SAP ABAP,SAP ABAP / Development,,Unknown / Needs enrichment,Bangalore,Bengaluru
SAP-SEED-02708,SAP ABAP,SAP ABAP / Development,,Unknown / Needs enrichment,Bangalore,Bengaluru
SAP-SEED-02709,SAP ABAP,SAP ABAP / Development,,Unknown / Needs enrichment,Pune,Pune
SAP-SEED-02710,SAP ABAP,SAP ABAP / Development,,Unknown / Needs enrichment,Nagpur,Nagpur
SAP-SEED-02711,SAP ABAP,SAP ABAP / Development,,Unknown / Needs enrichment,Bangalore,Bengaluru
SAP-SEED-02712,SAP ABAP,SAP ABAP / Development,,Unknown / Needs enrichment,Bangalore,Bengaluru
SAP-SEED-02713,SAP ABAP,SAP ABAP / Development,,Unknown / Needs enrichment,Hyderabad,Hyderabad
SAP-SEED-02714,SAP ABAP,SAP ABAP / Development,,Unknown / Needs enrichment,Hyderabad,Hyderabad
SAP-SEED-02715,SAP ABAP,SAP ABAP / Development,,Unknown / Needs enrichment,Hyderabad,Hyderabad
SAP-SEED-02716,SAP ABAP,SAP ABAP / Development,,Unknown / Needs enrichment,Bangalore,Bengaluru
SAP-SEED-02717,SAP ABAP,SAP ABAP / Development,,Unknown / Needs enrichment,Bangalore,Bengaluru
SAP-SEED-02718,SAP ABAP,SAP ABAP / Development,,Unknown / Needs enrichment,Bangalore,Bengaluru
SAP-SEED-02719,SAP ABAP,SAP ABAP / Development,,Unknown / Needs enrichment,Pune,Pune
SAP-SEED-02720,SAP ABAP,SAP ABAP / Development,,Unknown / Needs enrichment,Nagpur,Nagpur
SAP-SEED-02721,SAP ABAP,SAP ABAP / Development,,Unknown / Needs enrichment,Bangalore,Bengaluru
SAP-SEED-02722,SAP ABAP,SAP ABAP / Development,,Unknown / Needs enrichment,Bangalore,Bengaluru
SAP-SEED-02723,SAP ABAP,SAP ABAP / Development,,Unknown / Needs enrichment,Bangalore,Bengaluru
SAP-SEED-02724,SAP ABAP,SAP ABAP / Development,,Unknown / Needs enrichment,Hyderabad,Hyderabad
SAP-SEED-02725,SAP ABAP,SAP ABAP / Development,,Unknown / Needs enrichment,Hyderabad,Hyderabad
SAP-SEED-02726,SAP SD ATCI,SAP Sales / SD,,Unknown / Needs enrichment,Hyderabad,Hyderabad
SAP-SEED-02727,SAP SD ATCI,SAP Sales / SD,,Unknown / Needs enrichment,Bangalore,Bengaluru
SAP-SEED-02728,SAP SD ATCI,SAP Sales / SD,,Unknown / Needs enrichment,Bangalore,Bengaluru
SAP-SEED-02729,SAP SD ATCI,SAP Sales / SD,,Unknown / Needs enrichment,Bangalore,Bengaluru
SAP-SEED-02730,SAP SD ATCI,SAP Sales / SD,,Unknown / Needs enrichment,Pune,Pune
SAP-SEED-02731,SAP SD ATCI,SAP Sales / SD,,Unknown / Needs enrichment,Nagpur,Nagpur
SAP-SEED-02732,SAP SD ATCI,SAP Sales / SD,,Unknown / Needs enrichment,Bangalore,Bengaluru
SAP-SEED-02733,SAP SD ATCI,SAP Sales / SD,,Unknown / Needs enrichment,Bangalore,Bengaluru
SAP-SEED-02734,SAP SD ATCI,SAP Sales / SD,,Unknown / Needs enrichment,Bangalore,Bengaluru
SAP-SEED-02735,SAP SD ATCI,SAP Sales / SD,,Unknown / Needs enrichment,Bangalore,Bengaluru
SAP-SEED-02736,SAP SD ATCI,SAP Sales / SD,,Unknown / Needs enrichment,Bangalore,Bengaluru
SAP-SEED-02737,SAP SD ATCI,SAP Sales / SD,,Unknown / Needs enrichment,Bangalore,Bengaluru
SAP-SEED-02738,SAP SD ATCI,SAP Sales / SD,,Unknown / Needs enrichment,Bangalore,Bengaluru
SAP-SEED-02739,SAP SD ATCI,SAP Sales / SD,,Unknown / Needs enrichment,Bangalore,Bengaluru
SAP-SEED-02740,SAP SD ATCI,SAP Sales / SD,,Unknown / Needs enrichment,Bangalore,Bengaluru
SAP-SEED-02741,SAP SD ATCI,SAP Sales / SD,,Unknown / Needs enrichment,Bangalore,Bengaluru
SAP-SEED-02742,SAP SD ATCI,SAP Sales / SD,,Unknown / Needs enrichment,Bangalore,Bengaluru
SAP-SEED-02743,SAP SD ATCI,SAP Sales / SD,,Unknown / Needs enrichment,Bangalore,Bengaluru
SAP-SEED-02744,SAP SD ATCI,SAP Sales / SD,,Unknown / Needs enrichment,Bangalore,Bengaluru
SAP-SEED-02745,SAP SD ATCI,SAP Sales / SD,,Unknown / Needs enrichment,Bangalore,Bengaluru
SAP-SEED-02746,SAP SD ATCI,SAP Sales / SD,,Unknown / Needs enrichment,Bangalore,Bengaluru
SAP-SEED-02747,SAP SD ATCI,SAP Sales / SD,,Unknown / Needs enrichment,Bangalore,Bengaluru
SAP-SEED-02748,SAP SD ATCI,SAP Sales / SD,,Unknown / Needs enrichment,Bangalore,Bengaluru
SAP-SEED-02749,SAP SD ATCI,SAP Sales / SD,,Unknown / Needs enrichment,Bangalore,Bengaluru
SAP-SEED-02750,SAP SD ATCI,SAP Sales / SD,,Unknown / Needs enrichment,Bangalore,Bengaluru
SAP-SEED-02751,SAP SD ATCI,SAP Sales / SD,,Unknown / Needs enrichment,Bangalore,Bengaluru
SAP-SEED-02752,SAP SD ATCI,SAP Sales / SD,,Unknown / Needs enrichment,Bangalore,Bengaluru
SAP-SEED-02753,SAP SD ATCI,SAP Sales / SD,,Unknown / Needs enrichment,Bangalore,Bengaluru
SAP-SEED-02754,SAP SD ATCI,SAP Sales / SD,,Unknown / Needs enrichment,Bangalore,Bengaluru
SAP-SEED-02755,SAP SD ATCI,SAP Sales / SD,,Unknown / Needs enrichment,Bangalore,Bengaluru
SAP-SEED-02756,SAP SD ATCI,SAP Sales / SD,,Unknown / Needs enrichment,Bangalore,Bengaluru
SAP-SEED-02757,SAP SD ATCI,SAP Sales / SD,,Unknown / Needs enrichment,Bangalore,Bengaluru
SAP-SEED-02758,SAP CO,SAP Finance / FICO,,Unknown / Needs enrichment,Bangalore,Bengaluru
SAP-SEED-02759,SAP ABAP and HANA,SAP ABAP / Development,,Unknown / Needs enrichment,Bangalore,Bengaluru
SAP-SEED-02760,SAP ABAP and HANA,SAP ABAP / Development,,Unknown / Needs enrichment,Bangalore,Bengaluru
SAP-SEED-02761,SAP ABAP and HANA,SAP ABAP / Development,,Unknown / Needs enrichment,Bangalore,Bengaluru
SAP-SEED-02762,SAP ABAP and HANA,SAP ABAP / Development,,Unknown / Needs enrichment,Bangalore,Bengaluru
SAP-SEED-02763,SAP ABAP and HANA,SAP ABAP / Development,,Unknown / Needs enrichment,Bangalore,Bengaluru
SAP-SEED-02764,SAP CO,SAP Finance / FICO,,Unknown / Needs enrichment,Bangalore,Bengaluru
SAP-SEED-02765,,Unknown,8.0,8–11 years,Pune,Pune
SAP-SEED-02766,SAP CPI,SAP Integration / CPI,,Unknown / Needs enrichment,Bangalore,Bengaluru
SAP-SEED-02767,SAP CPI,SAP Integration / CPI,,Unknown / Needs enrichment,Bangalore,Bengaluru
SAP-SEED-02768,SAP CPI,SAP Integration / CPI,,Unknown / Needs enrichment,Bangalore,Bengaluru
SAP-SEED-02769,SAP CPI,SAP Integration / CPI,,Unknown / Needs enrichment,Bangalore,Bengaluru
SAP-SEED-02770,SAP CPI,SAP Integration / CPI,,Unknown / Needs enrichment,Bangalore,Bengaluru
SAP-SEED-02771,SAP FICO,SAP Finance / FICO,,Unknown / Needs enrichment,Bangalore,Bengaluru
SAP-SEED-02772,SAP ABAP,SAP ABAP / Development,,Unknown / Needs enrichment,Bangalore,Bengaluru
SAP-SEED-02773,SAP CPI,SAP Integration / CPI,,Unknown / Needs enrichment,Bangalore,Bengaluru
SAP-SEED-02774,SAP CPI,SAP Integration / CPI,,Unknown / Needs enrichment,Bangalore,Bengaluru
SAP-SEED-02775,SAP CPI,SAP Integration / CPI,,Unknown / Needs enrichment,Bangalore,Bengaluru
SAP-SEED-02776,SAP CPI,SAP Integration / CPI,,Unknown / Needs enrichment,Bangalore,Bengaluru
SAP-SEED-02777,SAP ABAP and HANA,SAP ABAP / Development,,Unknown / Needs enrichment,Bangalore,Bengaluru
SAP-SEED-02778,SAP ABAP,SAP ABAP / Development,,Unknown / Needs enrichment,Bangalore,Bengaluru
SAP-SEED-02779,SAP ABAP CDS,SAP ABAP / Development,,Unknown / Needs enrichment,Bangalore,Bengaluru
SAP-SEED-02780,SAP ABAP CDS,SAP ABAP / Development,,Unknown / Needs enrichment,Bangalore,Bengaluru
SAP-SEED-02781,SAP ABAP,SAP ABAP / Development,5.3,5–7 years,,Unknown
SAP-SEED-02782,SAP Fico,SAP Finance / FICO,5.0,5–7 years,Kolkata,Kolkata
SAP-SEED-02783,SAP FI,SAP Finance / FICO,,Unknown / Needs enrichment,Bangalore,Bengaluru
SAP-SEED-02784,SAP SD,SAP Sales / SD,,Unknown / Needs enrichment,Bangalore,Bengaluru
SAP-SEED-02785,SAP CO,SAP Finance / FICO,,Unknown / Needs enrichment,Bangalore,Bengaluru
SAP-SEED-02786,sap CPI-DS,SAP Integration / CPI,,Unknown / Needs enrichment,Bangalore,Bengaluru
SAP-SEED-02787,SAP FICO,SAP Finance / FICO,,Unknown / Needs enrichment,Bangalore,Bengaluru
SAP-SEED-02788,SAP SD ATCI,SAP Sales / SD,,Unknown / Needs enrichment,Bangalore,Bengaluru
SAP-SEED-02789,SAP Vistex ATCI,SAP General / Consulting,,Unknown / Needs enrichment,Bangalore,Bengaluru
SAP-SEED-02790,SAP FICO,SAP Finance / FICO,,Unknown / Needs enrichment,Bangalore,Bengaluru
SAP-SEED-02791,SAP FICO,SAP Finance / FICO,,Unknown / Needs enrichment,Bangalore,Bengaluru
SAP-SEED-02792,SAP FICO,SAP Finance / FICO,,Unknown / Needs enrichment,Bangalore,Bengaluru
SAP-SEED-02793,SAP FICO,SAP Finance / FICO,,Unknown / Needs enrichment,Bangalore,Bengaluru
SAP-SEED-02794,SAP FICO,SAP Finance / FICO,,Unknown / Needs enrichment,Bangalore,Bengaluru
SAP-SEED-02795,SAP FICO,SAP Finance / FICO,,Unknown / Needs enrichment,Bangalore,Bengaluru
SAP-SEED-02796,SAP FICO,SAP Finance / FICO,,Unknown / Needs enrichment,Bangalore,Bengaluru
SAP-SEED-02797,SAP FICO,SAP Finance / FICO,,Unknown / Needs enrichment,Bangalore,Bengaluru
SAP-SEED-02798,SAP FICO,SAP Finance / FICO,,Unknown / Needs enrichment,Bangalore,Bengaluru
SAP-SEED-02799,SAP FICO,SAP Finance / FICO,,Unknown / Needs enrichment,Bangalore,Bengaluru
SAP-SEED-02800,SAP FICO,SAP Finance / FICO,,Unknown / Needs enrichment,Bangalore,Bengaluru
SAP-SEED-02801,SAP FICO,SAP Finance / FICO,,Unknown / Needs enrichment,Bangalore,Bengaluru
SAP-SEED-02802,SAP FICO,SAP Finance / FICO,,Unknown / Needs enrichment,Bangalore,Bengaluru
SAP-SEED-02803,SAP FICO,SAP Finance / FICO,,Unknown / Needs enrichment,Bangalore,Bengaluru
SAP-SEED-02804,SAP FICO,SAP Finance / FICO,,Unknown / Needs enrichment,Bangalore,Bengaluru
SAP-SEED-02805,SAP FICO,SAP Finance / FICO,,Unknown / Needs enrichment,Bangalore,Bengaluru
SAP-SEED-02806,SAP FICO,SAP Finance / FICO,,Unknown / Needs enrichment,Bangalore,Bengaluru
SAP-SEED-02807,SAP FICO,SAP Finance / FICO,,Unknown / Needs enrichment,Bangalore,Bengaluru
SAP-SEED-02808,SAP FICO,SAP Finance / FICO,,Unknown / Needs enrichment,Bangalore,Bengaluru
SAP-SEED-02809,SAP FICO,SAP Finance / FICO,,Unknown / Needs enrichment,Bangalore,Bengaluru
SAP-SEED-02810,SAP FICO,SAP Finance / FICO,,Unknown / Needs enrichment,Bangalore,Bengaluru
SAP-SEED-02811,SAP FICO,SAP Finance / FICO,,Unknown / Needs enrichment,Bangalore,Bengaluru
SAP-SEED-02812,SAP FICO,SAP Finance / FICO,,Unknown / Needs enrichment,Bangalore,Bengaluru
SAP-SEED-02813,SAP FICO,SAP Finance / FICO,,Unknown / Needs enrichment,Bangalore,Bengaluru
SAP-SEED-02814,SAP FICO,SAP Finance / FICO,,Unknown / Needs enrichment,Bangalore,Bengaluru
SAP-SEED-02815,SAP FICO,SAP Finance / FICO,,Unknown / Needs enrichment,Bangalore,Bengaluru
SAP-SEED-02816,SAP FICO,SAP Finance / FICO,,Unknown / Needs enrichment,Bangalore,Bengaluru
SAP-SEED-02817,SAP FICO,SAP Finance / FICO,,Unknown / Needs enrichment,Bangalore,Bengaluru
SAP-SEED-02818,SAP FICO,SAP Finance / FICO,,Unknown / Needs enrichment,Bangalore,Bengaluru
SAP-SEED-02819,SAP FICO,SAP Finance / FICO,,Unknown / Needs enrichment,Bangalore,Bengaluru
SAP-SEED-02820,SAP FICO,SAP Finance / FICO,,Unknown / Needs enrichment,Bangalore,Bengaluru
SAP-SEED-02821,SAP FICO,SAP Finance / FICO,,Unknown / Needs enrichment,Bangalore,Bengaluru
SAP-SEED-02822,SAP FICO,SAP Finance / FICO,,Unknown / Needs enrichment,Bangalore,Bengaluru
SAP-SEED-02823,SAP FICO,SAP Finance / FICO,,Unknown / Needs enrichment,Bangalore,Bengaluru
SAP-SEED-02824,SAP FICO,SAP Finance / FICO,,Unknown / Needs enrichment,Bangalore,Bengaluru
SAP-SEED-02825,SAP VIM,SAP General / Consulting,9.1,8–11 years,BangaloreBangalore,Bengaluru
SAP-SEED-02826,SAP VIM,SAP General / Consulting,6.0,5–7 years,Kolkata,Kolkata
SAP-SEED-02827,SAP VIM,SAP General / Consulting,8.0,8–11 years,BangaloreBangalore,Bengaluru
SAP-SEED-02828,SAP VIM,SAP General / Consulting,6.0,5–7 years,BangaloreBangalore,Bengaluru
SAP-SEED-02829,SAP VIM,SAP General / Consulting,7.0,5–7 years,BangaloreBangalore,Bengaluru
SAP-SEED-02830,SAP VIM,SAP General / Consulting,13.0,12+ years,Pune,Pune
SAP-SEED-02831,SAP VIM,SAP General / Consulting,9.0,8–11 years,Hyderabad,Hyderabad
SAP-SEED-02832,SAP VIM,SAP General / Consulting,7.0,5–7 years,Hyderabad,Hyderabad
SAP-SEED-02833,SAP TRM,SAP General / Consulting,4.5,3–4 years,Bhopal,Bhopal
SAP-SEED-02834,SAP TRM,SAP General / Consulting,4.0,3–4 years,Kolkata,Kolkata
SAP-SEED-02835,SAP TRM,SAP General / Consulting,,Unknown / Needs enrichment,Bangalore,Bengaluru
SAP-SEED-02836,SAP ABAP,SAP ABAP / Development,,Unknown / Needs enrichment,Bangalore,Bengaluru
SAP-SEED-02837,SAP ABAP,SAP ABAP / Development,,Unknown / Needs enrichment,Bangalore,Bengaluru
SAP-SEED-02838,SAP ABAP,SAP ABAP / Development,,Unknown / Needs enrichment,Bangalore,Bengaluru
SAP-SEED-02839,SAP ABAP,SAP ABAP / Development,,Unknown / Needs enrichment,Bangalore,Bengaluru
SAP-SEED-02840,SAP ABAP,SAP ABAP / Development,,Unknown / Needs enrichment,Bangalore,Bengaluru
SAP-SEED-02841,SAP ABAP,SAP ABAP / Development,,Unknown / Needs enrichment,Bangalore,Bengaluru
SAP-SEED-02842,sap cpi,SAP Integration / CPI,,Unknown / Needs enrichment,Bangalore,Bengaluru
SAP-SEED-02843,sap CPI-DS,SAP Integration / CPI,,Unknown / Needs enrichment,Bangalore,Bengaluru
SAP-SEED-02844,sap CPI-DS,SAP Integration / CPI,,Unknown / Needs enrichment,Bangalore,Bengaluru
SAP-SEED-02845,SAP FSCM Treasury and Risk Management (TRM),SAP Finance / FICO,,Unknown / Needs enrichment,Bangalore,Bengaluru
SAP-SEED-02846,SAP FSCM Treasury and Risk Management (TRM),SAP Finance / FICO,,Unknown / Needs enrichment,Bangalore,Bengaluru
SAP-SEED-02847,SAP Sales and Distribution (SD),SAP Sales / SD,,Unknown / Needs enrichment,Bangalore,Bengaluru
SAP-SEED-02848,SAP Sales and Distribution (SD),SAP Sales / SD,,Unknown / Needs enrichment,Bangalore,Bengaluru
SAP-SEED-02849,SAP Sales and Distribution (SD),SAP Sales / SD,,Unknown / Needs enrichment,Bangalore,Bengaluru
SAP-SEED-02850,SAP Sales and Distribution (SD),SAP Sales / SD,,Unknown / Needs enrichment,Bangalore,Bengaluru
SAP-SEED-02851,SAP Sales and Distribution (SD),SAP Sales / SD,,Unknown / Needs enrichment,Bangalore,Bengaluru
SAP-SEED-02852,SAP Sales and Distribution (SD),SAP Sales / SD,,Unknown / Needs enrichment,Bangalore,Bengaluru
SAP-SEED-02853,SAP Sales and Distribution (SD),SAP Sales / SD,,Unknown / Needs enrichment,Bangalore,Bengaluru
SAP-SEED-02854,SAP Sales and Distribution (SD),SAP Sales / SD,,Unknown / Needs enrichment,Bangalore,Bengaluru
SAP-SEED-02855,SAP Sales and Distribution (SD),SAP Sales / SD,,Unknown / Needs enrichment,Bangalore,Bengaluru
SAP-SEED-02856,Sap ABAP,SAP ABAP / Development,,Unknown / Needs enrichment,Bangalore,Bengaluru
SAP-SEED-02857,Sap ABAP,SAP ABAP / Development,,Unknown / Needs enrichment,Bangalore,Bengaluru
SAP-SEED-02858,Sap ABAP,SAP ABAP / Development,,Unknown / Needs enrichment,Bangalore,Bengaluru
SAP-SEED-02859,Sap ABAP,SAP ABAP / Development,,Unknown / Needs enrichment,Bangalore,Bengaluru
SAP-SEED-02860,Sap ABAP,SAP ABAP / Development,,Unknown / Needs enrichment,Bangalore,Bengaluru
SAP-SEED-02861,Sap ABAP,SAP ABAP / Development,4.5,3–4 years,Coimbatore,Coimbatore
SAP-SEED-02862,Sap ABAP,SAP ABAP / Development,8.0,8–11 years,,Unknown
SAP-SEED-02863,Sap ABAP,SAP ABAP / Development,7.0,5–7 years,,Unknown
SAP-SEED-02864,SAP Hana,SAP HANA / Data,11.0,8–11 years,Bengaluru,Bengaluru
SAP-SEED-02865,SAP Hana,SAP HANA / Data,6.0,5–7 years,Pune,Pune
SAP-SEED-02866,SAP Hana,SAP HANA / Data,10.0,8–11 years,Bengaluru,Bengaluru
SAP-SEED-02867,SAP Hana,SAP HANA / Data,10.0,8–11 years,Bengaluru,Bengaluru
SAP-SEED-02868,SAP Hana,SAP HANA / Data,12.0,12+ years,New Delhi,Delhi
SAP-SEED-02869,SAP Hana,SAP HANA / Data,6.0,5–7 years,Guwahati,Guwahati
SAP-SEED-02870,SAP Hana,SAP HANA / Data,4.0,3–4 years,Hyderabad,Hyderabad
SAP-SEED-02871,SAP Hana,SAP HANA / Data,2.17,3–4 years,Bengaluru,Bengaluru
SAP-SEED-02872,SAP Hana,SAP HANA / Data,9.33,8–11 years,Visakhapatnam,Visakhapatnam
SAP-SEED-02873,SAP Hana,SAP HANA / Data,15.0,12+ years,New Delhi,Delhi
SAP-SEED-02874,SAP Hana,SAP HANA / Data,6.42,5–7 years,New Delhi,Delhi
SAP-SEED-02875,SAP Hana,SAP HANA / Data,3.08,3–4 years,Bengaluru,Bengaluru
SAP-SEED-02876,SAP Hana,SAP HANA / Data,4.0,3–4 years,Hyderabad,Hyderabad
SAP-SEED-02877,SAP Hana,SAP HANA / Data,3.67,3–4 years,Ahmedabad,Ahmedabad
SAP-SEED-02878,SAP Hana,SAP HANA / Data,5.75,5–7 years,Rajkot,Rajkot
SAP-SEED-02879,SAP Hana,SAP HANA / Data,4.0,3–4 years,Navi Mumbai,Mumbai
SAP-SEED-02880,SAP Hana,SAP HANA / Data,3.0,3–4 years,New Delhi,Delhi
SAP-SEED-02881,SAP Hana,SAP HANA / Data,3.33,3–4 years,Hyderabad,Hyderabad
SAP-SEED-02882,SAP Hana,SAP HANA / Data,2.25,3–4 years,Gurugram,Gurugram
SAP-SEED-02883,SAP Hana,SAP HANA / Data,2.0,3–4 years,Mumbai,Mumbai
SAP-SEED-02884,SAP Hana,SAP HANA / Data,3.08,3–4 years,Sullurpeta,Sullurpeta
SAP-SEED-02885,SAP HCM,SAP HCM / SuccessFactors,4.17,3–4 years,Mumbai,Mumbai
SAP-SEED-02886,SAP HCM,SAP HCM / SuccessFactors,6.5,5–7 years,Mumbai,Mumbai
SAP-SEED-02887,SAP HCM,SAP HCM / SuccessFactors,3.08,3–4 years,Mumbai,Mumbai
SAP-SEED-02888,SAP HCM,SAP HCM / SuccessFactors,3.67,3–4 years,Mumbai,Mumbai
SAP-SEED-02889,SAP HCM,SAP HCM / SuccessFactors,6.0,5–7 years,Mumbai,Mumbai
SAP-SEED-02890,SAP HCM,SAP HCM / SuccessFactors,4.33,3–4 years,Mumbai,Mumbai
SAP-SEED-02891,SAP HCM,SAP HCM / SuccessFactors,1.5,0–2 years,Mumbai,Mumbai
SAP-SEED-02892,SAP HCM,SAP HCM / SuccessFactors,8.0,8–11 years,Mumbai Suburban,Mumbai
SAP-SEED-02893,SAP HCM,SAP HCM / SuccessFactors,4.0,3–4 years,Mumbai,Mumbai
SAP-SEED-02894,SAP HCM,SAP HCM / SuccessFactors,3.5,3–4 years,"Lagos, Nigeria - Niger","Lagos, Nigeria - Niger"
SAP-SEED-02895,SAP HCM,SAP HCM / SuccessFactors,4.0,3–4 years,Pune,Pune
SAP-SEED-02896,SAP HCM,SAP HCM / SuccessFactors,4.42,3–4 years,Hyderabad,Hyderabad
SAP-SEED-02897,SAP HCM,SAP HCM / SuccessFactors,5.5,5–7 years,Mumbai Suburban,Mumbai
SAP-SEED-02898,SAP HCM,SAP HCM / SuccessFactors,3.0,3–4 years,Nashik,Nashik
SAP-SEED-02899,SAP HCM,SAP HCM / SuccessFactors,2.83,3–4 years,Mumbai,Mumbai
SAP-SEED-02900,SAP HCM,SAP HCM / SuccessFactors,3.0,3–4 years,Mumbai,Mumbai
SAP-SEED-02901,SAP HCM,SAP HCM / SuccessFactors,8.0,8–11 years,Mumbai,Mumbai
SAP-SEED-02902,SAP HCM,SAP HCM / SuccessFactors,1.25,0–2 years,Navi Mumbai,Mumbai
SAP-SEED-02903,SAP HCM,SAP HCM / SuccessFactors,3.0,3–4 years,Mumbai,Mumbai
SAP-SEED-02904,SAP HCM,SAP HCM / SuccessFactors,4.83,3–4 years,Mumbai,Mumbai
SAP-SEED-02905,SAP HCM,SAP HCM / SuccessFactors,5.0,5–7 years,Pune,Pune
SAP-SEED-02906,SAP HCM,SAP HCM / SuccessFactors,8.0,8–11 years,Mumbai,Mumbai
SAP-SEED-02907,SAP HCM,SAP HCM / SuccessFactors,5.0,5–7 years,Mumbai Suburban,Mumbai
SAP-SEED-02908,SAP HCM,SAP HCM / SuccessFactors,5.33,5–7 years,Mumbai,Mumbai
SAP-SEED-02909,SAP HCM,SAP HCM / SuccessFactors,2.25,3–4 years,Pune,Pune
SAP-SEED-02910,SAP HCM,SAP HCM / SuccessFactors,4.0,3–4 years,Aurangabad,Aurangabad
SAP-SEED-02911,SAP HCM,SAP HCM / SuccessFactors,4.0,3–4 years,Pune,Pune
SAP-SEED-02912,SAP HCM,SAP HCM / SuccessFactors,2.58,3–4 years,Hyderabad,Hyderabad
SAP-SEED-02913,SAP HCM,SAP HCM / SuccessFactors,4.0,3–4 years,Bengaluru,Bengaluru
SAP-SEED-02914,SAP HCM,SAP HCM / SuccessFactors,0.5,0–2 years,Pune,Pune
SAP-SEED-02915,SAP HCM,SAP HCM / SuccessFactors,4.25,3–4 years,New Delhi,Delhi
SAP-SEED-02916,SAP HCM,SAP HCM / SuccessFactors,3.5,3–4 years,Pune,Pune
SAP-SEED-02917,SAP HCM,SAP HCM / SuccessFactors,1.92,0–2 years,Pune,Pune
SAP-SEED-02918,SAP HCM,SAP HCM / SuccessFactors,5.0,5–7 years,Noida,Noida
SAP-SEED-02919,SAP HCM,SAP HCM / SuccessFactors,2.58,3–4 years,Hyderabad,Hyderabad
SAP-SEED-02920,SAP HCM,SAP HCM / SuccessFactors,4.0,3–4 years,Noida,Noida
SAP-SEED-02921,SAP HCM,SAP HCM / SuccessFactors,3.5,3–4 years,Hyderabad,Hyderabad
SAP-SEED-02922,SAP HCM,SAP HCM / SuccessFactors,1.75,0–2 years,Hyderabad,Hyderabad
SAP-SEED-02923,SAP HCM,SAP HCM / SuccessFactors,1.5,0–2 years,Nagpur,Nagpur
SAP-SEED-02924,SAP HCM,SAP HCM / SuccessFactors,8.0,8–11 years,Pune,Pune
SAP-SEED-02925,SAP HCM,SAP HCM / SuccessFactors,1.0,0–2 years,Bhubaneswar,Bhubaneswar
SAP-SEED-02926,SAP HCM,SAP HCM / SuccessFactors,3.42,3–4 years,Pune,Pune
SAP-SEED-02927,SAP HCM,SAP HCM / SuccessFactors,1.0,0–2 years,New Delhi,Delhi
SAP-SEED-02928,SAP HCM,SAP HCM / SuccessFactors,1.25,0–2 years,New Delhi,Delhi
SAP-SEED-02929,SAP HCM,SAP HCM / SuccessFactors,7.0,5–7 years,New Delhi,Delhi
SAP-SEED-02930,SAP HCM,SAP HCM / SuccessFactors,3.08,3–4 years,Bengaluru,Bengaluru
SAP-SEED-02931,SAP HCM,SAP HCM / SuccessFactors,1.0,0–2 years,Bengaluru,Bengaluru
SAP-SEED-02932,SAP HCM,SAP HCM / SuccessFactors,4.75,3–4 years,Noida,Noida
SAP-SEED-02933,SAP HCM,SAP HCM / SuccessFactors,6.0,5–7 years,Mumbai,Mumbai
SAP-SEED-02934,SAP HCM,SAP HCM / SuccessFactors,6.0,5–7 years,Mumbai,Mumbai
SAP-SEED-02935,SAP HCM,SAP HCM / SuccessFactors,10.0,8–11 years,Mumbai,Mumbai
SAP-SEED-02936,SAP HCM,SAP HCM / SuccessFactors,4.0,3–4 years,Bengaluru,Bengaluru
SAP-SEED-02937,SAP HCM,SAP HCM / SuccessFactors,3.08,3–4 years,Chennai,Chennai
SAP-SEED-02938,SAP HCM,SAP HCM / SuccessFactors,6.33,5–7 years,Pune,Pune
SAP-SEED-02939,SAP HCM,SAP HCM / SuccessFactors,8.25,8–11 years,New Delhi,Delhi
SAP-SEED-02940,SAP HCM,SAP HCM / SuccessFactors,4.67,3–4 years,Kolkata,Kolkata
SAP-SEED-02941,SAP HCM,SAP HCM / SuccessFactors,5.25,5–7 years,Pune,Pune
SAP-SEED-02942,SAP HCM,SAP HCM / SuccessFactors,3.0,3–4 years,Bengaluru,Bengaluru
SAP-SEED-02943,SAP HCM,SAP HCM / SuccessFactors,2.25,3–4 years,Bengaluru,Bengaluru
SAP-SEED-02944,SAP HCM,SAP HCM / SuccessFactors,2.67,3–4 years,Bareilly,Bareilly
SAP-SEED-02945,SAP HCM,SAP HCM / SuccessFactors,3.67,3–4 years,Hyderabad,Hyderabad
SAP-SEED-02946,SAP HCM,SAP HCM / SuccessFactors,3.0,3–4 years,Mumbai Suburban,Mumbai
SAP-SEED-02947,SAP HCM,SAP HCM / SuccessFactors,2.92,3–4 years,Coimbatore,Coimbatore
SAP-SEED-02948,SAP HCM,SAP HCM / SuccessFactors,4.0,3–4 years,Mumbai,Mumbai
SAP-SEED-02949,SAP HCM,SAP HCM / SuccessFactors,3.0,3–4 years,Bengaluru,Bengaluru
SAP-SEED-02950,SAP HCM,SAP HCM / SuccessFactors,3.0,3–4 years,Bengaluru,Bengaluru
SAP-SEED-02951,SAP HCM,SAP HCM / SuccessFactors,2.5,3–4 years,Hyderabad,Hyderabad
SAP-SEED-02952,SAP HCM,SAP HCM / SuccessFactors,3.0,3–4 years,Kolkata,Kolkata
SAP-SEED-02953,SAP HCM,SAP HCM / SuccessFactors,2.0,3–4 years,Bengaluru,Bengaluru
SAP-SEED-02954,SAP HCM,SAP HCM / SuccessFactors,2.0,3–4 years,New Delhi,Delhi
SAP-SEED-02955,SAP HCM,SAP HCM / SuccessFactors,2.0,3–4 years,Hyderabad,Hyderabad
SAP-SEED-02956,SAP HCM,SAP HCM / SuccessFactors,3.17,3–4 years,Kolkata,Kolkata
SAP-SEED-02957,SAP HCM,SAP HCM / SuccessFactors,1.67,0–2 years,Hyderabad,Hyderabad
SAP-SEED-02958,SAP HCM,SAP HCM / SuccessFactors,11.0,8–11 years,Indore,Indore
SAP-SEED-02959,SAP HCM,SAP HCM / SuccessFactors,4.42,3–4 years,Bengaluru,Bengaluru
SAP-SEED-02960,SAP HCM,SAP HCM / SuccessFactors,9.67,8–11 years,Bengaluru,Bengaluru
SAP-SEED-02961,SAP HCM,SAP HCM / SuccessFactors,18.0,12+ years,Bhubaneswar,Bhubaneswar
SAP-SEED-02962,SAP HCM,SAP HCM / SuccessFactors,3.0,3–4 years,Mumbai,Mumbai
SAP-SEED-02963,SAP HCM,SAP HCM / SuccessFactors,15.0,12+ years,Bengaluru,Bengaluru
SAP-SEED-02964,SAP HCM,SAP HCM / SuccessFactors,2.5,3–4 years,Hyderabad,Hyderabad
SAP-SEED-02965,SAP HCM,SAP HCM / SuccessFactors,2.67,3–4 years,Bengaluru,Bengaluru
SAP-SEED-02966,SAP HCM,SAP HCM / SuccessFactors,1.75,0–2 years,Gurugram,Gurugram
SAP-SEED-02967,SAP HCM,SAP HCM / SuccessFactors,3.5,3–4 years,Nagpur,Nagpur
SAP-SEED-02968,SAP HCM,SAP HCM / SuccessFactors,1.67,0–2 years,Hyderabad,Hyderabad
SAP-SEED-02969,SAP HCM,SAP HCM / SuccessFactors,3.33,3–4 years,Pune,Pune
SAP-SEED-02970,SAP HCM,SAP HCM / SuccessFactors,1.0,0–2 years,Bhopal,Bhopal
SAP-SEED-02971,SAP HCM,SAP HCM / SuccessFactors,1.08,0–2 years,Bengaluru,Bengaluru
SAP-SEED-02972,SAP HCM,SAP HCM / SuccessFactors,2.0,3–4 years,Navi Mumbai,Mumbai
SAP-SEED-02973,SAP HCM,SAP HCM / SuccessFactors,0.5,0–2 years,Chennai,Chennai
SAP-SEED-02974,SAP HCM,SAP HCM / SuccessFactors,2.0,3–4 years,Bengaluru,Bengaluru
SAP-SEED-02975,SAP HCM,SAP HCM / SuccessFactors,2.0,3–4 years,New Delhi,Delhi
SAP-SEED-02976,Sap SuccessFactors EC & Time Off Consultant,SAP HCM / SuccessFactors,6.08,5–7 years,"Hyderabad / Secunderabad, Telangana",Hyderabad
SAP-SEED-02977,Sap Consultant,SAP General / Consulting,8.0,8–11 years,"Hyderabad / Secunderabad, Telangana",Hyderabad
SAP-SEED-02978,Sap ABAP Developer,SAP ABAP / Development,2.25,3–4 years,Bengaluru / Bangalore,Bengaluru
SAP-SEED-02979,SAP Project Manager,SAP Project Systems / PS,11.0,8–11 years,Bengaluru / Bangalore,Bengaluru
SAP-SEED-02980,SAP Sd Consultant,SAP Sales / SD,6.0,5–7 years,"Hyderabad / Secunderabad, Telangana",Hyderabad
SAP-SEED-02981,Sap Basis Admin,SAP Basis / Administration,3.67,3–4 years,"Hyderabad / Secunderabad, Telangana",Hyderabad
SAP-SEED-02982,SAP Tech Lead,SAP General / Consulting,10.67,8–11 years,Bengaluru / Bangalore,Bengaluru
SAP-SEED-02983,sap cpi/po consultant,SAP Integration / CPI,4.67,3–4 years,"Hyderabad / Secunderabad, Telangana",Hyderabad
SAP-SEED-02984,Sap Fico Consultant,SAP Finance / FICO,3.42,3–4 years,Bengaluru / Bangalore,Bengaluru
SAP-SEED-02985,SAP BW Consultant,SAP Analytics / BW,10.08,8–11 years,Bengaluru / Bangalore,Bengaluru
SAP-SEED-02986,Associate Consultant,Non-SAP / Ambiguous,2.92,3–4 years,Bengaluru / Bangalore,Bengaluru
SAP-SEED-02987,Software Engineer,Non-SAP / Ambiguous,3.83,3–4 years,"Hyderabad / Secunderabad, Telangana",Hyderabad
SAP-SEED-02988,Sap Functional Consultant,SAP General / Consulting,8.17,8–11 years,Noida,Noida
SAP-SEED-02989,Sap Fico Consultant,SAP Finance / FICO,7.83,5–7 years,"Hyderabad / Secunderabad, Telangana",Hyderabad
SAP-SEED-02990,Software Engineer 3,Non-SAP / Ambiguous,4.75,3–4 years,Bengaluru / Bangalore,Bengaluru
SAP-SEED-02991,SAP Lead Consultant,SAP General / Consulting,10.0,8–11 years,"Hyderabad / Secunderabad, Telangana",Hyderabad
SAP-SEED-02992,Senior SAP ABAP HANA Consultant,SAP ABAP / Development,7.33,5–7 years,Bengaluru / Bangalore,Bengaluru
SAP-SEED-02993,Sap Fico Consultant,SAP Finance / FICO,9.67,8–11 years,Bengaluru / Bangalore,Bengaluru
SAP-SEED-02994,SAP,SAP General / Consulting,7.0,5–7 years,"Hyderabad / Secunderabad, Telangana",Hyderabad
SAP-SEED-02995,Associate,Non-SAP / Ambiguous,7.08,5–7 years,Bengaluru / Bangalore,Bengaluru
SAP-SEED-02996,Sales and Operation Manager,SAP Sales / SD,8.42,8–11 years,Gurgaon / Gurugram,Gurugram
SAP-SEED-02997,Sap Consultant,SAP General / Consulting,3.42,3–4 years,Tumkur,Tumkur
SAP-SEED-02998,Sap Fico,SAP Finance / FICO,4.67,3–4 years,Bengaluru / Bangalore,Bengaluru
SAP-SEED-02999,Senior Sap Advanced Business Application Programming Consultant,SAP General / Consulting,10.25,8–11 years,Bengaluru / Bangalore,Bengaluru
SAP-SEED-03000,SAP Sd Consultant,SAP Sales / SD,8.17,8–11 years,"Hyderabad / Secunderabad, Telangana",Hyderabad
SAP-SEED-03001,Sap Bods Consultant,SAP General / Consulting,9.08,8–11 years,"Hyderabad / Secunderabad, Telangana",Hyderabad
SAP-SEED-03002,Sap ABAP Consultant,SAP ABAP / Development,2.5,3–4 years,Bengaluru / Bangalore,Bengaluru
SAP-SEED-03003,Sap Associate Consultant,SAP General / Consulting,2.58,3–4 years,Bengaluru / Bangalore,Bengaluru
SAP-SEED-03004,SAP,SAP General / Consulting,4.83,3–4 years,"Hyderabad / Secunderabad, Telangana",Hyderabad
SAP-SEED-03005,Sap Fico Consultant,SAP Finance / FICO,3.08,3–4 years,"Hyderabad / Secunderabad, Telangana",Hyderabad
SAP-SEED-03006,SAP BW Technical Consultant,SAP Analytics / BW,3.67,3–4 years,"Hyderabad / Secunderabad, Telangana",Hyderabad
SAP-SEED-03007,Sap ABAP Consultant,SAP ABAP / Development,4.67,3–4 years,Gurgaon / Gurugram,Gurugram
SAP-SEED-03008,SAP Sd Consultant,SAP Sales / SD,3.92,3–4 years,Bengaluru / Bangalore,Bengaluru
SAP-SEED-03009,Associate SAP MM CONSULTANT,SAP Procurement / MM,2.58,3–4 years,Bengaluru / Bangalore,Bengaluru
SAP-SEED-03010,Sap ABAP Consultant,SAP ABAP / Development,9.0,8–11 years,"Hyderabad / Secunderabad, Telangana",Hyderabad
SAP-SEED-03011,SAP Sd Consultant,SAP Sales / SD,9.58,8–11 years,Bengaluru / Bangalore,Bengaluru
SAP-SEED-03012,Data Analyst,Non-SAP / Ambiguous,4.58,3–4 years,"Hyderabad / Secunderabad, Telangana",Hyderabad
SAP-SEED-03013,Sap Basis Admin,SAP Basis / Administration,5.42,5–7 years,Bengaluru / Bangalore,Bengaluru
SAP-SEED-03014,Sap ABAP Consultant,SAP ABAP / Development,2.17,3–4 years,Pune,Pune
SAP-SEED-03015,SAP BW/4 HANA CONSULTANT,SAP HANA / Data,11.08,8–11 years,Bengaluru / Bangalore,Bengaluru
SAP-SEED-03016,SAP S4/HANA FICO CONSULTANT,SAP Finance / FICO,8.42,8–11 years,"Hyderabad / Secunderabad, Telangana",Hyderabad
SAP-SEED-03017,Associate,Non-SAP / Ambiguous,2.92,3–4 years,"Hyderabad / Secunderabad, Telangana",Hyderabad
SAP-SEED-03018,Sap Hana Consultant,SAP HANA / Data,4.58,3–4 years,Bengaluru / Bangalore,Bengaluru
SAP-SEED-03019,SAP MM,SAP Procurement / MM,5.58,5–7 years,Bengaluru / Bangalore,Bengaluru
SAP-SEED-03020,Sap ABAP Trainee,SAP ABAP / Development,5.75,5–7 years,Chennai,Chennai
SAP-SEED-03021,SAP,SAP General / Consulting,3.92,3–4 years,Pune,Pune
SAP-SEED-03022,Criative Engineer,Non-SAP / Ambiguous,2.5,3–4 years,Bengaluru / Bangalore,Bengaluru
SAP-SEED-03023,SAP MM Consultant,SAP Procurement / MM,4.75,3–4 years,"Hyderabad / Secunderabad, Telangana",Hyderabad
SAP-SEED-03024,Sap Consultant,SAP General / Consulting,4.33,3–4 years,Bengaluru / Bangalore,Bengaluru
SAP-SEED-03025,Sap Fico Consultant,SAP Finance / FICO,6.0,5–7 years,Bengaluru / Bangalore,Bengaluru
SAP-SEED-03026,SAP ABAP Developer,SAP ABAP / Development,2.83,3–4 years,"Hyderabad / Secunderabad, Telangana",Hyderabad
SAP-SEED-03027,Sap Consultant,SAP General / Consulting,8.17,8–11 years,Bengaluru / Bangalore,Bengaluru
SAP-SEED-03028,Application Development Analyst,Non-SAP / Ambiguous,9.58,8–11 years,Gurgaon / Gurugram,Gurugram
SAP-SEED-03029,Sap ABAP Developer,SAP ABAP / Development,3.42,3–4 years,"Hyderabad / Secunderabad, Telangana",Hyderabad
SAP-SEED-03030,Sap Fico Consultant,SAP Finance / FICO,4.42,3–4 years,Bengaluru / Bangalore,Bengaluru
SAP-SEED-03031,Application Development Analyst,Non-SAP / Ambiguous,2.5,3–4 years,Chennai,Chennai
SAP-SEED-03032,Senior Consultant,Non-SAP / Ambiguous,8.08,8–11 years,Bengaluru / Bangalore,Bengaluru
SAP-SEED-03033,Associate SAP MM consultant,SAP Procurement / MM,8.5,8–11 years,Bengaluru / Bangalore,Bengaluru
SAP-SEED-03034,SAP BW4 HANA Consultant,SAP HANA / Data,4.08,3–4 years,Bengaluru / Bangalore,Bengaluru
SAP-SEED-03035,SAP,SAP General / Consulting,8.92,8–11 years,Bengaluru / Bangalore,Bengaluru
SAP-SEED-03036,Sap Data Migration,SAP General / Consulting,3.67,3–4 years,Bengaluru / Bangalore,Bengaluru
SAP-SEED-03037,Senior SAP Test Lead,SAP General / Consulting,12.0,12+ years,Bengaluru / Bangalore,Bengaluru
SAP-SEED-03038,SAP,SAP General / Consulting,4.67,3–4 years,"Hyderabad / Secunderabad, Telangana",Hyderabad
SAP-SEED-03039,Sap ABAP Consultant,SAP ABAP / Development,3.67,3–4 years,"Hyderabad / Secunderabad, Telangana",Hyderabad
SAP-SEED-03040,Consultant,Non-SAP / Ambiguous,4.08,3–4 years,Bengaluru / Bangalore,Bengaluru
SAP-SEED-03041,Sap Project Lead,SAP Project Systems / PS,6.42,5–7 years,Bengaluru / Bangalore,Bengaluru
SAP-SEED-03042,SAP,SAP General / Consulting,6.0,5–7 years,"Hyderabad / Secunderabad, Telangana",Hyderabad
SAP-SEED-03043,Contract Employee,Non-SAP / Ambiguous,2.0,3–4 years,"Hyderabad / Secunderabad, Telangana",Hyderabad
SAP-SEED-03044,SAP SD Associate Consultant,SAP Sales / SD,2.58,3–4 years,"Hyderabad / Secunderabad, Telangana",Hyderabad
SAP-SEED-03045,SAP Sd Consultant,SAP Sales / SD,8.08,8–11 years,"Hyderabad / Secunderabad, Telangana",Hyderabad
SAP-SEED-03046,Sap Fico Consultant,SAP Finance / FICO,3.75,3–4 years,"Hyderabad / Secunderabad, Telangana",Hyderabad
SAP-SEED-03047,Sap ABAP Consultant,SAP ABAP / Development,6.5,5–7 years,Noida,Noida
SAP-SEED-03048,SAP BTP & Integration Consultant | AI-Powered Solutions | S/4HANA | CAP/RAP | SAP PI/PO Expert,SAP Integration / CPI,8.0,8–11 years,Bengaluru / Bangalore,Bengaluru
SAP-SEED-03049,Sap Application Analyst,SAP General / Consulting,2.58,3–4 years,Bengaluru / Bangalore,Bengaluru
SAP-SEED-03050,Sap ABAP Consultant,SAP ABAP / Development,3.17,3–4 years,"Hyderabad / Secunderabad, Telangana",Hyderabad
SAP-SEED-03051,Sap Fico,SAP Finance / FICO,3.0,3–4 years,"Hyderabad / Secunderabad, Telangana",Hyderabad
SAP-SEED-03052,Sap Sd Lead,SAP Sales / SD,11.17,8–11 years,"Hyderabad / Secunderabad, Telangana",Hyderabad
SAP-SEED-03053,Senior Analyst,Non-SAP / Ambiguous,5.92,5–7 years,"Hyderabad / Secunderabad, Telangana",Hyderabad
SAP-SEED-03054,Sap Fico Consultant,SAP Finance / FICO,3.33,3–4 years,Bengaluru / Bangalore,Bengaluru
SAP-SEED-03055,SAP BW Consultant,SAP Analytics / BW,4.25,3–4 years,"Hyderabad / Secunderabad, Telangana",Hyderabad
SAP-SEED-03056,SAP Sd Consultant,SAP Sales / SD,5.0,5–7 years,Gurgaon / Gurugram,Gurugram
SAP-SEED-03057,SAP Sd Consultant,SAP Sales / SD,7.42,5–7 years,Bengaluru / Bangalore,Bengaluru
SAP-SEED-03058,Fico Consultant,SAP Finance / FICO,5.0,5–7 years,"Hyderabad / Secunderabad, Telangana",Hyderabad
SAP-SEED-03059,Sap Fico Consultant,SAP Finance / FICO,5.17,5–7 years,Bengaluru / Bangalore,Bengaluru
SAP-SEED-03060,Sap Fico Consultant,SAP Finance / FICO,3.58,3–4 years,"Hyderabad / Secunderabad, Telangana",Hyderabad
SAP-SEED-03061,Senior ABAP Developer,SAP ABAP / Development,3.5,3–4 years,Gurgaon / Gurugram,Gurugram
SAP-SEED-03062,SAP MM/ S4 HANA CONSULTANT,SAP Procurement / MM,10.08,8–11 years,"Hyderabad / Secunderabad, Telangana",Hyderabad
SAP-SEED-03063,Consultant-SAP ABAP,SAP ABAP / Development,4.25,3–4 years,Bengaluru / Bangalore,Bengaluru
SAP-SEED-03064,Sap Consultant,SAP General / Consulting,2.83,3–4 years,"Hyderabad / Secunderabad, Telangana",Hyderabad
SAP-SEED-03065,SAP BW Consultant,SAP Analytics / BW,4.83,3–4 years,Bengaluru / Bangalore,Bengaluru
SAP-SEED-03066,Sap Specialist,SAP General / Consulting,6.08,5–7 years,Bengaluru / Bangalore,Bengaluru
SAP-SEED-03067,SAP Account/Payable,SAP Finance / FICO,5.0,5–7 years,Bengaluru / Bangalore,Bengaluru
SAP-SEED-03068,SAP Sd Consultant,SAP Sales / SD,4.0,3–4 years,"Hyderabad / Secunderabad, Telangana",Hyderabad
SAP-SEED-03069,Senior Technical Writer,Non-SAP / Ambiguous,8.92,8–11 years,Bengaluru / Bangalore,Bengaluru
SAP-SEED-03070,ERP Analyst (SAP MM Consultant)),SAP Procurement / MM,4.5,3–4 years,"Hyderabad / Secunderabad, Telangana",Hyderabad
SAP-SEED-03071,Sap Basis Admin,SAP Basis / Administration,5.42,5–7 years,Bengaluru / Bangalore,Bengaluru
SAP-SEED-03072,SAP BW Consultant,SAP Analytics / BW,4.67,3–4 years,Bengaluru / Bangalore,Bengaluru
SAP-SEED-03073,Sap Fico Consultant,SAP Finance / FICO,8.0,8–11 years,"Hyderabad / Secunderabad, Telangana",Hyderabad
SAP-SEED-03074,Sap Fico,SAP Finance / FICO,2.42,3–4 years,Bengaluru / Bangalore,Bengaluru
SAP-SEED-03075,Senior Advisor,Non-SAP / Ambiguous,9.75,8–11 years,Bengaluru / Bangalore,Bengaluru
SAP-SEED-03076,Project Manager Sap,SAP Project Systems / PS,11.42,8–11 years,Bengaluru / Bangalore,Bengaluru
SAP-SEED-03077,SAP Sd Consultant,SAP Sales / SD,3.75,3–4 years,Bengaluru / Bangalore,Bengaluru
SAP-SEED-03078,Business Systems Analyst,Non-SAP / Ambiguous,10.08,8–11 years,Bengaluru / Bangalore,Bengaluru
SAP-SEED-03079,Associate Analyst,Non-SAP / Ambiguous,2.83,3–4 years,"Hyderabad / Secunderabad, Telangana",Hyderabad
SAP-SEED-03080,Import specialist,Non-SAP / Ambiguous,9.5,8–11 years,Bengaluru / Bangalore,Bengaluru
SAP-SEED-03081,Associate consultant - SAP MM,SAP Procurement / MM,8.17,8–11 years,Bengaluru / Bangalore,Bengaluru
SAP-SEED-03082,Sr Consultant,Non-SAP / Ambiguous,5.58,5–7 years,"Hyderabad / Secunderabad, Telangana",Hyderabad
SAP-SEED-03083,Senior Consultant,Non-SAP / Ambiguous,10.67,8–11 years,Gurgaon / Gurugram,Gurugram
SAP-SEED-03084,SAP Module Lead,SAP General / Consulting,10.58,8–11 years,Bengaluru / Bangalore,Bengaluru
SAP-SEED-03085,Sap Fico Consultant,SAP Finance / FICO,5.92,5–7 years,Bengaluru / Bangalore,Bengaluru
SAP-SEED-03086,SAP Sd Consultant,SAP Sales / SD,13.83,12+ years,Bengaluru / Bangalore,Bengaluru
SAP-SEED-03087,Developer,Non-SAP / Ambiguous,8.92,8–11 years,"Hyderabad / Secunderabad, Telangana",Hyderabad
SAP-SEED-03088,Project Planning Management,SAP Project Systems / PS,7.08,5–7 years,Satna,Satna
SAP-SEED-03089,SAP ABAP ON HANA Consultant,SAP ABAP / Development,6.75,5–7 years,"Hyderabad / Secunderabad, Telangana",Hyderabad
SAP-SEED-03090,"Senior Consultant, Azure Data engineer",Non-SAP / Ambiguous,9.42,8–11 years,Bengaluru / Bangalore,Bengaluru
SAP-SEED-03091,Technical Lead,Non-SAP / Ambiguous,10.75,8–11 years,Bengaluru / Bangalore,Bengaluru
SAP-SEED-03092,Senior Consultant,Non-SAP / Ambiguous,11.25,8–11 years,Bengaluru / Bangalore,Bengaluru
SAP-SEED-03093,Engineer,Non-SAP / Ambiguous,8.92,8–11 years,"Hyderabad / Secunderabad, Telangana",Hyderabad
SAP-SEED-03094,Sap Pi Po Consultant,SAP Integration / CPI,3.58,3–4 years,"Hyderabad / Secunderabad, Telangana",Hyderabad
SAP-SEED-03095,SAP BW Consultant,SAP Analytics / BW,3.67,3–4 years,Bengaluru / Bangalore,Bengaluru
SAP-SEED-03096,Business Analyst Role,Non-SAP / Ambiguous,7.25,5–7 years,"Hyderabad / Secunderabad, Telangana",Hyderabad
SAP-SEED-03097,Solution Consultant III,Non-SAP / Ambiguous,7.25,5–7 years,Bengaluru / Bangalore,Bengaluru
SAP-SEED-03098,SAP BW HANA Specalist,SAP HANA / Data,7.58,5–7 years,Bengaluru / Bangalore,Bengaluru
SAP-SEED-03099,Sap Functional Consultant,SAP General / Consulting,3.25,3–4 years,Indore,Indore
SAP-SEED-03100,SAP Ariba Consultant,SAP General / Consulting,10.5,8–11 years,Bengaluru / Bangalore,Bengaluru
SAP-SEED-03101,SAP MM Consultant,SAP Procurement / MM,2.75,3–4 years,Pune,Pune
SAP-SEED-03102,Analyst,Non-SAP / Ambiguous,4.0,3–4 years,Bengaluru / Bangalore,Bengaluru
SAP-SEED-03103,Salesforcce Developer,SAP Sales / SD,4.0,3–4 years,"Hyderabad / Secunderabad, Telangana",Hyderabad
SAP-SEED-03104,Sap Functional,SAP General / Consulting,11.67,8–11 years,Bengaluru / Bangalore,Bengaluru
SAP-SEED-03105,SAP Sd Consultant,SAP Sales / SD,2.17,3–4 years,"Hyderabad / Secunderabad, Telangana",Hyderabad
SAP-SEED-03106,SAP Sd Consultant,SAP Sales / SD,3.0,3–4 years,"Hyderabad / Secunderabad, Telangana",Hyderabad
SAP-SEED-03107,Senior Sap Consultant,SAP General / Consulting,11.17,8–11 years,"Hyderabad / Secunderabad, Telangana",Hyderabad
SAP-SEED-03108,Operation Associate,Non-SAP / Ambiguous,6.33,5–7 years,Bengaluru / Bangalore,Bengaluru
SAP-SEED-03109,Sap ABAP Consultant,SAP ABAP / Development,4.58,3–4 years,Bengaluru / Bangalore,Bengaluru
SAP-SEED-03110,sap hana and basis consultant,SAP Basis / Administration,6.17,5–7 years,"Hyderabad / Secunderabad, Telangana",Hyderabad
SAP-SEED-03111,Sap Fico Analyst,SAP Finance / FICO,4.67,3–4 years,"Hyderabad / Secunderabad, Telangana",Hyderabad
SAP-SEED-03112,Specialist,Non-SAP / Ambiguous,6.42,5–7 years,"Hyderabad / Secunderabad, Telangana",Hyderabad
SAP-SEED-03113,Senior Associate SAP SD Consultant,SAP Sales / SD,6.0,5–7 years,Bengaluru / Bangalore,Bengaluru
SAP-SEED-03114,SAP BW HANA and Datasphere Consultant,SAP HANA / Data,4.17,3–4 years,"Hyderabad / Secunderabad, Telangana",Hyderabad
SAP-SEED-03115,SAP BW Consultant,SAP Analytics / BW,6.5,5–7 years,Bengaluru / Bangalore,Bengaluru
SAP-SEED-03116,Sap Basis Consultant,SAP Basis / Administration,2.75,3–4 years,Pune,Pune
SAP-SEED-03117,Senior Associate Consultant,Non-SAP / Ambiguous,5.17,5–7 years,"Hyderabad / Secunderabad, Telangana",Hyderabad
SAP-SEED-03118,Senior Process Executive,Non-SAP / Ambiguous,5.58,5–7 years,Bengaluru / Bangalore,Bengaluru
SAP-SEED-03119,Consulant,Non-SAP / Ambiguous,7.5,5–7 years,"Hyderabad / Secunderabad, Telangana",Hyderabad
SAP-SEED-03120,Software Development Analyst,Non-SAP / Ambiguous,5.92,5–7 years,Bengaluru / Bangalore,Bengaluru
SAP-SEED-03121,Sap Basis Consultant,SAP Basis / Administration,3.58,3–4 years,Bengaluru / Bangalore,Bengaluru
SAP-SEED-03122,Business Processes Consultant,Non-SAP / Ambiguous,7.25,5–7 years,Bengaluru / Bangalore,Bengaluru
SAP-SEED-03123,Sap Consultant,SAP General / Consulting,5.5,5–7 years,Bengaluru / Bangalore,Bengaluru
SAP-SEED-03124,Sap Fico,SAP Finance / FICO,6.08,5–7 years,Bengaluru / Bangalore,Bengaluru
SAP-SEED-03125,SAP,SAP General / Consulting,8.42,8–11 years,Bengaluru / Bangalore,Bengaluru
SAP-SEED-03126,Software Engineer,Non-SAP / Ambiguous,3.75,3–4 years,"Hyderabad / Secunderabad, Telangana",Hyderabad
SAP-SEED-03127,Sap Fico,SAP Finance / FICO,4.67,3–4 years,"Hyderabad / Secunderabad, Telangana",Hyderabad
SAP-SEED-03128,SAP,SAP General / Consulting,3.33,3–4 years,"Hyderabad / Secunderabad, Telangana",Hyderabad
SAP-SEED-03129,Sap Consultant,SAP General / Consulting,5.67,5–7 years,"Hyderabad / Secunderabad, Telangana",Hyderabad
SAP-SEED-03130,Sap Fico Tester,SAP Finance / FICO,3.67,3–4 years,Bengaluru / Bangalore,Bengaluru
SAP-SEED-03131,Analyst,Non-SAP / Ambiguous,5.58,5–7 years,Bengaluru / Bangalore,Bengaluru
SAP-SEED-03132,Sap Consultant,SAP General / Consulting,10.0,8–11 years,Bengaluru / Bangalore,Bengaluru
SAP-SEED-03133,Sap Fico Consultant,SAP Finance / FICO,9.17,8–11 years,"Hyderabad / Secunderabad, Telangana",Hyderabad
SAP-SEED-03134,SAP,SAP General / Consulting,4.08,3–4 years,Pune,Pune
SAP-SEED-03135,Sap Sales Consultant,SAP Sales / SD,3.08,3–4 years,"Hyderabad / Secunderabad, Telangana",Hyderabad
SAP-SEED-03136,Sap ABAP,SAP ABAP / Development,3.0,3–4 years,Bengaluru / Bangalore,Bengaluru
SAP-SEED-03137,Sap Consultant,SAP General / Consulting,7.08,5–7 years,Bengaluru / Bangalore,Bengaluru
SAP-SEED-03138,Associate Consultant,Non-SAP / Ambiguous,3.5,3–4 years,Bengaluru / Bangalore,Bengaluru
SAP-SEED-03139,Sap Hana Consultant,SAP HANA / Data,8.08,8–11 years,Bengaluru / Bangalore,Bengaluru
SAP-SEED-03140,Sap End User,SAP General / Consulting,6.67,5–7 years,Bengaluru / Bangalore,Bengaluru
SAP-SEED-03141,SAP,SAP General / Consulting,3.17,3–4 years,"Hyderabad / Secunderabad, Telangana",Hyderabad
SAP-SEED-03142,Associate SAP Consultant,SAP General / Consulting,5.0,5–7 years,"Hyderabad / Secunderabad, Telangana",Hyderabad
SAP-SEED-03143,Business Development Manager,Non-SAP / Ambiguous,5.0,5–7 years,Bengaluru / Bangalore,Bengaluru
SAP-SEED-03144,Sap SCM Consultant,SAP General / Consulting,3.92,3–4 years,"Hyderabad / Secunderabad, Telangana",Hyderabad
SAP-SEED-03145,Consultant,Non-SAP / Ambiguous,2.42,3–4 years,"Hyderabad / Secunderabad, Telangana",Hyderabad
SAP-SEED-03146,SAPSD Consultant,SAP General / Consulting,5.42,5–7 years,Navi Mumbai,Mumbai
SAP-SEED-03147,Senior Manager,Non-SAP / Ambiguous,11.17,8–11 years,Bengaluru / Bangalore,Bengaluru
SAP-SEED-03148,Manager,Non-SAP / Ambiguous,11.42,8–11 years,Bengaluru / Bangalore,Bengaluru
SAP-SEED-03149,SAPSD Consultant,SAP General / Consulting,4.67,3–4 years,"Hyderabad / Secunderabad, Telangana",Hyderabad
SAP-SEED-03150,Sap ABAP Consultant,SAP ABAP / Development,10.0,8–11 years,Chennai,Chennai
SAP-SEED-03151,Sap Functional Consultant,SAP General / Consulting,5.67,5–7 years,Bengaluru / Bangalore,Bengaluru
SAP-SEED-03152,Finance Executive,Non-SAP / Ambiguous,4.08,3–4 years,Bengaluru / Bangalore,Bengaluru
SAP-SEED-03153,Sap Fico,SAP Finance / FICO,4.58,3–4 years,"Hyderabad / Secunderabad, Telangana",Hyderabad
SAP-SEED-03154,Sap Fico Consultant,SAP Finance / FICO,3.58,3–4 years,"Hyderabad / Secunderabad, Telangana",Hyderabad
SAP-SEED-03155,Sap Lead Consultant,SAP General / Consulting,8.17,8–11 years,"Hyderabad / Secunderabad, Telangana",Hyderabad
SAP-SEED-03156,Senior Data Engineer,Non-SAP / Ambiguous,9.58,8–11 years,Bengaluru / Bangalore,Bengaluru
SAP-SEED-03157,Sap Fico Consultant,SAP Finance / FICO,10.75,8–11 years,Bengaluru / Bangalore,Bengaluru
SAP-SEED-03158,Sap Fico Consultant,SAP Finance / FICO,4.17,3–4 years,Gurgaon / Gurugram,Gurugram
SAP-SEED-03159,Sap ABAP Developer,SAP ABAP / Development,2.83,3–4 years,"Hyderabad / Secunderabad, Telangana",Hyderabad
SAP-SEED-03160,Process specialist,Non-SAP / Ambiguous,5.25,5–7 years,Bengaluru / Bangalore,Bengaluru
SAP-SEED-03161,Sap Junior Consultant,SAP General / Consulting,2.5,3–4 years,"Hyderabad / Secunderabad, Telangana",Hyderabad
SAP-SEED-03162,Business Process Lead,Non-SAP / Ambiguous,11.0,8–11 years,Bengaluru / Bangalore,Bengaluru
SAP-SEED-03163,Associate Analyst,Non-SAP / Ambiguous,5.75,5–7 years,Bengaluru / Bangalore,Bengaluru
SAP-SEED-03164,Consultant,Non-SAP / Ambiguous,6.0,5–7 years,Bengaluru / Bangalore,Bengaluru
SAP-SEED-03165,Sap Fico Consultant,SAP Finance / FICO,9.08,8–11 years,"Hyderabad / Secunderabad, Telangana",Hyderabad
SAP-SEED-03166,Senior Associate Consultant,Non-SAP / Ambiguous,4.92,3–4 years,Bengaluru / Bangalore,Bengaluru
SAP-SEED-03167,Mentor,Non-SAP / Ambiguous,3.58,3–4 years,"Hyderabad / Secunderabad, Telangana",Hyderabad
SAP-SEED-03168,Sap Basis Admin,SAP Basis / Administration,4.08,3–4 years,"Hyderabad / Secunderabad, Telangana",Hyderabad
SAP-SEED-03169,SAP Sd Consultant,SAP Sales / SD,3.25,3–4 years,"Hyderabad / Secunderabad, Telangana",Hyderabad
SAP-SEED-03170,Sap Manager,SAP General / Consulting,10.83,8–11 years,Bengaluru / Bangalore,Bengaluru
SAP-SEED-03171,Senior Financial Associate,Non-SAP / Ambiguous,9.75,8–11 years,Bengaluru / Bangalore,Bengaluru
SAP-SEED-03172,Packaged App Development Analyst,Non-SAP / Ambiguous,4.0,3–4 years,"Hyderabad / Secunderabad, Telangana",Hyderabad
SAP-SEED-03173,Lead Consultant SAP SD,SAP Sales / SD,10.25,8–11 years,Chennai,Chennai
SAP-SEED-03174,DEVELOPER,Non-SAP / Ambiguous,5.92,5–7 years,"Hyderabad / Secunderabad, Telangana",Hyderabad
SAP-SEED-03175,Process Specialist,Non-SAP / Ambiguous,8.58,8–11 years,Bengaluru / Bangalore,Bengaluru
SAP-SEED-03176,MM Retail and Fashion SD Lead Consultant,SAP Sales / SD,10.67,8–11 years,Bengaluru / Bangalore,Bengaluru
SAP-SEED-03177,sap sd s4 hana consultant,SAP Sales / SD,11.33,8–11 years,Bengaluru / Bangalore,Bengaluru
SAP-SEED-03178,Project Engineer,SAP Project Systems / PS,2.58,3–4 years,"Hyderabad / Secunderabad, Telangana",Hyderabad
SAP-SEED-03179,Intern Financial Services,Non-SAP / Ambiguous,2.25,3–4 years,Bengaluru / Bangalore,Bengaluru
SAP-SEED-03180,SAP ABAP Technical Consultant,SAP ABAP / Development,4.58,3–4 years,Gurgaon / Gurugram,Gurugram
SAP-SEED-03181,SAP MM Consultant,SAP Procurement / MM,4.42,3–4 years,Bengaluru / Bangalore,Bengaluru
SAP-SEED-03182,SAP Basis Consultant,SAP Basis / Administration,2.5,3–4 years,Bengaluru / Bangalore,Bengaluru
SAP-SEED-03183,SAP,SAP General / Consulting,3.25,3–4 years,Bengaluru / Bangalore,Bengaluru
SAP-SEED-03184,SAP MM Consultant,SAP Procurement / MM,5.67,5–7 years,Gurgaon / Gurugram,Gurugram
SAP-SEED-03185,Sap ABAP Consultant,SAP ABAP / Development,2.92,3–4 years,Bengaluru / Bangalore,Bengaluru
SAP-SEED-03186,Programmer Analyst,Non-SAP / Ambiguous,3.67,3–4 years,Kolkata,Kolkata
SAP-SEED-03187,SAP ABAP Technical Consultant,SAP ABAP / Development,3.0,3–4 years,"Hyderabad / Secunderabad, Telangana",Hyderabad
SAP-SEED-03188,Sap Fico Cons,SAP Finance / FICO,4.25,3–4 years,Bengaluru / Bangalore,Bengaluru
SAP-SEED-03189,Sap Finance Consultant,SAP General / Consulting,6.0,5–7 years,Bengaluru / Bangalore,Bengaluru
SAP-SEED-03190,SAP Ariba Consultant,SAP General / Consulting,11.0,8–11 years,Bengaluru / Bangalore,Bengaluru
SAP-SEED-03191,Software Engineer,Non-SAP / Ambiguous,3.58,3–4 years,"Hyderabad / Secunderabad, Telangana",Hyderabad
SAP-SEED-03192,Sap MM Functional Consultant,SAP Procurement / MM,4.0,3–4 years,pune,Pune
SAP-SEED-03193,Digital Manager,Non-SAP / Ambiguous,4.42,3–4 years,Bengaluru / Bangalore,Bengaluru
SAP-SEED-03194,Sap Tm Consultant,SAP Transportation / TM,10.08,8–11 years,"Hyderabad / Secunderabad, Telangana",Hyderabad
SAP-SEED-03195,Associate Consultant,Non-SAP / Ambiguous,3.83,3–4 years,Bengaluru / Bangalore,Bengaluru
SAP-SEED-03196,It Auditor,Non-SAP / Ambiguous,4.25,3–4 years,India,India
SAP-SEED-03197,Sap Hana Consultant,SAP HANA / Data,9.83,8–11 years,Gurgaon / Gurugram,Gurugram
SAP-SEED-03198,"SAP ABAP Lead, SAP ABAP Senior Consultant, SAP TM Technical Consultant",SAP ABAP / Development,11.08,8–11 years,"Hyderabad / Secunderabad, Telangana",Hyderabad
SAP-SEED-03199,SAP,SAP General / Consulting,4.0,3–4 years,Bengaluru / Bangalore,Bengaluru
SAP-SEED-03200,SAP,SAP General / Consulting,3.92,3–4 years,"Hyderabad / Secunderabad, Telangana",Hyderabad
SAP-SEED-03201,Sap ABAP Developer,SAP ABAP / Development,4.0,3–4 years,"Hyderabad / Secunderabad, Telangana",Hyderabad
SAP-SEED-03202,Associate Analyst,Non-SAP / Ambiguous,2.83,3–4 years,"Hyderabad / Secunderabad, Telangana",Hyderabad
SAP-SEED-03203,Operational executive,Non-SAP / Ambiguous,6.0,5–7 years,Bengaluru / Bangalore,Bengaluru
SAP-SEED-03204,SAP Sd Consultant,SAP Sales / SD,3.25,3–4 years,"Hyderabad / Secunderabad, Telangana",Hyderabad
SAP-SEED-03205,SAP MM Consultant,SAP Procurement / MM,4.5,3–4 years,"Hyderabad / Secunderabad, Telangana",Hyderabad
SAP-SEED-03206,SAP Sd Consultant,SAP Sales / SD,5.75,5–7 years,"Hyderabad / Secunderabad, Telangana",Hyderabad
SAP-SEED-03207,Product Management Support,Non-SAP / Ambiguous,3.17,3–4 years,Gurgaon / Gurugram,Gurugram
SAP-SEED-03208,SAP CX/C4C Consultant,SAP General / Consulting,11.0,8–11 years,Bengaluru / Bangalore,Bengaluru
SAP-SEED-03209,SAP,SAP General / Consulting,3.17,3–4 years,Bengaluru / Bangalore,Bengaluru
SAP-SEED-03210,Tech Lead,Non-SAP / Ambiguous,9.83,8–11 years,Bengaluru / Bangalore,Bengaluru
SAP-SEED-03211,SAP ABAP Technical Consultant,SAP ABAP / Development,8.25,8–11 years,"Hyderabad / Secunderabad, Telangana",Hyderabad
SAP-SEED-03212,Senior SAP functional Consultant,SAP General / Consulting,11.5,8–11 years,Bengaluru / Bangalore,Bengaluru
SAP-SEED-03213,Sap Fico Consultant,SAP Finance / FICO,6.42,5–7 years,Bengaluru / Bangalore,Bengaluru
SAP-SEED-03214,Lead Ariba Consultant,Non-SAP / Ambiguous,7.5,5–7 years,Bengaluru / Bangalore,Bengaluru
SAP-SEED-03215,SAP Account/Payable,SAP Finance / FICO,4.92,3–4 years,Bengaluru / Bangalore,Bengaluru
SAP-SEED-03216,Senior Consultant at UST,Non-SAP / Ambiguous,7.17,5–7 years,Bengaluru / Bangalore,Bengaluru
SAP-SEED-03217,Senior Developer,Non-SAP / Ambiguous,6.08,5–7 years,Bengaluru / Bangalore,Bengaluru
SAP-SEED-03218,Sap Functional Consultant,SAP General / Consulting,3.58,3–4 years,Bengaluru / Bangalore,Bengaluru
SAP-SEED-03219,Sap Basis Security Consultant,SAP Basis / Administration,7.0,5–7 years,"Hyderabad / Secunderabad, Telangana",Hyderabad
SAP-SEED-03220,Senior SAP ABAP Consultant,SAP ABAP / Development,6.08,5–7 years,Gurgaon / Gurugram,Gurugram
SAP-SEED-03221,Digital Specialist,Non-SAP / Ambiguous,3.42,3–4 years,"Hyderabad / Secunderabad, Telangana",Hyderabad
SAP-SEED-03222,SAP BW Consultant,SAP Analytics / BW,9.42,8–11 years,Bengaluru / Bangalore,Bengaluru
SAP-SEED-03223,SAP Consultant,SAP General / Consulting,8.5,8–11 years,Bengaluru / Bangalore,Bengaluru
SAP-SEED-03224,Sap ABAP Consultant,SAP ABAP / Development,4.25,3–4 years,Delhi,Delhi
SAP-SEED-03225,Application Development Analyst,Non-SAP / Ambiguous,4.08,3–4 years,Bengaluru / Bangalore,Bengaluru
SAP-SEED-03226,Sap Material Management Consultant,SAP General / Consulting,5.67,5–7 years,Bengaluru / Bangalore,Bengaluru
SAP-SEED-03227,Sap Consultant,SAP General / Consulting,4.67,3–4 years,"Hyderabad / Secunderabad, Telangana",Hyderabad
SAP-SEED-03228,IT Manager | Regional Lead - SAP S4 HANA Consultant - FI PM,SAP Finance / FICO,8.0,8–11 years,"Hyderabad / Secunderabad, Telangana",Hyderabad
SAP-SEED-03229,Data Analyst Intern,Non-SAP / Ambiguous,2.17,3–4 years,Kolkata,Kolkata
SAP-SEED-03230,Senior Software Professional,Non-SAP / Ambiguous,9.5,8–11 years,Bengaluru / Bangalore,Bengaluru
SAP-SEED-03231,Associate SAP Consultant,SAP General / Consulting,3.08,3–4 years,"Hyderabad / Secunderabad, Telangana",Hyderabad
SAP-SEED-03232,Advisory Consultant,Non-SAP / Ambiguous,10.92,8–11 years,Bengaluru / Bangalore,Bengaluru
SAP-SEED-03233,SAP FICO,SAP Finance / FICO,9.33,8–11 years,Bengaluru / Bangalore,Bengaluru
SAP-SEED-03234,Associate SAP MM Consultant,SAP Procurement / MM,4.33,3–4 years,"Hyderabad / Secunderabad, Telangana",Hyderabad
SAP-SEED-03235,SAP Sd Consultant,SAP Sales / SD,2.58,3–4 years,Bengaluru / Bangalore,Bengaluru
SAP-SEED-03236,Sap Consultant,SAP General / Consulting,6.58,5–7 years,Bengaluru / Bangalore,Bengaluru
SAP-SEED-03237,SAP BW/Hana Senior Consultant,SAP HANA / Data,4.25,3–4 years,"Hyderabad / Secunderabad, Telangana",Hyderabad
SAP-SEED-03238,Software Engineer,Non-SAP / Ambiguous,2.75,3–4 years,Pune,Pune
SAP-SEED-03239,Sap Fico Cons,SAP Finance / FICO,5.17,5–7 years,"Hyderabad / Secunderabad, Telangana",Hyderabad
SAP-SEED-03240,Sap ABAP Consultant,SAP ABAP / Development,2.25,3–4 years,"Hyderabad / Secunderabad, Telangana",Hyderabad
SAP-SEED-03241,SAP Account/Payable,SAP Finance / FICO,3.17,3–4 years,Noida,Noida
SAP-SEED-03242,Client Reporting Analyst,Non-SAP / Ambiguous,3.33,3–4 years,"Hyderabad / Secunderabad, Telangana",Hyderabad
SAP-SEED-03243,Sap ABAP Consultant,SAP ABAP / Development,2.58,3–4 years,Bengaluru / Bangalore,Bengaluru
SAP-SEED-03244,Sap Fico Consultant,SAP Finance / FICO,3.17,3–4 years,Bengaluru / Bangalore,Bengaluru
SAP-SEED-03245,Application Development Analyst,Non-SAP / Ambiguous,3.0,3–4 years,"Hyderabad / Secunderabad, Telangana",Hyderabad
SAP-SEED-03246,SAP CPI Consultant,SAP Integration / CPI,3.5,3–4 years,"Hyderabad / Secunderabad, Telangana",Hyderabad
SAP-SEED-03247,SAP SD Consultant,SAP Sales / SD,3.08,3–4 years,Bengaluru / Bangalore,Bengaluru
SAP-SEED-03248,Sap ABAP Consultant,SAP ABAP / Development,5.0,5–7 years,"Hyderabad / Secunderabad, Telangana",Hyderabad
SAP-SEED-03249,Senior Software Engineer Team Leader,Non-SAP / Ambiguous,11.25,8–11 years,Bengaluru / Bangalore,Bengaluru
SAP-SEED-03250,Sap ABAP Developer,SAP ABAP / Development,4.08,3–4 years,"Hyderabad / Secunderabad, Telangana",Hyderabad
SAP-SEED-03251,DC Associate (SAP CPI support role),SAP Integration / CPI,3.0,3–4 years,"Hyderabad / Secunderabad, Telangana",Hyderabad
SAP-SEED-03252,Application Support,Non-SAP / Ambiguous,7.33,5–7 years,Bengaluru / Bangalore,Bengaluru
SAP-SEED-03253,SAP BW Consultant,SAP Analytics / BW,11.83,8–11 years,Bengaluru / Bangalore,Bengaluru
SAP-SEED-03254,Sap ABAP Consultant,SAP ABAP / Development,3.0,3–4 years,Bengaluru / Bangalore,Bengaluru
SAP-SEED-03255,"Consultant, SAP Worksoft Testing",SAP General / Consulting,6.75,5–7 years,Bengaluru / Bangalore,Bengaluru
SAP-SEED-03256,SAP,SAP General / Consulting,8.08,8–11 years,Bengaluru / Bangalore,Bengaluru
SAP-SEED-03257,Sap Consultant,SAP General / Consulting,4.92,3–4 years,Bengaluru / Bangalore,Bengaluru
SAP-SEED-03258,SAP,SAP General / Consulting,3.58,3–4 years,"Hyderabad / Secunderabad, Telangana",Hyderabad
SAP-SEED-03259,Sap Fico Consultant,SAP Finance / FICO,5.83,5–7 years,"Hyderabad / Secunderabad, Telangana",Hyderabad
SAP-SEED-03260,Sap Tester,SAP General / Consulting,9.92,8–11 years,Bengaluru / Bangalore,Bengaluru
SAP-SEED-03261,SAP BW Consultant,SAP Analytics / BW,4.17,3–4 years,"Hyderabad / Secunderabad, Telangana",Hyderabad
SAP-SEED-03262,Sap Lead,SAP General / Consulting,8.0,8–11 years,"Hyderabad / Secunderabad, Telangana",Hyderabad
SAP-SEED-03263,Analyst,Non-SAP / Ambiguous,3.17,3–4 years,Bengaluru / Bangalore,Bengaluru
SAP-SEED-03264,Sap ABAP Developer,SAP ABAP / Development,2.33,3–4 years,Bengaluru / Bangalore,Bengaluru
SAP-SEED-03265,Fresher,Non-SAP / Ambiguous,2.5,3–4 years,Bengaluru / Bangalore,Bengaluru
SAP-SEED-03266,Sap Basis,SAP Basis / Administration,2.92,3–4 years,"Hyderabad / Secunderabad, Telangana",Hyderabad
SAP-SEED-03267,SAP,SAP General / Consulting,5.83,5–7 years,Bengaluru / Bangalore,Bengaluru
SAP-SEED-03268,SAP,SAP General / Consulting,5.0,5–7 years,Bengaluru / Bangalore,Bengaluru
SAP-SEED-03269,SAP Sd Consultant,SAP Sales / SD,4.83,3–4 years,Bengaluru / Bangalore,Bengaluru
SAP-SEED-03270,SAP MM Consultant,SAP Procurement / MM,3.58,3–4 years,"Hyderabad / Secunderabad, Telangana",Hyderabad
SAP-SEED-03271,Application Development Senior Analyst,Non-SAP / Ambiguous,4.17,3–4 years,Bengaluru / Bangalore,Bengaluru
SAP-SEED-03272,EWM Consultant,SAP Warehouse / EWM,4.08,3–4 years,Thane,Thane
SAP-SEED-03273,SAP,SAP General / Consulting,3.75,3–4 years,"Hyderabad / Secunderabad, Telangana",Hyderabad
SAP-SEED-03274,SAP PI PO CPI Consultant,SAP Integration / CPI,3.0,3–4 years,"Hyderabad / Secunderabad, Telangana",Hyderabad
SAP-SEED-03275,SAP BW Consultant,SAP Analytics / BW,2.17,3–4 years,Bengaluru / Bangalore,Bengaluru
SAP-SEED-03276,SAPSD Consultant,SAP General / Consulting,3.75,3–4 years,"Hyderabad / Secunderabad, Telangana",Hyderabad
SAP-SEED-03277,Senior SAP BW4HANA Consultant,SAP General / Consulting,9.5,8–11 years,Bengaluru / Bangalore,Bengaluru
SAP-SEED-03278,Sap ABAP Developer,SAP ABAP / Development,2.92,3–4 years,Bengaluru / Bangalore,Bengaluru
SAP-SEED-03279,Purchase department,SAP Procurement / MM,11.58,8–11 years,"Hyderabad / Secunderabad, Telangana",Hyderabad
SAP-SEED-03280,SAP CPI Consultant,SAP Integration / CPI,4.0,3–4 years,"Hyderabad / Secunderabad, Telangana",Hyderabad
SAP-SEED-03281,Sap Pi Po Consultant,SAP Integration / CPI,9.08,8–11 years,Bengaluru / Bangalore,Bengaluru
SAP-SEED-03282,SAP BW4 HANA Consultant,SAP HANA / Data,4.08,3–4 years,Bengaluru / Bangalore,Bengaluru
SAP-SEED-03283,SAP FICO Senior Analyst,SAP Finance / FICO,7.17,5–7 years,"Hyderabad / Secunderabad, Telangana",Hyderabad
SAP-SEED-03284,Senior Software Developer,Non-SAP / Ambiguous,8.08,8–11 years,Bengaluru / Bangalore,Bengaluru
SAP-SEED-03285,Sap Sr mm consultant,SAP Procurement / MM,6.75,5–7 years,"Hyderabad / Secunderabad, Telangana",Hyderabad
SAP-SEED-03286,Associate,Non-SAP / Ambiguous,4.17,3–4 years,"Hyderabad / Secunderabad, Telangana",Hyderabad
SAP-SEED-03287,SAP BW Consultant,SAP Analytics / BW,3.58,3–4 years,Bengaluru / Bangalore,Bengaluru
SAP-SEED-03288,Team Leader,Non-SAP / Ambiguous,7.33,5–7 years,Mumbai,Mumbai
SAP-SEED-03289,SAP MM Associate Consultant,SAP Procurement / MM,2.58,3–4 years,Bengaluru / Bangalore,Bengaluru
SAP-SEED-03290,SAP BW4HANA Consultant,SAP General / Consulting,9.0,8–11 years,"Hyderabad / Secunderabad, Telangana",Hyderabad
SAP-SEED-03291,SAP MM Consultant,SAP Procurement / MM,3.42,3–4 years,Kolkata,Kolkata
SAP-SEED-03292,SAP BW Technical Consultant,SAP Analytics / BW,3.33,3–4 years,Bengaluru / Bangalore,Bengaluru
SAP-SEED-03293,Senior Consultant,Non-SAP / Ambiguous,4.83,3–4 years,"Hyderabad / Secunderabad, Telangana",Hyderabad
SAP-SEED-03294,Data Migration Specialist,Non-SAP / Ambiguous,10.42,8–11 years,"Hyderabad / Secunderabad, Telangana",Hyderabad
SAP-SEED-03295,SAP Account/Payable,SAP Finance / FICO,3.67,3–4 years,Bengaluru / Bangalore,Bengaluru
SAP-SEED-03296,Sales Executive,SAP Sales / SD,7.42,5–7 years,Patna,Patna
SAP-SEED-03297,SAP MM Functional Consultant,SAP Procurement / MM,9.25,8–11 years,Chennai,Chennai
SAP-SEED-03298,Senior Analyst,Non-SAP / Ambiguous,5.83,5–7 years,Bengaluru / Bangalore,Bengaluru
SAP-SEED-03299,SAP MM Consultant,SAP Procurement / MM,10.42,8–11 years,Bengaluru / Bangalore,Bengaluru
SAP-SEED-03300,Sap Basis Consultant,SAP Basis / Administration,4.67,3–4 years,"Hyderabad / Secunderabad, Telangana",Hyderabad
SAP-SEED-03301,IT MANAGERIAL,Non-SAP / Ambiguous,10.25,8–11 years,Bengaluru / Bangalore,Bengaluru
SAP-SEED-03302,Sap ABAP Associate,SAP ABAP / Development,4.0,3–4 years,Bengaluru / Bangalore,Bengaluru
SAP-SEED-03303,Software Engineer,Non-SAP / Ambiguous,9.83,8–11 years,Bengaluru / Bangalore,Bengaluru
SAP-SEED-03304,Sap Basis Consultant,SAP Basis / Administration,2.33,3–4 years,Bengaluru / Bangalore,Bengaluru
SAP-SEED-03305,Associate Consultant SAP ABAP & DATA Archiving,SAP ABAP / Development,4.0,3–4 years,"Hyderabad / Secunderabad, Telangana",Hyderabad
SAP-SEED-03306,SAP CPI Senior Integration  BTP Consultant,SAP Integration / CPI,7.0,5–7 years,Bengaluru / Bangalore,Bengaluru
SAP-SEED-03307,Sap ABAP Consultant,SAP ABAP / Development,4.25,3–4 years,Bengaluru / Bangalore,Bengaluru
SAP-SEED-03308,Consultant,Non-SAP / Ambiguous,6.92,5–7 years,Bengaluru / Bangalore,Bengaluru
SAP-SEED-03309,Associate SAP Consultant,SAP General / Consulting,3.08,3–4 years,Coimbatore,Coimbatore
SAP-SEED-03310,Solution engineer SAP CRM,SAP General / Consulting,7.92,5–7 years,Bengaluru / Bangalore,Bengaluru
SAP-SEED-03311,SAP,SAP General / Consulting,10.5,8–11 years,"Hyderabad / Secunderabad, Telangana",Hyderabad
SAP-SEED-03312,Consulant,Non-SAP / Ambiguous,4.0,3–4 years,Bengaluru / Bangalore,Bengaluru
SAP-SEED-03313,Associate Consultant,Non-SAP / Ambiguous,11.92,8–11 years,Bengaluru / Bangalore,Bengaluru
SAP-SEED-03314,Financial Systems Reconciliation Analyst,Non-SAP / Ambiguous,9.92,8–11 years,Bengaluru / Bangalore,Bengaluru
SAP-SEED-03315,SAP,SAP General / Consulting,11.17,8–11 years,Bengaluru / Bangalore,Bengaluru
SAP-SEED-03316,Analyst Software Engineer,Non-SAP / Ambiguous,2.17,3–4 years,"Hyderabad / Secunderabad, Telangana",Hyderabad
SAP-SEED-03317,Sap Fico Consultant,SAP Finance / FICO,4.67,3–4 years,"Hyderabad / Secunderabad, Telangana",Hyderabad
SAP-SEED-03318,Oth,Non-SAP / Ambiguous,5.08,5–7 years,Delhi,Delhi
SAP-SEED-03319,SAP Sd Consultant,SAP Sales / SD,2.08,3–4 years,Bengaluru / Bangalore,Bengaluru
SAP-SEED-03320,Lead Staffing Analyst,Non-SAP / Ambiguous,6.0,5–7 years,Bengaluru / Bangalore,Bengaluru
SAP-SEED-03321,SAP Account/Payable,SAP Finance / FICO,3.17,3–4 years,"Hyderabad / Secunderabad, Telangana",Hyderabad
SAP-SEED-03322,Sap Fico Consultant,SAP Finance / FICO,8.58,8–11 years,Bengaluru / Bangalore,Bengaluru
SAP-SEED-03323,SAP Sd Consultant,SAP Sales / SD,6.33,5–7 years,Kolkata,Kolkata
SAP-SEED-03324,SAP BW Consultant,SAP Analytics / BW,4.25,3–4 years,Bengaluru / Bangalore,Bengaluru
SAP-SEED-03325,Sap basis administrator,SAP Basis / Administration,2.25,3–4 years,Bengaluru / Bangalore,Bengaluru
SAP-SEED-03326,HR Trainee,Non-SAP / Ambiguous,2.17,3–4 years,Warangal,Warangal
SAP-SEED-03327,SAP,SAP General / Consulting,4.83,3–4 years,Bengaluru / Bangalore,Bengaluru
SAP-SEED-03328,Sap ABAP Consultant,SAP ABAP / Development,4.08,3–4 years,"Hyderabad / Secunderabad, Telangana",Hyderabad
SAP-SEED-03329,SAP ABAP Developer,SAP ABAP / Development,10.08,8–11 years,Bengaluru / Bangalore,Bengaluru
SAP-SEED-03330,SAP ABAP -TRAINEE,SAP ABAP / Development,2.83,3–4 years,Bengaluru / Bangalore,Bengaluru
SAP-SEED-03331,Process Associate,Non-SAP / Ambiguous,2.5,3–4 years,Bengaluru / Bangalore,Bengaluru
SAP-SEED-03332,Sap Fico,SAP Finance / FICO,7.58,5–7 years,"Hyderabad / Secunderabad, Telangana",Hyderabad
SAP-SEED-03333,SAP Sd Consultant,SAP Sales / SD,4.0,3–4 years,Nagpur,Nagpur
SAP-SEED-03334,SAP,SAP General / Consulting,11.83,8–11 years,Bengaluru / Bangalore,Bengaluru
SAP-SEED-03335,Sap CRM Consultant,SAP General / Consulting,11.0,8–11 years,Bengaluru / Bangalore,Bengaluru
SAP-SEED-03336,SAP BW on HANA consultant,SAP HANA / Data,7.33,5–7 years,Bengaluru / Bangalore,Bengaluru
SAP-SEED-03337,Sap ABAP Developer,SAP ABAP / Development,4.58,3–4 years,"Hyderabad / Secunderabad, Telangana",Hyderabad
SAP-SEED-03338,Associate Consultant,Non-SAP / Ambiguous,5.0,5–7 years,Bengaluru / Bangalore,Bengaluru
SAP-SEED-03339,Lecturer,Non-SAP / Ambiguous,2.92,3–4 years,Pune,Pune
SAP-SEED-03340,Sap Fico Consultant,SAP Finance / FICO,4.0,3–4 years,Bengaluru / Bangalore,Bengaluru
SAP-SEED-03341,Packed application development analyst,Non-SAP / Ambiguous,4.33,3–4 years,"Hyderabad / Secunderabad, Telangana",Hyderabad
SAP-SEED-03342,SAP FICO Analyst,SAP Finance / FICO,2.08,3–4 years,Bengaluru / Bangalore,Bengaluru
SAP-SEED-03343,SAP BW On HANA,SAP HANA / Data,6.83,5–7 years,Bengaluru / Bangalore,Bengaluru
SAP-SEED-03344,Analyst,Non-SAP / Ambiguous,3.92,3–4 years,"Hyderabad / Secunderabad, Telangana",Hyderabad
SAP-SEED-03345,SAP FICO / S4 HANA consultant,SAP Finance / FICO,11.67,8–11 years,Bengaluru / Bangalore,Bengaluru
SAP-SEED-03346,Process Specialist,Non-SAP / Ambiguous,11.5,8–11 years,Bengaluru / Bangalore,Bengaluru
SAP-SEED-03347,Procurement Analyst,SAP Procurement / MM,3.75,3–4 years,Bengaluru / Bangalore,Bengaluru
SAP-SEED-03348,Sap Basis Administrator,SAP Basis / Administration,8.0,8–11 years,"Hyderabad / Secunderabad, Telangana",Hyderabad
SAP-SEED-03349,Order Management & SAP SD Support,SAP Sales / SD,3.0,3–4 years,Gurgaon / Gurugram,Gurugram
SAP-SEED-03350,SAP ABAP Developer,SAP ABAP / Development,4.0,3–4 years,Bengaluru / Bangalore,Bengaluru
SAP-SEED-03351,SAP Developer Expert,SAP General / Consulting,15.67,12+ years,Coimbatore,Coimbatore
SAP-SEED-03352,Sap Fico Cons,SAP Finance / FICO,8.83,8–11 years,"Hyderabad / Secunderabad, Telangana",Hyderabad
SAP-SEED-03353,Sap Basis Admin,SAP Basis / Administration,3.17,3–4 years,India,India
SAP-SEED-03354,Sap Fico Consultant,SAP Finance / FICO,5.0,5–7 years,Bengaluru / Bangalore,Bengaluru
SAP-SEED-03355,Sap ABAP Developer,SAP ABAP / Development,3.17,3–4 years,"Hyderabad / Secunderabad, Telangana",Hyderabad
SAP-SEED-03356,Sap Basis Admin,SAP Basis / Administration,3.67,3–4 years,"Hyderabad / Secunderabad, Telangana",Hyderabad
SAP-SEED-03357,Sap Material Specialist,SAP General / Consulting,5.58,5–7 years,Bengaluru / Bangalore,Bengaluru
SAP-SEED-03358,Sap Basis Consultant,SAP Basis / Administration,3.25,3–4 years,Bengaluru / Bangalore,Bengaluru
SAP-SEED-03359,Sap Associate,SAP General / Consulting,2.25,3–4 years,"Hyderabad / Secunderabad, Telangana",Hyderabad
SAP-SEED-03360,Sales Operation,SAP Sales / SD,5.25,5–7 years,Bengaluru / Bangalore,Bengaluru
SAP-SEED-03361,Senior Executive Sourcing,SAP Procurement / MM,7.25,5–7 years,"Hyderabad / Secunderabad, Telangana",Hyderabad
SAP-SEED-03362,SAP Functional Consultant,SAP General / Consulting,10.58,8–11 years,"Hyderabad / Secunderabad, Telangana",Hyderabad
SAP-SEED-03363,SAP,SAP General / Consulting,3.5,3–4 years,"Hyderabad / Secunderabad, Telangana",Hyderabad
SAP-SEED-03364,Associate Manager,Non-SAP / Ambiguous,10.0,8–11 years,"Hyderabad / Secunderabad, Telangana",Hyderabad
SAP-SEED-03365,Sap Basis Consultant,SAP Basis / Administration,2.17,3–4 years,"Hyderabad / Secunderabad, Telangana",Hyderabad
SAP-SEED-03366,SAP S/4 HANA SD Consultant,SAP Sales / SD,9.75,8–11 years,Bengaluru / Bangalore,Bengaluru
SAP-SEED-03367,Sap ABAP Consultant,SAP ABAP / Development,3.58,3–4 years,Bengaluru / Bangalore,Bengaluru
SAP-SEED-03368,SAP Basis Consultant,SAP Basis / Administration,4.58,3–4 years,Gurgaon / Gurugram,Gurugram
SAP-SEED-03369,Sap Basis Administrator,SAP Basis / Administration,2.67,3–4 years,Bengaluru / Bangalore,Bengaluru
SAP-SEED-03370,Executive IT / SAP ABAP,SAP ABAP / Development,9.75,8–11 years,Hubli,Hubli
SAP-SEED-03371,Functional Consultant,Non-SAP / Ambiguous,3.67,3–4 years,"Hyderabad / Secunderabad, Telangana",Hyderabad
SAP-SEED-03372,SAP Administrative Contractor,SAP Basis / Administration,10.83,8–11 years,Pune,Pune
SAP-SEED-03373,Sap Fico,SAP Finance / FICO,12.58,12+ years,Bengaluru / Bangalore,Bengaluru
SAP-SEED-03374,Sap ABAP Consultant,SAP ABAP / Development,11.67,8–11 years,"Hyderabad / Secunderabad, Telangana",Hyderabad
SAP-SEED-03375,SAP ABAP Technical Consultant,SAP ABAP / Development,2.58,3–4 years,"Hyderabad / Secunderabad, Telangana",Hyderabad
SAP-SEED-03376,SAP,SAP General / Consulting,3.0,3–4 years,Chennai,Chennai
SAP-SEED-03377,Consultant,Non-SAP / Ambiguous,4.08,3–4 years,Bengaluru / Bangalore,Bengaluru
SAP-SEED-03378,Sap ABAP Consult,SAP ABAP / Development,6.92,5–7 years,"Hyderabad / Secunderabad, Telangana",Hyderabad
SAP-SEED-03379,Sap ABAP HR Technical Consultant,SAP ABAP / Development,10.5,8–11 years,"Hyderabad / Secunderabad, Telangana",Hyderabad
SAP-SEED-03380,Sap Fico Consultant,SAP Finance / FICO,7.0,5–7 years,Bengaluru / Bangalore,Bengaluru
SAP-SEED-03381,Process Lead,Non-SAP / Ambiguous,9.33,8–11 years,Bengaluru / Bangalore,Bengaluru
SAP-SEED-03382,Senior Associate Consultant,Non-SAP / Ambiguous,4.58,3–4 years,"Hyderabad / Secunderabad, Telangana",Hyderabad
SAP-SEED-03383,Sap Consultant,SAP General / Consulting,5.42,5–7 years,"Hyderabad / Secunderabad, Telangana",Hyderabad
SAP-SEED-03384,SAP BW Consultant,SAP Analytics / BW,9.25,8–11 years,Bengaluru / Bangalore,Bengaluru
SAP-SEED-03385,Team Lead,Non-SAP / Ambiguous,10.5,8–11 years,Gurgaon / Gurugram,Gurugram
SAP-SEED-03386,SAP BW Technical Consultant,SAP Analytics / BW,8.0,8–11 years,Bengaluru / Bangalore,Bengaluru
SAP-SEED-03387,Sap Ewm Consultant,SAP Warehouse / EWM,2.5,3–4 years,"Hyderabad / Secunderabad, Telangana",Hyderabad
SAP-SEED-03388,SAP Security & GRC Consultant,SAP Security / GRC,11.33,8–11 years,"Hyderabad / Secunderabad, Telangana",Hyderabad
SAP-SEED-03389,Consultant,Non-SAP / Ambiguous,7.58,5–7 years,"Hyderabad / Secunderabad, Telangana",Hyderabad
SAP-SEED-03390,Sap ABAP Consultant,SAP ABAP / Development,4.0,3–4 years,"Hyderabad / Secunderabad, Telangana",Hyderabad
SAP-SEED-03391,SAP Account/Payable,SAP Finance / FICO,8.58,8–11 years,Bengaluru / Bangalore,Bengaluru
SAP-SEED-03392,SAP BW Consultant,SAP Analytics / BW,7.08,5–7 years,"Hyderabad / Secunderabad, Telangana",Hyderabad
SAP-SEED-03393,Associate Consultant,Non-SAP / Ambiguous,3.33,3–4 years,Nagpur,Nagpur
SAP-SEED-03394,Developer 3 - Enterprise solutions,Non-SAP / Ambiguous,4.42,3–4 years,Bengaluru / Bangalore,Bengaluru
SAP-SEED-03395,Sap Basis Lead,SAP Basis / Administration,5.5,5–7 years,Bengaluru / Bangalore,Bengaluru
SAP-SEED-03396,Senior SAP Test Lead,SAP General / Consulting,11.58,8–11 years,Bengaluru / Bangalore,Bengaluru
SAP-SEED-03397,SAP FI Support Analyst |Associate,SAP Finance / FICO,2.33,3–4 years,"Hyderabad / Secunderabad, Telangana",Hyderabad
SAP-SEED-03398,SAP MM Consultant,SAP Procurement / MM,5.0,5–7 years,"Hyderabad / Secunderabad, Telangana",Hyderabad
SAP-SEED-03399,Process Developer,Non-SAP / Ambiguous,9.92,8–11 years,"Hyderabad / Secunderabad, Telangana",Hyderabad
SAP-SEED-03400,Sap Fico Consultant,SAP Finance / FICO,7.83,5–7 years,Adilabad,Adilabad
SAP-SEED-03401,Business Finance Analyst,Non-SAP / Ambiguous,2.42,3–4 years,"Hyderabad / Secunderabad, Telangana",Hyderabad
SAP-SEED-03402,SAPSD Consultant,SAP General / Consulting,3.67,3–4 years,Bengaluru / Bangalore,Bengaluru
SAP-SEED-03403,Associate Consultant,Non-SAP / Ambiguous,4.0,3–4 years,"Hyderabad / Secunderabad, Telangana",Hyderabad
SAP-SEED-03404,Sap Fico Consultant,SAP Finance / FICO,4.42,3–4 years,Bengaluru / Bangalore,Bengaluru
SAP-SEED-03405,Sap ABAP Developer,SAP ABAP / Development,3.42,3–4 years,Bengaluru / Bangalore,Bengaluru
SAP-SEED-03406,Senior Finance Executive,Non-SAP / Ambiguous,5.08,5–7 years,Bengaluru / Bangalore,Bengaluru
SAP-SEED-03407,Sap Consultant,SAP General / Consulting,6.0,5–7 years,Noida,Noida
SAP-SEED-03408,SAP BW Consultant,SAP Analytics / BW,4.08,3–4 years,"Hyderabad / Secunderabad, Telangana",Hyderabad
SAP-SEED-03409,Sap Hana Consultant,SAP HANA / Data,4.08,3–4 years,"Hyderabad / Secunderabad, Telangana",Hyderabad
SAP-SEED-03410,Sap Application Analyst,SAP General / Consulting,3.25,3–4 years,"Hyderabad / Secunderabad, Telangana",Hyderabad
SAP-SEED-03411,SAP Account/Payable,SAP Finance / FICO,6.25,5–7 years,Bengaluru / Bangalore,Bengaluru
SAP-SEED-03412,Sap Materials Management Consultant,SAP General / Consulting,6.42,5–7 years,Bengaluru / Bangalore,Bengaluru
SAP-SEED-03413,SAPSD Consultant,SAP General / Consulting,6.33,5–7 years,Boisar,Boisar
SAP-SEED-03414,Sap Fico Consultant,SAP Finance / FICO,3.83,3–4 years,Bengaluru / Bangalore,Bengaluru
SAP-SEED-03415,Senior Officer,Non-SAP / Ambiguous,4.5,3–4 years,Mumbai,Mumbai
SAP-SEED-03416,Senior Developer,Non-SAP / Ambiguous,9.0,8–11 years,"Hyderabad / Secunderabad, Telangana",Hyderabad
SAP-SEED-03417,ABAP Developer,SAP ABAP / Development,3.25,3–4 years,Bengaluru / Bangalore,Bengaluru
SAP-SEED-03418,Sap ABAP Consultant,SAP ABAP / Development,5.67,5–7 years,Bengaluru / Bangalore,Bengaluru
SAP-SEED-03419,Sap ABAP Developer,SAP ABAP / Development,3.33,3–4 years,Bengaluru / Bangalore,Bengaluru
SAP-SEED-03420,ABAP Consultant,SAP ABAP / Development,9.08,8–11 years,Bengaluru / Bangalore,Bengaluru
SAP-SEED-03421,SAP Sd Consultant,SAP Sales / SD,7.0,5–7 years,Bengaluru / Bangalore,Bengaluru
SAP-SEED-03422,Sap Hana Consultant,SAP HANA / Data,9.17,8–11 years,Bengaluru / Bangalore,Bengaluru
SAP-SEED-03423,SAP Account/Payable,SAP Finance / FICO,4.42,3–4 years,Bengaluru / Bangalore,Bengaluru
SAP-SEED-03424,Software Engineer,Non-SAP / Ambiguous,4.83,3–4 years,Bengaluru / Bangalore,Bengaluru
SAP-SEED-03425,Sap Fico Consultant,SAP Finance / FICO,9.0,8–11 years,"Hyderabad / Secunderabad, Telangana",Hyderabad
SAP-SEED-03426,SAP BW Technical Consultant,SAP Analytics / BW,6.75,5–7 years,Bengaluru / Bangalore,Bengaluru
SAP-SEED-03427,Functional Consultant,Non-SAP / Ambiguous,3.83,3–4 years,Bengaluru / Bangalore,Bengaluru
SAP-SEED-03428,SAP MM Consultant,SAP Procurement / MM,5.0,5–7 years,Bengaluru / Bangalore,Bengaluru
SAP-SEED-03429,Senior Consultant,Non-SAP / Ambiguous,11.67,8–11 years,Bengaluru / Bangalore,Bengaluru
SAP-SEED-03430,SAPSD Consultant,SAP General / Consulting,10.25,8–11 years,"Hyderabad / Secunderabad, Telangana",Hyderabad
SAP-SEED-03431,Sr. Lead Consultant,Non-SAP / Ambiguous,10.58,8–11 years,Bengaluru / Bangalore,Bengaluru
SAP-SEED-03432,SAP FICO,SAP Finance / FICO,4.08,3–4 years,"Hyderabad / Secunderabad, Telangana",Hyderabad
SAP-SEED-03433,Master Data Analyst,Non-SAP / Ambiguous,6.0,5–7 years,Bengaluru / Bangalore,Bengaluru
SAP-SEED-03434,SAP Sd Consultant,SAP Sales / SD,8.92,8–11 years,"Hyderabad / Secunderabad, Telangana",Hyderabad
SAP-SEED-03435,Sap Fico,SAP Finance / FICO,10.83,8–11 years,"Hyderabad / Secunderabad, Telangana",Hyderabad
SAP-SEED-03436,Consultant,Non-SAP / Ambiguous,2.33,3–4 years,Bengaluru / Bangalore,Bengaluru
SAP-SEED-03437,Senior ABAP Developer,SAP ABAP / Development,9.08,8–11 years,Bengaluru / Bangalore,Bengaluru
SAP-SEED-03438,Application Consultant Developer,Non-SAP / Ambiguous,4.08,3–4 years,"Hyderabad / Secunderabad, Telangana",Hyderabad
SAP-SEED-03439,Associate Lead Consultant SAP FICO (Certified S4Hana Consultant),SAP Finance / FICO,9.33,8–11 years,"Hyderabad / Secunderabad, Telangana",Hyderabad
SAP-SEED-03440,Service Manager,Non-SAP / Ambiguous,4.17,3–4 years,"Hyderabad / Secunderabad, Telangana",Hyderabad
SAP-SEED-03441,Associate Consultant,Non-SAP / Ambiguous,3.33,3–4 years,Bengaluru / Bangalore,Bengaluru
SAP-SEED-03442,SAP Sd Consultant,SAP Sales / SD,3.25,3–4 years,Mumbai,Mumbai
SAP-SEED-03443,Functional Consultant Sap,SAP General / Consulting,7.33,5–7 years,"Hyderabad / Secunderabad, Telangana",Hyderabad
SAP-SEED-03444,Executive Sap,SAP General / Consulting,2.17,3–4 years,Bengaluru / Bangalore,Bengaluru
SAP-SEED-03445,Office,Non-SAP / Ambiguous,3.08,3–4 years,Bengaluru / Bangalore,Bengaluru
SAP-SEED-03446,Sap Consultant,SAP General / Consulting,3.58,3–4 years,Bengaluru / Bangalore,Bengaluru
SAP-SEED-03447,Sap ABAP Developer,SAP ABAP / Development,2.67,3–4 years,Bengaluru / Bangalore,Bengaluru
SAP-SEED-03448,SAP BW Consultant,SAP Analytics / BW,3.5,3–4 years,"Hyderabad / Secunderabad, Telangana",Hyderabad
SAP-SEED-03449,Graduate Engineer,Non-SAP / Ambiguous,2.5,3–4 years,Bengaluru / Bangalore,Bengaluru
SAP-SEED-03450,Sap Fico Consultant,SAP Finance / FICO,11.17,8–11 years,"Hyderabad / Secunderabad, Telangana",Hyderabad
SAP-SEED-03451,SAP,SAP General / Consulting,3.42,3–4 years,"Hyderabad / Secunderabad, Telangana",Hyderabad
SAP-SEED-03452,SAP BW Consultant,SAP Analytics / BW,3.33,3–4 years,Bengaluru / Bangalore,Bengaluru
SAP-SEED-03453,Sap ABAP Developer,SAP ABAP / Development,2.67,3–4 years,Bengaluru / Bangalore,Bengaluru
SAP-SEED-03454,Process Associate,Non-SAP / Ambiguous,3.0,3–4 years,"Hyderabad / Secunderabad, Telangana",Hyderabad
SAP-SEED-03455,Quality management system,Non-SAP / Ambiguous,3.08,3–4 years,Bengaluru / Bangalore,Bengaluru
SAP-SEED-03456,Sap Consultant,SAP General / Consulting,10.25,8–11 years,Bengaluru / Bangalore,Bengaluru
SAP-SEED-03457,Finance Associate,Non-SAP / Ambiguous,2.0,3–4 years,Bengaluru / Bangalore,Bengaluru
SAP-SEED-03458,Sap Basis Consultant,SAP Basis / Administration,4.25,3–4 years,"Hyderabad / Secunderabad, Telangana",Hyderabad
SAP-SEED-03459,Sap Business Analyst,SAP General / Consulting,6.17,5–7 years,Bengaluru / Bangalore,Bengaluru
SAP-SEED-03460,Software Engineer,Non-SAP / Ambiguous,3.67,3–4 years,Bengaluru / Bangalore,Bengaluru
SAP-SEED-03461,Senior Application Consultant,Non-SAP / Ambiguous,4.75,3–4 years,Mumbai City,Mumbai
SAP-SEED-03462,Quality Engineering Analyst,Non-SAP / Ambiguous,4.33,3–4 years,"Hyderabad / Secunderabad, Telangana",Hyderabad
SAP-SEED-03463,Sap ABAP Developer,SAP ABAP / Development,2.25,3–4 years,Kolkata,Kolkata
SAP-SEED-03464,SAP Sd Consultant,SAP Sales / SD,4.58,3–4 years,Bengaluru / Bangalore,Bengaluru
SAP-SEED-03465,Sap Lead Consultant,SAP General / Consulting,11.0,8–11 years,Bengaluru / Bangalore,Bengaluru
SAP-SEED-03466,SAP S4/Hana FI Consultant,SAP Finance / FICO,3.58,3–4 years,Bengaluru / Bangalore,Bengaluru
SAP-SEED-03467,SAP Account/Payable,SAP Finance / FICO,7.0,5–7 years,,Unknown
SAP-SEED-03468,Process Developer,Non-SAP / Ambiguous,4.92,3–4 years,"Hyderabad / Secunderabad, Telangana",Hyderabad
SAP-SEED-03469,SAP,SAP General / Consulting,3.83,3–4 years,"Hyderabad / Secunderabad, Telangana",Hyderabad
SAP-SEED-03470,SAP Sd Consultant,SAP Sales / SD,4.08,3–4 years,Ahmedabad,Ahmedabad
SAP-SEED-03471,Sap Consultant,SAP General / Consulting,5.33,5–7 years,Bengaluru / Bangalore,Bengaluru
SAP-SEED-03472,Senior Application Developer,Non-SAP / Ambiguous,3.08,3–4 years,Bengaluru / Bangalore,Bengaluru
SAP-SEED-03473,SAP MM Consultant,SAP Procurement / MM,7.0,5–7 years,"Hyderabad / Secunderabad, Telangana",Hyderabad
SAP-SEED-03474,Reporting Executive,Non-SAP / Ambiguous,1.17,0–2 years,Delhi,Delhi
SAP-SEED-03475,SAP SD Senior associates,SAP Sales / SD,9.83,8–11 years,Bengaluru / Bangalore,Bengaluru
SAP-SEED-03476,Software Developer,Non-SAP / Ambiguous,2.75,3–4 years,Pune,Pune
SAP-SEED-03477,Sap Ewm Consultant,SAP Warehouse / EWM,8.5,8–11 years,"Hyderabad / Secunderabad, Telangana",Hyderabad
SAP-SEED-03478,Sap Fico Consultant,SAP Finance / FICO,4.67,3–4 years,Bulandshahr,Bulandshahr
SAP-SEED-03479,Sap Team Member,SAP General / Consulting,2.08,3–4 years,Bengaluru / Bangalore,Bengaluru
SAP-SEED-03480,Business Operations Associate,Non-SAP / Ambiguous,3.33,3–4 years,Bengaluru / Bangalore,Bengaluru
SAP-SEED-03481,Sap ABAP Associate,SAP ABAP / Development,2.08,3–4 years,Pune,Pune
SAP-SEED-03482,SAP BW4 HANA Consultant,SAP HANA / Data,9.75,8–11 years,Bengaluru / Bangalore,Bengaluru
SAP-SEED-03483,Functional Consultant,Non-SAP / Ambiguous,4.25,3–4 years,Bengaluru / Bangalore,Bengaluru
SAP-SEED-03484,Relay Operations Center Specialist,Non-SAP / Ambiguous,4.33,3–4 years,"Hyderabad / Secunderabad, Telangana",Hyderabad
SAP-SEED-03485,SAP,SAP General / Consulting,9.0,8–11 years,"Hyderabad / Secunderabad, Telangana",Hyderabad
SAP-SEED-03486,SAP BW Consultant,SAP Analytics / BW,4.75,3–4 years,"Hyderabad / Secunderabad, Telangana",Hyderabad
SAP-SEED-03487,Senior Analyst,Non-SAP / Ambiguous,3.5,3–4 years,Bengaluru / Bangalore,Bengaluru
SAP-SEED-03488,Sr. Ex. Talent Acquisition Specialist,Non-SAP / Ambiguous,2.67,3–4 years,Muzaffarnagar,Muzaffarnagar
SAP-SEED-03489,Analyst,Non-SAP / Ambiguous,3.08,3–4 years,Bengaluru / Bangalore,Bengaluru
SAP-SEED-03490,Sap Consultant,SAP General / Consulting,4.08,3–4 years,"Hyderabad / Secunderabad, Telangana",Hyderabad
SAP-SEED-03491,SAP BW Technical Consultant,SAP Analytics / BW,4.42,3–4 years,Bengaluru / Bangalore,Bengaluru
SAP-SEED-03492,Master Data Analyst,Non-SAP / Ambiguous,8.25,8–11 years,Bengaluru / Bangalore,Bengaluru
SAP-SEED-03493,Sap Support,SAP General / Consulting,4.83,3–4 years,Pune,Pune
SAP-SEED-03494,SAP BW Consultant,SAP Analytics / BW,3.58,3–4 years,"Hyderabad / Secunderabad, Telangana",Hyderabad
SAP-SEED-03495,Data Engineer,Non-SAP / Ambiguous,9.0,8–11 years,"Hyderabad / Secunderabad, Telangana",Hyderabad
SAP-SEED-03496,Sap Senior Consultant,SAP General / Consulting,10.17,8–11 years,"Hyderabad / Secunderabad, Telangana",Hyderabad
SAP-SEED-03497,sap mm consultant,SAP Procurement / MM,5.17,5–7 years,Bengaluru / Bangalore,Bengaluru
SAP-SEED-03498,Sap Hana Consultant,SAP HANA / Data,3.67,3–4 years,Bengaluru / Bangalore,Bengaluru
SAP-SEED-03499,SAP,SAP General / Consulting,11.67,8–11 years,Bengaluru / Bangalore,Bengaluru
SAP-SEED-03500,SAP Hana Developer(Serving Notice Period),SAP HANA / Data,4.58,3–4 years,Bengaluru / Bangalore,Bengaluru
SAP-SEED-03501,SAP MM,SAP Procurement / MM,9.17,8–11 years,Bengaluru / Bangalore,Bengaluru
SAP-SEED-03502,Sap Fico,SAP Finance / FICO,3.83,3–4 years,Bengaluru / Bangalore,Bengaluru
SAP-SEED-03503,Senior Software Engineer,Non-SAP / Ambiguous,11.0,8–11 years,Bengaluru / Bangalore,Bengaluru
SAP-SEED-03504,Project Supervisor - SAP MM Associate Consultant,SAP Procurement / MM,7.0,5–7 years,Pune,Pune
SAP-SEED-03505,Sap Functional,SAP General / Consulting,2.83,3–4 years,"Hyderabad / Secunderabad, Telangana",Hyderabad
SAP-SEED-03506,Proprietor,Non-SAP / Ambiguous,4.0,3–4 years,"Hyderabad / Secunderabad, Telangana",Hyderabad
SAP-SEED-03507,SAP FICO Consultant,SAP Finance / FICO,6.83,5–7 years,"Hyderabad / Secunderabad, Telangana",Hyderabad
SAP-SEED-03508,SAP,SAP General / Consulting,2.5,3–4 years,Bengaluru / Bangalore,Bengaluru
SAP-SEED-03509,Senior Hr Executive,Non-SAP / Ambiguous,4.0,3–4 years,Gurugram,Gurugram
SAP-SEED-03510,SAP,SAP General / Consulting,9.92,8–11 years,Bengaluru / Bangalore,Bengaluru
SAP-SEED-03511,Sap Consultant,SAP General / Consulting,3.58,3–4 years,Bengaluru / Bangalore,Bengaluru
SAP-SEED-03512,SAP,SAP General / Consulting,7.08,5–7 years,Chennai,Chennai
SAP-SEED-03513,Senior Procurement Engineer,SAP Procurement / MM,7.17,5–7 years,Gurgaon / Gurugram,Gurugram
SAP-SEED-03514,Lead Technical Architect - SAP ABAP HANA,SAP ABAP / Development,11.5,8–11 years,Gurgaon / Gurugram,Gurugram
SAP-SEED-03515,Senior Analyst,Non-SAP / Ambiguous,9.42,8–11 years,"Hyderabad / Secunderabad, Telangana",Hyderabad
SAP-SEED-03516,Sap Consultant,SAP General / Consulting,3.58,3–4 years,Bengaluru / Bangalore,Bengaluru
SAP-SEED-03517,Sap Fico Consultant,SAP Finance / FICO,4.58,3–4 years,Bengaluru / Bangalore,Bengaluru
SAP-SEED-03518,SAP CPI Consultant,SAP Integration / CPI,2.42,3–4 years,Bengaluru / Bangalore,Bengaluru
SAP-SEED-03519,Senior Software Engineer,Non-SAP / Ambiguous,5.58,5–7 years,Bengaluru / Bangalore,Bengaluru
SAP-SEED-03520,Senior Analyst,Non-SAP / Ambiguous,8.58,8–11 years,"Hyderabad / Secunderabad, Telangana",Hyderabad
SAP-SEED-03521,Sap ABAP Consultant,SAP ABAP / Development,2.17,3–4 years,"Hyderabad / Secunderabad, Telangana",Hyderabad
SAP-SEED-03522,Packaged app development Sr Analyst,Non-SAP / Ambiguous,8.75,8–11 years,Bengaluru / Bangalore,Bengaluru
SAP-SEED-03523,SAP BW Technical Consultant,SAP Analytics / BW,6.08,5–7 years,"Hyderabad / Secunderabad, Telangana",Hyderabad
SAP-SEED-03524,Software Analyst,Non-SAP / Ambiguous,3.33,3–4 years,"Hyderabad / Secunderabad, Telangana",Hyderabad
SAP-SEED-03525,Sap Technical Consultant,SAP General / Consulting,4.42,3–4 years,"Hyderabad / Secunderabad, Telangana",Hyderabad
SAP-SEED-03526,Supply Chain Specialist,SAP Supply Chain / APO,2.25,3–4 years,"Hyderabad / Secunderabad, Telangana",Hyderabad
SAP-SEED-03527,Sap ABAP,SAP ABAP / Development,3.17,3–4 years,Bengaluru / Bangalore,Bengaluru
SAP-SEED-03528,Sap Fico Consultant,SAP Finance / FICO,8.0,8–11 years,"Hyderabad / Secunderabad, Telangana",Hyderabad
SAP-SEED-03529,Senior SAP SD Consultant,SAP Sales / SD,7.25,5–7 years,"Hyderabad / Secunderabad, Telangana",Hyderabad
SAP-SEED-03530,Life Advisor,Non-SAP / Ambiguous,2.0,3–4 years,Bengaluru / Bangalore,Bengaluru
SAP-SEED-03531,SAP SD Consultant,SAP Sales / SD,9.25,8–11 years,Bengaluru / Bangalore,Bengaluru
SAP-SEED-03532,SAP Pi Consultant,SAP Integration / CPI,3.0,3–4 years,"Hyderabad / Secunderabad, Telangana",Hyderabad
SAP-SEED-03533,Sap ABAP Consultant,SAP ABAP / Development,9.5,8–11 years,"Hyderabad / Secunderabad, Telangana",Hyderabad
SAP-SEED-03534,SAP BW Consultant,SAP Analytics / BW,7.42,5–7 years,Bengaluru / Bangalore,Bengaluru
SAP-SEED-03535,Sap Consultant,SAP General / Consulting,4.25,3–4 years,"Hyderabad / Secunderabad, Telangana",Hyderabad
SAP-SEED-03536,Technical Consultant,Non-SAP / Ambiguous,2.17,3–4 years,Bengaluru / Bangalore,Bengaluru
SAP-SEED-03537,Sap Fico,SAP Finance / FICO,3.0,3–4 years,"Hyderabad / Secunderabad, Telangana",Hyderabad
SAP-SEED-03538,Junior SAP MM Consultant,SAP Procurement / MM,2.0,3–4 years,Bengaluru / Bangalore,Bengaluru
SAP-SEED-03539,Financial Analyst,Non-SAP / Ambiguous,7.83,5–7 years,Bengaluru / Bangalore,Bengaluru
SAP-SEED-03540,Sap Fico Analyst,SAP Finance / FICO,3.42,3–4 years,Bengaluru / Bangalore,Bengaluru
SAP-SEED-03541,Senior Talent Acquisition RPO,SAP Integration / CPI,6.0,5–7 years,Bengaluru / Bangalore,Bengaluru
SAP-SEED-03542,Sap Materials Management Consultant,SAP General / Consulting,6.17,5–7 years,Bengaluru / Bangalore,Bengaluru
SAP-SEED-03543,Sap ABAP Developer,SAP ABAP / Development,3.5,3–4 years,Bengaluru / Bangalore,Bengaluru
SAP-SEED-03544,sap mm consultant,SAP Procurement / MM,5.5,5–7 years,Bengaluru / Bangalore,Bengaluru
SAP-SEED-03545,Sap Fico Cons,SAP Finance / FICO,7.0,5–7 years,Bengaluru / Bangalore,Bengaluru
SAP-SEED-03546,Associate Consultant at Merck LEAN,Non-SAP / Ambiguous,8.75,8–11 years,"Hyderabad / Secunderabad, Telangana",Hyderabad
SAP-SEED-03547,SAP Sd Consultant,SAP Sales / SD,5.58,5–7 years,"Hyderabad / Secunderabad, Telangana",Hyderabad
SAP-SEED-03548,Manager,Non-SAP / Ambiguous,14.0,12+ years,Bengaluru / Bangalore,Bengaluru
SAP-SEED-03549,Senior SAP Successfactors Consultant,SAP HCM / SuccessFactors,21.58,12+ years,Mumbai,Mumbai
SAP-SEED-03550,SAP WM EWM CONSULTANT,SAP Warehouse / EWM,9.08,8–11 years,Bengaluru / Bangalore,Bengaluru
SAP-SEED-03551,Programmer Analyst,Non-SAP / Ambiguous,5.0,5–7 years,"Hyderabad / Secunderabad, Telangana",Hyderabad
SAP-SEED-03552,SAP MM Consultant,SAP Procurement / MM,2.67,3–4 years,Bengaluru / Bangalore,Bengaluru
SAP-SEED-03553,Associate Consultant SAP MM,SAP Procurement / MM,4.0,3–4 years,Chennai,Chennai
SAP-SEED-03554,Consultant,Non-SAP / Ambiguous,1.0,0–2 years,Bengaluru / Bangalore,Bengaluru
SAP-SEED-03555,Sap ABAP Developer,SAP ABAP / Development,9.0,8–11 years,Bengaluru / Bangalore,Bengaluru
SAP-SEED-03556,Senior Associate,Non-SAP / Ambiguous,5.17,5–7 years,Gurgaon / Gurugram,Gurugram
SAP-SEED-03557,Sap ABAP Consultant,SAP ABAP / Development,3.92,3–4 years,Noida,Noida
SAP-SEED-03558,Sap Tm Consultant,SAP Transportation / TM,5.83,5–7 years,Bengaluru / Bangalore,Bengaluru
SAP-SEED-03559,PACKAGE SPECIALIST-SAP HANA SCM MM,SAP Procurement / MM,4.58,3–4 years,"Hyderabad / Secunderabad, Telangana",Hyderabad
SAP-SEED-03560,SAP BW Consultant,SAP Analytics / BW,3.17,3–4 years,Bengaluru / Bangalore,Bengaluru
SAP-SEED-03561,SAP Sd Consultant,SAP Sales / SD,4.0,3–4 years,"Hyderabad / Secunderabad, Telangana",Hyderabad
SAP-SEED-03562,Senior Consultant,Non-SAP / Ambiguous,3.92,3–4 years,Bengaluru / Bangalore,Bengaluru
SAP-SEED-03563,Sap Fico Consultant,SAP Finance / FICO,3.17,3–4 years,Gurgaon / Gurugram,Gurugram
SAP-SEED-03564,SAP SD consultant,SAP Sales / SD,8.17,8–11 years,Bengaluru / Bangalore,Bengaluru
SAP-SEED-03565,Associate Consultant,Non-SAP / Ambiguous,2.92,3–4 years,Bengaluru / Bangalore,Bengaluru
SAP-SEED-03566,Consultanat Lead Generation..,Non-SAP / Ambiguous,10.25,8–11 years,"Hyderabad / Secunderabad, Telangana",Hyderabad
SAP-SEED-03567,Data Analyst,Non-SAP / Ambiguous,6.75,5–7 years,"Hyderabad / Secunderabad, Telangana",Hyderabad
SAP-SEED-03568,Finance Analyst,Non-SAP / Ambiguous,4.25,3–4 years,Bengaluru / Bangalore,Bengaluru
SAP-SEED-03569,Associate Consultant,Non-SAP / Ambiguous,2.17,3–4 years,Bengaluru / Bangalore,Bengaluru
SAP-SEED-03570,SAP Hana,SAP HANA / Data,11.0,8–11 years,Bengaluru,Bengaluru
SAP-SEED-03571,SAP Hana,SAP HANA / Data,10.0,8–11 years,Bengaluru,Bengaluru
SAP-SEED-03572,SAP Hana,SAP HANA / Data,6.0,5–7 years,Pune,Pune
SAP-SEED-03573,SAP Hana,SAP HANA / Data,10.0,8–11 years,Bengaluru,Bengaluru
SAP-SEED-03574,SAP Hana,SAP HANA / Data,6.0,5–7 years,Guwahati,Guwahati
SAP-SEED-03575,SAP Hana,SAP HANA / Data,12.0,12+ years,New Delhi,Delhi
SAP-SEED-03576,SAP Hana,SAP HANA / Data,4.0,3–4 years,Hyderabad,Hyderabad
SAP-SEED-03577,SAP Hana,SAP HANA / Data,2.17,3–4 years,Bengaluru,Bengaluru
SAP-SEED-03578,SAP Hana,SAP HANA / Data,12.42,12+ years,Gurugram,Gurugram
SAP-SEED-03579,SAP Hana,SAP HANA / Data,9.33,8–11 years,Visakhapatnam,Visakhapatnam
SAP-SEED-03580,SAP Hana,SAP HANA / Data,15.0,12+ years,New Delhi,Delhi
SAP-SEED-03581,SAP Hana,SAP HANA / Data,6.42,5–7 years,New Delhi,Delhi
SAP-SEED-03582,SAP Hana,SAP HANA / Data,4.0,3–4 years,Hyderabad,Hyderabad
SAP-SEED-03583,SAP Hana,SAP HANA / Data,5.75,5–7 years,Rajkot,Rajkot
SAP-SEED-03584,SAP Hana,SAP HANA / Data,4.0,3–4 years,Hyderabad,Hyderabad
SAP-SEED-03585,SAP Hana,SAP HANA / Data,3.08,3–4 years,Bengaluru,Bengaluru
SAP-SEED-03586,SAP Hana,SAP HANA / Data,3.67,3–4 years,Ahmedabad,Ahmedabad
SAP-SEED-03587,SAP Hana,SAP HANA / Data,4.0,3–4 years,Navi Mumbai,Mumbai
SAP-SEED-03588,SAP Hana,SAP HANA / Data,3.0,3–4 years,New Delhi,Delhi
SAP-SEED-03589,SAP Hana,SAP HANA / Data,4.0,3–4 years,Kolkata,Kolkata
SAP-SEED-03590,SAP Hana,SAP HANA / Data,2.0,3–4 years,Hyderabad,Hyderabad
SAP-SEED-03591,SAP Hana,SAP HANA / Data,3.33,3–4 years,Hyderabad,Hyderabad
SAP-SEED-03592,SAP Hana,SAP HANA / Data,2.0,3–4 years,Mumbai,Mumbai
SAP-SEED-03593,SAP Hana,SAP HANA / Data,2.25,3–4 years,Gurugram,Gurugram
SAP-SEED-03594,SAP Hana,SAP HANA / Data,3.08,3–4 years,Sullurpeta,Sullurpeta
SAP-SEED-03595,Sap ABAP Developer,SAP ABAP / Development,2.67,3–4 years,Delhi,Delhi
SAP-SEED-03596,Sap Fico,SAP Finance / FICO,4.08,3–4 years,"Hyderabad / Secunderabad, Telangana",Hyderabad
SAP-SEED-03597,Senior Software Developer,Non-SAP / Ambiguous,5.33,5–7 years,Delhi,Delhi
SAP-SEED-03598,Sap ABAP Consultant,SAP ABAP / Development,2.25,3–4 years,Mumbai,Mumbai
SAP-SEED-03599,Sap Fico Consultant,SAP Finance / FICO,3.17,3–4 years,Jaipur,Jaipur
SAP-SEED-03600,Analyst,Non-SAP / Ambiguous,3.75,3–4 years,Noida,Noida
SAP-SEED-03601,SAP Account/Payable,SAP Finance / FICO,13.67,12+ years,Mumbai,Mumbai
SAP-SEED-03602,Human Resource Executive,SAP Procurement / MM,3.33,3–4 years,Bengaluru / Bangalore,Bengaluru
SAP-SEED-03603,Associate Business Analyst,Non-SAP / Ambiguous,6.17,5–7 years,Chennai,Chennai
SAP-SEED-03604,Associate consultant SAP ABAP,SAP ABAP / Development,7.0,5–7 years,Pune,Pune
SAP-SEED-03605,Sap ABAP Associate Consultant,SAP ABAP / Development,2.17,3–4 years,Pune,Pune
SAP-SEED-03606,Sap Fico,SAP Finance / FICO,2.0,3–4 years,Mysore,Mysore
SAP-SEED-03607,SAP ABAP & UI5 Developer,SAP ABAP / Development,14.5,12+ years,Egypt,Egypt
SAP-SEED-03608,SAP,SAP General / Consulting,4.33,3–4 years,Wayanad,Wayanad
SAP-SEED-03609,Sap Fico,SAP Finance / FICO,4.67,3–4 years,Bengaluru / Bangalore,Bengaluru
SAP-SEED-03610,Sap ABAP Consultant,SAP ABAP / Development,4.58,3–4 years,Coimbatore,Coimbatore
SAP-SEED-03611,Sap ABAP,SAP ABAP / Development,4.5,3–4 years,Chennai,Chennai
SAP-SEED-03612,Sap ABAP Consultant,SAP ABAP / Development,14.25,12+ years,Saudi Arabia,Saudi Arabia
SAP-SEED-03613,Senior Analyst,Non-SAP / Ambiguous,2.0,3–4 years,Gwalior,Gwalior
SAP-SEED-03614,Sap Fico Cons,SAP Finance / FICO,4.58,3–4 years,"Hyderabad / Secunderabad, Telangana",Hyderabad
SAP-SEED-03615,SAP Fico Functional Consultant,SAP Finance / FICO,6.42,5–7 years,Ujjain,Ujjain
SAP-SEED-03616,Relationship Manager,Non-SAP / Ambiguous,6.25,5–7 years,"Hyderabad / Secunderabad, Telangana",Hyderabad
SAP-SEED-03617,Process specialist sap fico consultant,SAP Finance / FICO,7.58,5–7 years,Chennai,Chennai
SAP-SEED-03618,Sap Fico Consultant,SAP Finance / FICO,3.83,3–4 years,Jaipur,Jaipur
SAP-SEED-03619,Senior Analyst,Non-SAP / Ambiguous,4.33,3–4 years,Bengaluru / Bangalore,Bengaluru
SAP-SEED-03620,Sap Fico Consultant,SAP Finance / FICO,3.42,3–4 years,Bengaluru / Bangalore,Bengaluru
SAP-SEED-03621,Sap Fico Consultant,SAP Finance / FICO,5.17,5–7 years,Bengaluru / Bangalore,Bengaluru
SAP-SEED-03622,SAP Account/Payable,SAP Finance / FICO,12.92,12+ years,Indore,Indore
SAP-SEED-03623,Sap ABAP Consultant,SAP ABAP / Development,6.33,5–7 years,"Hyderabad / Secunderabad, Telangana",Hyderabad
SAP-SEED-03624,Sap Fico,SAP Finance / FICO,8.83,8–11 years,"Hyderabad / Secunderabad, Telangana",Hyderabad
SAP-SEED-03625,Sap Fico,SAP Finance / FICO,14.42,12+ years,"Hyderabad / Secunderabad, Telangana",Hyderabad
SAP-SEED-03626,Senior Systems Analyst,Non-SAP / Ambiguous,13.58,12+ years,Singapore,Singapore
SAP-SEED-03627,SAP Account/Payable,SAP Finance / FICO,4.0,3–4 years,Pune,Pune
SAP-SEED-03628,Sr. SAP FICO Consultant,SAP Finance / FICO,6.08,5–7 years,Bengaluru / Bangalore,Bengaluru
SAP-SEED-03629,Sap ABAP Consult,SAP ABAP / Development,12.92,12+ years,Mumbai,Mumbai
SAP-SEED-03630,SAP,SAP General / Consulting,2.67,3–4 years,Patna,Patna
SAP-SEED-03631,Packaged Application Development Analyst,Non-SAP / Ambiguous,4.17,3–4 years,Pune,Pune
SAP-SEED-03632,Sap Fico Trainee,SAP Finance / FICO,5.5,5–7 years,Thiruvananthapuram / Trivandrum,Thiruvananthapuram / Trivandrum
SAP-SEED-03633,SAP,SAP General / Consulting,9.92,8–11 years,Chandigarh,Chandigarh
SAP-SEED-03634,Sap ABAP Consult,SAP ABAP / Development,2.25,3–4 years,Bengaluru / Bangalore,Bengaluru
SAP-SEED-03635,Sap Fico,SAP Finance / FICO,3.67,3–4 years,Vijayawada,Vijayawada
SAP-SEED-03636,Sap Fico Consultant,SAP Finance / FICO,2.17,3–4 years,Bengaluru / Bangalore,Bengaluru
SAP-SEED-03637,SAP Account/Payable,SAP Finance / FICO,6.75,5–7 years,Pune,Pune
SAP-SEED-03638,Sap Fico Consultant,SAP Finance / FICO,4.33,3–4 years,"Hyderabad, Uttar Pradesh",Hyderabad
SAP-SEED-03639,Project Engineer,SAP Project Systems / PS,3.08,3–4 years,"Hyderabad / Secunderabad, Telangana",Hyderabad
SAP-SEED-03640,Sap ABAP Developer,SAP ABAP / Development,2.83,3–4 years,Guntur,Guntur
SAP-SEED-03641,Criative Engineer,Non-SAP / Ambiguous,2.5,3–4 years,Bengaluru / Bangalore,Bengaluru
SAP-SEED-03642,Sap ABAP,SAP ABAP / Development,2.25,3–4 years,Gurgaon / Gurugram,Gurugram
SAP-SEED-03643,Sap ABAP Associate Consultant,SAP ABAP / Development,2.42,3–4 years,"Hyderabad / Secunderabad, Telangana",Hyderabad
SAP-SEED-03644,SAP Account/Payable,SAP Finance / FICO,13.17,12+ years,Chennai,Chennai
SAP-SEED-03645,SAP,SAP General / Consulting,3.0,3–4 years,Erode,Erode
SAP-SEED-03646,ABAP Consultant,SAP ABAP / Development,2.75,3–4 years,Ongole,Ongole
SAP-SEED-03647,Process Associate,Non-SAP / Ambiguous,3.92,3–4 years,"Hyderabad / Secunderabad, Telangana",Hyderabad
SAP-SEED-03648,Sap ABAP Consultant,SAP ABAP / Development,3.0,3–4 years,"Hyderabad / Secunderabad, Telangana",Hyderabad
SAP-SEED-03649,Consultant-1,Non-SAP / Ambiguous,8.33,8–11 years,"Hyderabad / Secunderabad, Telangana",Hyderabad
SAP-SEED-03650,Sap Fico Consultant,SAP Finance / FICO,14.25,12+ years,Australia,Australia
SAP-SEED-03651,Sap ABAP Consultant,SAP ABAP / Development,9.0,8–11 years,"Hyderabad / Secunderabad, Telangana",Hyderabad
SAP-SEED-03652,Sap Fico,SAP Finance / FICO,2.75,3–4 years,Mumbai City,Mumbai
SAP-SEED-03653,Junior Frontend Developer,Non-SAP / Ambiguous,2.17,3–4 years,Chennai,Chennai
SAP-SEED-03654,SAP FICO Functional Consultant,SAP Finance / FICO,14.58,12+ years,Bengaluru / Bangalore,Bengaluru
SAP-SEED-03655,Sap Fico Cons,SAP Finance / FICO,5.25,5–7 years,Mumbai,Mumbai
SAP-SEED-03656,Application Developer : SAP ABAP HANA,SAP ABAP / Development,7.0,5–7 years,Chennai,Chennai
SAP-SEED-03657,SAP FICO CONSULTANT,SAP Finance / FICO,8.75,8–11 years,Bengaluru / Bangalore,Bengaluru
SAP-SEED-03658,Sap Fico Cons,SAP Finance / FICO,2.92,3–4 years,Bengaluru / Bangalore,Bengaluru
SAP-SEED-03659,Sap Fico Consultant,SAP Finance / FICO,5.0,5–7 years,Pune,Pune
SAP-SEED-03660,Sap ABAP Developer,SAP ABAP / Development,2.25,3–4 years,Vellore,Vellore
SAP-SEED-03661,Sap ABAP Consultant,SAP ABAP / Development,2.08,3–4 years,Bengaluru / Bangalore,Bengaluru
SAP-SEED-03662,Finance Executive,Non-SAP / Ambiguous,4.0,3–4 years,"Hyderabad / Secunderabad, Telangana",Hyderabad
SAP-SEED-03663,SAP FICO Assistant Consultant,SAP Finance / FICO,9.58,8–11 years,"Hyderabad / Secunderabad, Telangana",Hyderabad
SAP-SEED-03664,Sap ABAP Consult,SAP ABAP / Development,9.0,8–11 years,Bengaluru / Bangalore,Bengaluru
SAP-SEED-03665,SAP Fico,SAP Finance / FICO,2.33,3–4 years,Bengaluru / Bangalore,Bengaluru
SAP-SEED-03666,SAP ABAP Technical Consultant,SAP ABAP / Development,11.25,8–11 years,Bengaluru / Bangalore,Bengaluru
SAP-SEED-03667,Sap ABAP Specialist,SAP ABAP / Development,14.42,12+ years,India,India
SAP-SEED-03668,Senior SAP ABAP Consultant,SAP ABAP / Development,11.17,8–11 years,Kuala Lumpur,Kuala Lumpur
SAP-SEED-03669,ABAP Consultant,SAP ABAP / Development,13.0,12+ years,"Hyderabad / Secunderabad, Telangana",Hyderabad
SAP-SEED-03670,Process Developer,Non-SAP / Ambiguous,2.5,3–4 years,Mathura,Mathura
SAP-SEED-03671,Sap Fico,SAP Finance / FICO,4.17,3–4 years,Bengaluru / Bangalore,Bengaluru
SAP-SEED-03672,Sap Fico Consultant,SAP Finance / FICO,2.33,3–4 years,Pune,Pune
SAP-SEED-03673,Sap ABAP Consultant,SAP ABAP / Development,6.58,5–7 years,Pune,Pune
SAP-SEED-03674,SAP Account/Payable,SAP Finance / FICO,3.0,3–4 years,Delhi,Delhi
SAP-SEED-03675,HR Specialist,Non-SAP / Ambiguous,5.58,5–7 years,Bengaluru / Bangalore,Bengaluru
SAP-SEED-03676,Sap ABAP Developer,SAP ABAP / Development,3.92,3–4 years,Mumbai,Mumbai
SAP-SEED-03677,Sap Functional Consultant,SAP General / Consulting,11.0,8–11 years,"Hyderabad / Secunderabad, Telangana",Hyderabad
SAP-SEED-03678,Sap Fico Consultant,SAP Finance / FICO,12.0,12+ years,Vadodara,Vadodara
SAP-SEED-03679,Sap ABAP Consultant,SAP ABAP / Development,6.83,5–7 years,Allahabad / Prayagraj,Allahabad / Prayagraj
SAP-SEED-03680,Sap Fico Consultant,SAP Finance / FICO,6.0,5–7 years,Bengaluru / Bangalore,Bengaluru
SAP-SEED-03681,Sap Fico Consultant,SAP Finance / FICO,4.08,3–4 years,Bengaluru / Bangalore,Bengaluru
SAP-SEED-03682,Sap ABAP Consultant,SAP ABAP / Development,3.5,3–4 years,Cochin / Kochi / Ernakulam,Cochin / Kochi / Ernakulam
SAP-SEED-03683,Sap Fico,SAP Finance / FICO,9.42,8–11 years,"Hyderabad / Secunderabad, Telangana",Hyderabad
SAP-SEED-03684,Sap Fico Consultant,SAP Finance / FICO,5.92,5–7 years,"Hyderabad / Secunderabad, Telangana",Hyderabad
SAP-SEED-03685,Sap ABAP Consultant,SAP ABAP / Development,3.17,3–4 years,"Hyderabad / Secunderabad, Telangana",Hyderabad
SAP-SEED-03686,Sap Fico,SAP Finance / FICO,3.0,3–4 years,"Hyderabad / Secunderabad, Telangana",Hyderabad
SAP-SEED-03687,SAP ABAP HR Consulant,SAP ABAP / Development,5.0,5–7 years,"Hyderabad / Secunderabad, Telangana",Hyderabad
SAP-SEED-03688,Sap ABAP Consult,SAP ABAP / Development,12.08,12+ years,Bengaluru / Bangalore,Bengaluru
SAP-SEED-03689,Sap Fico Consultant,SAP Finance / FICO,2.08,3–4 years,Bengaluru / Bangalore,Bengaluru
SAP-SEED-03690,Sap Fico,SAP Finance / FICO,5.33,5–7 years,"Hyderabad / Secunderabad, Telangana",Hyderabad
SAP-SEED-03691,Sap Fico Consultant,SAP Finance / FICO,5.0,5–7 years,Bengaluru / Bangalore,Bengaluru
SAP-SEED-03692,Sap ABAP Developer,SAP ABAP / Development,3.0,3–4 years,India,India
SAP-SEED-03693,Sap Fico,SAP Finance / FICO,2.0,3–4 years,Chennai,Chennai
SAP-SEED-03694,Sap ABAP Developer,SAP ABAP / Development,3.42,3–4 years,Bengaluru / Bangalore,Bengaluru
SAP-SEED-03695,SAP Account/Payable,SAP Finance / FICO,4.42,3–4 years,Cuttack,Cuttack
SAP-SEED-03696,SAP Fico Functional Consultant,SAP Finance / FICO,4.42,3–4 years,Mumbai,Mumbai
SAP-SEED-03697,Sap ABAP Consult,SAP ABAP / Development,3.58,3–4 years,"Hyderabad / Secunderabad, Telangana",Hyderabad
SAP-SEED-03698,Sap ABAP Consultant,SAP ABAP / Development,5.5,5–7 years,"Hyderabad / Secunderabad, Telangana",Hyderabad
SAP-SEED-03699,Sap Fico,SAP Finance / FICO,10.67,8–11 years,Durg,Durg
SAP-SEED-03700,SAP Account/Payable,SAP Finance / FICO,2.17,3–4 years,Kushinagar,Kushinagar
SAP-SEED-03701,Sap Fico Consultant,SAP Finance / FICO,3.33,3–4 years,Bengaluru / Bangalore,Bengaluru
SAP-SEED-03702,Sap ABAP Developer,SAP ABAP / Development,3.25,3–4 years,Pune,Pune
SAP-SEED-03703,Sap End User,SAP General / Consulting,5.58,5–7 years,Guntur,Guntur
SAP-SEED-03704,Sap Fico Consultant,SAP Finance / FICO,4.08,3–4 years,Hosur,Hosur
SAP-SEED-03705,Sap Test Manager,SAP General / Consulting,14.75,12+ years,Bengaluru / Bangalore,Bengaluru
SAP-SEED-03706,Sap Fico,SAP Finance / FICO,4.58,3–4 years,Bhopal,Bhopal
SAP-SEED-03707,Sap abap developer,SAP ABAP / Development,2.67,3–4 years,Chittoor,Chittoor
SAP-SEED-03708,Sap Fico Consultant,SAP Finance / FICO,8.08,8–11 years,"Hyderabad / Secunderabad, Telangana",Hyderabad
SAP-SEED-03709,Sap ABAP Programmer,SAP ABAP / Development,3.33,3–4 years,"Hyderabad, Uttar Pradesh",Hyderabad
SAP-SEED-03710,Sap ABAP Consultant,SAP ABAP / Development,4.0,3–4 years,Bengaluru / Bangalore,Bengaluru
SAP-SEED-03711,Sap Fico Consultant,SAP Finance / FICO,2.17,3–4 years,"Hyderabad / Secunderabad, Telangana",Hyderabad
SAP-SEED-03712,Sap Fico Consultant,SAP Finance / FICO,14.67,12+ years,Bengaluru / Bangalore,Bengaluru
SAP-SEED-03713,Integration Architect,SAP Integration / CPI,14.0,12+ years,Bengaluru / Bangalore,Bengaluru
SAP-SEED-03714,ASE,Non-SAP / Ambiguous,2.75,3–4 years,Paralakhemundi,Paralakhemundi
SAP-SEED-03715,Sap Fico Consultant,SAP Finance / FICO,2.92,3–4 years,Mumbai,Mumbai
SAP-SEED-03716,Sap ABAP Consult,SAP ABAP / Development,8.25,8–11 years,Kuala Lumpur,Kuala Lumpur
SAP-SEED-03717,SAP ABAP Technical Consultant,SAP ABAP / Development,2.0,3–4 years,India,India
SAP-SEED-03718,Sr. SAP MM Consultant,SAP Procurement / MM,8.17,8–11 years,Pune,Pune
SAP-SEED-03719,Sap ABAP Consultant,SAP ABAP / Development,3.92,3–4 years,"Hyderabad / Secunderabad, Telangana",Hyderabad
SAP-SEED-03720,Sap Fico Consultant,SAP Finance / FICO,4.58,3–4 years,Gurgaon / Gurugram,Gurugram
SAP-SEED-03721,ACCOUNTANT (SAP - FICO),SAP Finance / FICO,16.0,12+ years,Belgaum,Belgaum
SAP-SEED-03722,Sap Fico Consultant,SAP Finance / FICO,12.0,12+ years,"Hyderabad / Secunderabad, Telangana",Hyderabad
SAP-SEED-03723,Functional Consultant,Non-SAP / Ambiguous,9.92,8–11 years,Bengaluru / Bangalore,Bengaluru
SAP-SEED-03724,SCM Executive,Non-SAP / Ambiguous,5.67,5–7 years,Nashik,Nashik
SAP-SEED-03725,Sr. SAP ABAP Consultant,SAP ABAP / Development,13.25,12+ years,Singapore,Singapore
SAP-SEED-03726,Sap Fico,SAP Finance / FICO,14.25,12+ years,Bengaluru / Bangalore,Bengaluru
SAP-SEED-03727,Sap Fico Consultant,SAP Finance / FICO,8.0,8–11 years,"Hyderabad / Secunderabad, Telangana",Hyderabad
SAP-SEED-03728,Sap Fico,SAP Finance / FICO,2.33,3–4 years,Yavatmal,Yavatmal
SAP-SEED-03729,Sap ABAP Developer,SAP ABAP / Development,3.25,3–4 years,Pune,Pune
SAP-SEED-03730,SAP,SAP General / Consulting,3.67,3–4 years,Ambernath,Ambernath
SAP-SEED-03731,Quality Engineering Analyst,Non-SAP / Ambiguous,2.92,3–4 years,Chennai,Chennai
SAP-SEED-03732,Sap Consultant,SAP General / Consulting,6.33,5–7 years,Singapore,Singapore
SAP-SEED-03733,Sap Fico,SAP Finance / FICO,8.33,8–11 years,"Hyderabad / Secunderabad, Telangana",Hyderabad
SAP-SEED-03734,Sap Fico Executive,SAP Finance / FICO,2.17,3–4 years,Vizianagaram,Vizianagaram
SAP-SEED-03735,Sap Fico Consultant,SAP Finance / FICO,4.92,3–4 years,"Hyderabad / Secunderabad, Telangana",Hyderabad
SAP-SEED-03736,Sap ABAP Consult,SAP ABAP / Development,7.33,5–7 years,Jhansi,Jhansi
SAP-SEED-03737,SAP Consultant,SAP General / Consulting,5.08,5–7 years,"Hyderabad / Secunderabad, Telangana",Hyderabad
SAP-SEED-03738,Software development,Non-SAP / Ambiguous,2.25,3–4 years,Namakkal,Namakkal
SAP-SEED-03739,Sap ABAP Consultant,SAP ABAP / Development,3.33,3–4 years,Thiruvananthapuram / Trivandrum,Thiruvananthapuram / Trivandrum
SAP-SEED-03740,Sap Fico Consultant,SAP Finance / FICO,5.0,5–7 years,Chennai,Chennai
SAP-SEED-03741,SAP FICO S4 Hana Functional Consultant,SAP Finance / FICO,7.42,5–7 years,Chennai,Chennai
SAP-SEED-03742,Sap ABAP Consultant,SAP ABAP / Development,4.17,3–4 years,Bengaluru / Bangalore,Bengaluru
SAP-SEED-03743,Sales Support Engineer,SAP Sales / SD,9.58,8–11 years,Pune,Pune
SAP-SEED-03744,Sap Fico Consultant,SAP Finance / FICO,5.92,5–7 years,Bengaluru / Bangalore,Bengaluru
SAP-SEED-03745,Senior Analyst II – ERP Package Applications (SAP ABAP Technical Consultant),SAP ABAP / Development,7.67,5–7 years,Pandi,Pandi
SAP-SEED-03746,Sr team lead,Non-SAP / Ambiguous,15.17,12+ years,Bengaluru / Bangalore,Bengaluru
SAP-SEED-03747,Sap ABAP Associate,SAP ABAP / Development,2.83,3–4 years,Kolkata,Kolkata
SAP-SEED-03748,SAP FICO Intern,SAP Finance / FICO,4.92,3–4 years,Noida,Noida
SAP-SEED-03749,SAP Account/Payable,SAP Finance / FICO,7.0,5–7 years,Belgaum,Belgaum
SAP-SEED-03750,Process Associate,Non-SAP / Ambiguous,2.33,3–4 years,Kolkata,Kolkata
SAP-SEED-03751,Sap ABAP Developer,SAP ABAP / Development,3.08,3–4 years,Chennai,Chennai
SAP-SEED-03752,Sap Fico Consultant,SAP Finance / FICO,2.17,3–4 years,Bengaluru / Bangalore,Bengaluru
SAP-SEED-03753,Sap Fico,SAP Finance / FICO,8.0,8–11 years,Bengaluru / Bangalore,Bengaluru
SAP-SEED-03754,Sap Fico Cons,SAP Finance / FICO,5.42,5–7 years,"Hyderabad / Secunderabad, Telangana",Hyderabad
SAP-SEED-03755,Associate Consultant Sap,SAP General / Consulting,2.08,3–4 years,Pune,Pune
SAP-SEED-03756,Lead Engineer,Non-SAP / Ambiguous,3.0,3–4 years,Bengaluru / Bangalore,Bengaluru
SAP-SEED-03757,Senior SAP FICO Consultant,SAP Finance / FICO,6.67,5–7 years,Bengaluru / Bangalore,Bengaluru
SAP-SEED-03758,SAP FICO Consultant Intern,SAP Finance / FICO,2.75,3–4 years,Gurgaon / Gurugram,Gurugram
SAP-SEED-03759,SAP Fico Functional Consultant,SAP Finance / FICO,2.33,3–4 years,Bengaluru / Bangalore,Bengaluru
SAP-SEED-03760,Sap ABAP Consult,SAP ABAP / Development,2.25,3–4 years,Kadapa,Kadapa
SAP-SEED-03761,Sap Fico Analyst,SAP Finance / FICO,4.67,3–4 years,"Hyderabad / Secunderabad, Telangana",Hyderabad
SAP-SEED-03762,Sap ABAP Consultant,SAP ABAP / Development,3.0,3–4 years,Chennai,Chennai
SAP-SEED-03763,Sap ABAP,SAP ABAP / Development,2.58,3–4 years,Bengaluru / Bangalore,Bengaluru
SAP-SEED-03764,ABAP Consultant,SAP ABAP / Development,9.42,8–11 years,Bengaluru / Bangalore,Bengaluru
SAP-SEED-03765,Senior Analyst,Non-SAP / Ambiguous,3.08,3–4 years,Bengaluru / Bangalore,Bengaluru
SAP-SEED-03766,Sap ABAP Consultant,SAP ABAP / Development,9.67,8–11 years,Visakhapatnam,Visakhapatnam
SAP-SEED-03767,Binary wave solutions pvt ltd,SAP Analytics / BW,14.83,12+ years,Chennai,Chennai
SAP-SEED-03768,Senior Project Engineer,SAP Project Systems / PS,8.33,8–11 years,Chittaurgarh,Chittaurgarh
SAP-SEED-03769,Sap ABAP,SAP ABAP / Development,4.17,3–4 years,Vijayawada,Vijayawada
SAP-SEED-03770,Sap Fico Analyst,SAP Finance / FICO,3.58,3–4 years,Namakkal,Namakkal
SAP-SEED-03771,Senior SAP ABAP / ISU/IDEX Consultant,SAP ABAP / Development,14.17,12+ years,Singapore,Singapore
SAP-SEED-03772,SAP Account/Payable,SAP Finance / FICO,2.67,3–4 years,Mumbai,Mumbai
SAP-SEED-03773,Compliance/Chargeback Specialist,Non-SAP / Ambiguous,4.0,3–4 years,Bengaluru / Bangalore,Bengaluru
SAP-SEED-03774,Sap abap consultant,SAP ABAP / Development,2.25,3–4 years,Coimbatore,Coimbatore
SAP-SEED-03775,SAP,SAP General / Consulting,3.08,3–4 years,Bengaluru / Bangalore,Bengaluru
SAP-SEED-03776,Manager,Non-SAP / Ambiguous,3.5,3–4 years,Faridabad,Faridabad
SAP-SEED-03777,Associate Consultant,Non-SAP / Ambiguous,3.0,3–4 years,Bengaluru / Bangalore,Bengaluru
SAP-SEED-03778,Sap ABAP,SAP ABAP / Development,2.75,3–4 years,Coimbatore,Coimbatore
SAP-SEED-03779,Sap Fico Consultant,SAP Finance / FICO,7.42,5–7 years,Bengaluru / Bangalore,Bengaluru
SAP-SEED-03780,SAP Account/Payable,SAP Finance / FICO,5.33,5–7 years,Oman,Oman
SAP-SEED-03781,Sap Fico Consultant,SAP Finance / FICO,5.17,5–7 years,Bengaluru / Bangalore,Bengaluru
SAP-SEED-03782,Sap Fico Analyst,SAP Finance / FICO,11.92,8–11 years,Bengaluru / Bangalore,Bengaluru
SAP-SEED-03783,Sap Fico,SAP Finance / FICO,4.67,3–4 years,"Hyderabad / Secunderabad, Telangana",Hyderabad
SAP-SEED-03784,Sap Fico,SAP Finance / FICO,7.33,5–7 years,"Hyderabad / Secunderabad, Telangana",Hyderabad
SAP-SEED-03785,SAP MM,SAP Procurement / MM,3.83,3–4 years,Bengaluru / Bangalore,Bengaluru
SAP-SEED-03786,Sap Fico,SAP Finance / FICO,5.33,5–7 years,Noida,Noida
SAP-SEED-03787,Sap Fico Consultant,SAP Finance / FICO,3.92,3–4 years,Bengaluru / Bangalore,Bengaluru
SAP-SEED-03788,Senior Manager,Non-SAP / Ambiguous,7.58,5–7 years,Thane,Thane
SAP-SEED-03789,Sap Fico Executive,SAP Finance / FICO,11.75,8–11 years,Delhi,Delhi
SAP-SEED-03790,Junior SAP ABAP CONSULTANT,SAP ABAP / Development,3.17,3–4 years,Chennai,Chennai
SAP-SEED-03791,Sap Business Consultant,SAP General / Consulting,10.83,8–11 years,Pune,Pune
SAP-SEED-03792,Associate,Non-SAP / Ambiguous,3.83,3–4 years,Chennai,Chennai
SAP-SEED-03793,SAP FICO S/4 HANA End user (Remote),SAP Finance / FICO,6.0,5–7 years,"Hyderabad / Secunderabad, Telangana",Hyderabad
SAP-SEED-03794,Sap Fico,SAP Finance / FICO,4.17,3–4 years,Bhopal,Bhopal
SAP-SEED-03795,Sap ABAP Consult,SAP ABAP / Development,2.33,3–4 years,Bengaluru / Bangalore,Bengaluru
SAP-SEED-03796,Business Development Executive,Non-SAP / Ambiguous,2.67,3–4 years,"Hyderabad / Secunderabad, Telangana",Hyderabad
SAP-SEED-03797,Sap ABAP Developer,SAP ABAP / Development,2.58,3–4 years,"Hyderabad, Uttar Pradesh",Hyderabad
SAP-SEED-03798,Network Engineer,Non-SAP / Ambiguous,3.67,3–4 years,Kakinada,Kakinada
SAP-SEED-03799,Senior Processes Executive,Non-SAP / Ambiguous,4.58,3–4 years,Pune,Pune
SAP-SEED-03800,Sap Fico Consultant,SAP Finance / FICO,6.58,5–7 years,Shahjahanpur,Shahjahanpur
SAP-SEED-03801,SAP ABAP Consultant,SAP ABAP / Development,4.83,3–4 years,Bengaluru / Bangalore,Bengaluru
SAP-SEED-03802,SAP Account/Payable,SAP Finance / FICO,3.42,3–4 years,Shimoga,Shimoga
SAP-SEED-03803,Freelance Web Developer,Non-SAP / Ambiguous,2.17,3–4 years,Navi Mumbai,Mumbai
SAP-SEED-03804,SAP Account/Payable,SAP Finance / FICO,10.58,8–11 years,Baddi,Baddi
SAP-SEED-03805,Sap ABAP Developer,SAP ABAP / Development,2.33,3–4 years,"Hyderabad / Secunderabad, Telangana",Hyderabad
SAP-SEED-03806,Electrical Engineer,Non-SAP / Ambiguous,2.5,3–4 years,Suratgarh,Suratgarh
SAP-SEED-03807,Sap Fico,SAP Finance / FICO,10.67,8–11 years,Bengaluru / Bangalore,Bengaluru
SAP-SEED-03808,Sap ABAP Developer,SAP ABAP / Development,3.42,3–4 years,Bengaluru / Bangalore,Bengaluru
SAP-SEED-03809,Data Analyst Intern,Non-SAP / Ambiguous,2.08,3–4 years,Delhi,Delhi
SAP-SEED-03810,Sap Fico Consultant,SAP Finance / FICO,3.5,3–4 years,Bengaluru / Bangalore,Bengaluru
SAP-SEED-03811,SAP ABAP Technical Consultant,SAP ABAP / Development,2.08,3–4 years,Mumbai,Mumbai
SAP-SEED-03812,Sap Fico Support,SAP Finance / FICO,8.33,8–11 years,Mumbai,Mumbai
SAP-SEED-03813,Sap ABAP Consultant,SAP ABAP / Development,5.0,5–7 years,Vijayawada,Vijayawada
SAP-SEED-03814,Software Engineer,Non-SAP / Ambiguous,2.58,3–4 years,Kolkata,Kolkata
SAP-SEED-03815,Mortgage Executive,Non-SAP / Ambiguous,5.17,5–7 years,Visakhapatnam,Visakhapatnam
SAP-SEED-03816,Sap Fico Specialist,SAP Finance / FICO,11.83,8–11 years,Metro Manila / NCR,Metro Manila / NCR
SAP-SEED-03817,Sap ABAP,SAP ABAP / Development,4.25,3–4 years,India,India
SAP-SEED-03818,Sap Fico,SAP Finance / FICO,9.17,8–11 years,Kolkata,Kolkata
SAP-SEED-03819,Sap Fico,SAP Finance / FICO,3.0,3–4 years,Bengaluru / Bangalore,Bengaluru
SAP-SEED-03820,Senior SAP Fico Consultant,SAP Finance / FICO,7.83,5–7 years,Bengaluru / Bangalore,Bengaluru
SAP-SEED-03821,Sap Fico,SAP Finance / FICO,9.58,8–11 years,Chennai,Chennai
SAP-SEED-03822,SAP FiCo Associate consultant,SAP Finance / FICO,12.17,12+ years,"Hyderabad / Secunderabad, Telangana",Hyderabad
SAP-SEED-03823,Sap Associate Consultant,SAP General / Consulting,3.17,3–4 years,Ahmedabad,Ahmedabad
SAP-SEED-03824,Sap Fico Consultant,SAP Finance / FICO,3.75,3–4 years,Indore,Indore
SAP-SEED-03825,Sap Fico Consultant,SAP Finance / FICO,8.0,8–11 years,Delhi,Delhi
SAP-SEED-03826,Sap ABAP Consultant,SAP ABAP / Development,5.58,5–7 years,Delhi,Delhi
SAP-SEED-03827,Sap ABAP Developer,SAP ABAP / Development,2.58,3–4 years,Ambajogai,Ambajogai
SAP-SEED-03828,Sap ABAP Consultant,SAP ABAP / Development,5.25,5–7 years,Bengaluru / Bangalore,Bengaluru
SAP-SEED-03829,Sap Fico Consultant,SAP Finance / FICO,8.08,8–11 years,Bengaluru / Bangalore,Bengaluru
SAP-SEED-03830,SAP FICO Consultant,SAP Finance / FICO,9.33,8–11 years,Mumbai,Mumbai
SAP-SEED-03831,Sap ABAP Consultant,SAP ABAP / Development,2.33,3–4 years,"Hyderabad / Secunderabad, Telangana",Hyderabad
SAP-SEED-03832,SAP Account/Payable,SAP Finance / FICO,2.75,3–4 years,Coimbatore,Coimbatore
SAP-SEED-03833,Project Manager Sap,SAP Project Systems / PS,14.67,12+ years,Gurgaon / Gurugram,Gurugram
SAP-SEED-03834,Sap Fico Consultant,SAP Finance / FICO,4.17,3–4 years,Gurgaon / Gurugram,Gurugram
SAP-SEED-03835,SAP FICO/PS Consultant,SAP Finance / FICO,14.75,12+ years,South Africa,South Africa
SAP-SEED-03836,SAP FICO FUNCTIONAL CONSULTANT (MANAGER)  SAP FICO -11 Years -MBA (Finance) -  FICA|BRIM|RAR|REFX|PS|FSCM|ERP|ECC|S4HANA|Group Reporting|Data Migration|INTEGRATION|INTERFACE|Simple Finance|Central Finance |Integrated Business Processes,SAP Finance / FICO,16.0,12+ years,Bengaluru / Bangalore,Bengaluru
SAP-SEED-03837,Sap Fico Analyst,SAP Finance / FICO,11.42,8–11 years,Mumbai,Mumbai
SAP-SEED-03838,Sap ABAP Consultant,SAP ABAP / Development,3.25,3–4 years,Bengaluru / Bangalore,Bengaluru
SAP-SEED-03839,Sap ABAP Consultant,SAP ABAP / Development,2.08,3–4 years,Kolkata,Kolkata
SAP-SEED-03840,Data Analyst,Non-SAP / Ambiguous,3.92,3–4 years,Bengaluru / Bangalore,Bengaluru
SAP-SEED-03841,Programmer Analyst,Non-SAP / Ambiguous,3.67,3–4 years,Kolkata,Kolkata
SAP-SEED-03842,Sap Fico Cons,SAP Finance / FICO,4.25,3–4 years,Bengaluru / Bangalore,Bengaluru
SAP-SEED-03843,Sap Fico Consultant,SAP Finance / FICO,7.17,5–7 years,"Hyderabad / Secunderabad, Telangana",Hyderabad
SAP-SEED-03844,Sap Fico Consultant,SAP Finance / FICO,4.17,3–4 years,Noida,Noida
SAP-SEED-03845,Sap Fico Consultant,SAP Finance / FICO,5.42,5–7 years,Indore,Indore
SAP-SEED-03846,Sap ABAP Developer,SAP ABAP / Development,2.83,3–4 years,Pune,Pune
SAP-SEED-03847,Sap Fico Trainee,SAP Finance / FICO,3.25,3–4 years,Bengaluru / Bangalore,Bengaluru
SAP-SEED-03848,Technical Lead for S4 Hana green field implementation,SAP HANA / Data,16.0,12+ years,Ahmedabad,Ahmedabad
SAP-SEED-03849,Sap ABAP,SAP ABAP / Development,3.5,3–4 years,Bengaluru / Bangalore,Bengaluru
SAP-SEED-03850,Experienced Associate,Non-SAP / Ambiguous,4.92,3–4 years,Delhi,Delhi
SAP-SEED-03851,Sap ABAP Developer,SAP ABAP / Development,7.0,5–7 years,"Hyderabad / Secunderabad, Telangana",Hyderabad
SAP-SEED-03852,Sap ABAP Developer,SAP ABAP / Development,3.58,3–4 years,Noida,Noida
SAP-SEED-03853,Sap ABAP Consultant,SAP ABAP / Development,2.0,3–4 years,Pune,Pune
SAP-SEED-03854,Sap Pp Qm Consultant,SAP Manufacturing / PP,4.08,3–4 years,Pune,Pune
SAP-SEED-03855,Sap ABAP Consult,SAP ABAP / Development,4.75,3–4 years,Mumbai,Mumbai
SAP-SEED-03856,Intern Financial Services,Non-SAP / Ambiguous,2.25,3–4 years,Bengaluru / Bangalore,Bengaluru
SAP-SEED-03857,Sap Fico,SAP Finance / FICO,5.67,5–7 years,"Hyderabad / Secunderabad, Telangana",Hyderabad
SAP-SEED-03858,SAP ABAP Technical Consultant,SAP ABAP / Development,4.58,3–4 years,Gurgaon / Gurugram,Gurugram
SAP-SEED-03859,Sap ABAP Consultant,SAP ABAP / Development,2.25,3–4 years,Pune,Pune
SAP-SEED-03860,Sap ABAP Consultant,SAP ABAP / Development,13.67,12+ years,Chennai,Chennai
SAP-SEED-03861,Sap ABAP Consultant,SAP ABAP / Development,2.92,3–4 years,Bengaluru / Bangalore,Bengaluru
SAP-SEED-03862,Sap ABAP MDG technical consultant,SAP ABAP / Development,3.33,3–4 years,Pune,Pune
SAP-SEED-03863,Sap ABAP Consultant,SAP ABAP / Development,4.0,3–4 years,Pune,Pune
SAP-SEED-03864,Lead,Non-SAP / Ambiguous,12.67,12+ years,India,India
SAP-SEED-03865,Sap Fico Consultant,SAP Finance / FICO,10.83,8–11 years,Bengaluru / Bangalore,Bengaluru
SAP-SEED-03866,Sap ABAP Consultant,SAP ABAP / Development,2.83,3–4 years,Pune,Pune
SAP-SEED-03867,Sap ABAP Consultant,SAP ABAP / Development,3.0,3–4 years,Eluru,Eluru
SAP-SEED-03868,Programmer Analyst,Non-SAP / Ambiguous,2.5,3–4 years,Salem,Salem
SAP-SEED-03869,SAP FICO,SAP Finance / FICO,3.83,3–4 years,"Hyderabad / Secunderabad, Telangana",Hyderabad
SAP-SEED-03870,Sap Fico Consultant,SAP Finance / FICO,6.0,5–7 years,Bangladesh,Bangladesh
SAP-SEED-03871,Sap Fico Consultant,SAP Finance / FICO,4.0,3–4 years,India,India
SAP-SEED-03872,Sap ABAP Consultant,SAP ABAP / Development,3.5,3–4 years,Chennai,Chennai
SAP-SEED-03873,Sap Fico,SAP Finance / FICO,3.08,3–4 years,Bengaluru / Bangalore,Bengaluru
SAP-SEED-03874,Sap ABAP Developer,SAP ABAP / Development,2.25,3–4 years,Pune,Pune
SAP-SEED-03875,Sap Fico Consultant,SAP Finance / FICO,2.25,3–4 years,"Hyderabad / Secunderabad, Telangana",Hyderabad
SAP-SEED-03876,Sap Fico Consultant,SAP Finance / FICO,4.33,3–4 years,Jaipur,Jaipur
SAP-SEED-03877,Sap ABAP Developer,SAP ABAP / Development,2.75,3–4 years,Ropar,Ropar
SAP-SEED-03878,Sap ABAP,SAP ABAP / Development,2.33,3–4 years,"Hyderabad / Secunderabad, Telangana",Hyderabad
SAP-SEED-03879,Sap Fico Trainee,SAP Finance / FICO,4.17,3–4 years,Chennai,Chennai
SAP-SEED-03880,Sap Tech Consultant,SAP General / Consulting,6.08,5–7 years,Navi Mumbai,Mumbai
SAP-SEED-03881,SAP ABAP & UI5 FIORI Consultant,SAP ABAP / Development,10.83,8–11 years,Chennai,Chennai
SAP-SEED-03882,Senior Process Analyst,Non-SAP / Ambiguous,3.33,3–4 years,Bengaluru / Bangalore,Bengaluru
SAP-SEED-03883,SAP Account/Payable,SAP Finance / FICO,4.08,3–4 years,Nellore,Nellore
SAP-SEED-03884,SAP,SAP General / Consulting,3.92,3–4 years,"Hyderabad / Secunderabad, Telangana",Hyderabad
SAP-SEED-03885,Sap Fico Analyst,SAP Finance / FICO,4.0,3–4 years,"Hyderabad / Secunderabad, Telangana",Hyderabad
SAP-SEED-03886,Associate SAP FICO Consultant,SAP Finance / FICO,2.33,3–4 years,"Hyderabad / Secunderabad, Telangana",Hyderabad
SAP-SEED-03887,SAP BW Consultant,SAP Analytics / BW,4.33,3–4 years,Krishna,Krishna
SAP-SEED-03888,Firmware Engineer,Non-SAP / Ambiguous,4.0,3–4 years,Mysore,Mysore
SAP-SEED-03889,Sap Fico,SAP Finance / FICO,2.58,3–4 years,Tirupati,Tirupati
SAP-SEED-03890,Sap ABAP Consultant,SAP ABAP / Development,14.33,12+ years,Delhi,Delhi
SAP-SEED-03891,Sap ABAP Consult,SAP ABAP / Development,2.0,3–4 years,"Hyderabad / Secunderabad, Telangana",Hyderabad
SAP-SEED-03892,Financial Advisor,Non-SAP / Ambiguous,4.67,3–4 years,Bengaluru / Bangalore,Bengaluru
SAP-SEED-03893,Sap Fico Consultant,SAP Finance / FICO,3.33,3–4 years,"Hyderabad / Secunderabad, Telangana",Hyderabad
SAP-SEED-03894,Sap Fico Executive,SAP Finance / FICO,9.17,8–11 years,Delhi,Delhi
SAP-SEED-03895,Sap ABAP Developer,SAP ABAP / Development,2.17,3–4 years,Noida,Noida
SAP-SEED-03896,Sap ABAP Consultant,SAP ABAP / Development,2.0,3–4 years,Mumbai City,Mumbai
SAP-SEED-03897,Sap ABAP Consultant,SAP ABAP / Development,2.5,3–4 years,Pune,Pune
SAP-SEED-03898,Solutions Architect,Non-SAP / Ambiguous,13.67,12+ years,Mumbai,Mumbai
SAP-SEED-03899,Sap Fico Consultant,SAP Finance / FICO,5.75,5–7 years,Tiruppur,Tiruppur
SAP-SEED-03900,Sap Fico Consultant,SAP Finance / FICO,12.58,12+ years,Dubai,Dubai
SAP-SEED-03901,Snr SAP ABAP Developer,SAP ABAP / Development,13.0,12+ years,Mexico,Mexico
SAP-SEED-03902,SAP FICO Consultant Intern,SAP Finance / FICO,7.58,5–7 years,Chennai,Chennai
SAP-SEED-03903,SAP Fico Functional Consultant,SAP Finance / FICO,4.5,3–4 years,Bengaluru / Bangalore,Bengaluru
SAP-SEED-03904,Associate Analyst,Non-SAP / Ambiguous,6.58,5–7 years,"Hyderabad / Secunderabad, Telangana",Hyderabad
SAP-SEED-03905,Senior ABAP Consultant,SAP ABAP / Development,8.75,8–11 years,Philippines,Philippines
SAP-SEED-03906,Sap Fico Consultant,SAP Finance / FICO,3.42,3–4 years,Kolkata,Kolkata
SAP-SEED-03907,Sap ABAP Developer,SAP ABAP / Development,11.58,8–11 years,Saudi Arabia,Saudi Arabia
SAP-SEED-03908,Sap Fico,SAP Finance / FICO,3.0,3–4 years,Alappuzha / Alleppey,Alappuzha / Alleppey
SAP-SEED-03909,Sap ABAP Consultant,SAP ABAP / Development,2.58,3–4 years,Bengaluru / Bangalore,Bengaluru
SAP-SEED-03910,SAP Fico Functional Consultant,SAP Finance / FICO,4.5,3–4 years,"Hyderabad / Secunderabad, Telangana",Hyderabad
SAP-SEED-03911,Consultant Enterprise Package Solutions,Non-SAP / Ambiguous,3.58,3–4 years,Noida,Noida
SAP-SEED-03912,Process Executive,Non-SAP / Ambiguous,3.5,3–4 years,Chennai,Chennai
SAP-SEED-03913,Sap Fico,SAP Finance / FICO,6.0,5–7 years,"Hyderabad / Secunderabad, Telangana",Hyderabad
SAP-SEED-03914,Specialist Sap ABAP,SAP ABAP / Development,7.08,5–7 years,Bengaluru / Bangalore,Bengaluru
SAP-SEED-03915,Sap Fico Cons,SAP Finance / FICO,2.25,3–4 years,Kanchipuram,Kanchipuram
SAP-SEED-03916,Sap ABAP Consultant,SAP ABAP / Development,4.67,3–4 years,Kolkata,Kolkata
SAP-SEED-03917,Sap Fico Consultant,SAP Finance / FICO,10.42,8–11 years,Chennai,Chennai
SAP-SEED-03918,Sap ABAP Developer,SAP ABAP / Development,3.0,3–4 years,Indore,Indore
SAP-SEED-03919,Fico Functional Consultant,SAP Finance / FICO,7.67,5–7 years,Noida,Noida
SAP-SEED-03920,Sap ABAP Consultant,SAP ABAP / Development,3.0,3–4 years,Bengaluru / Bangalore,Bengaluru
SAP-SEED-03921,Sales Executive Development,SAP Sales / SD,3.25,3–4 years,Belgaum,Belgaum
SAP-SEED-03922,Sap Fico Consultant,SAP Finance / FICO,6.67,5–7 years,Delhi,Delhi
SAP-SEED-03923,Sap Fico Cons,SAP Finance / FICO,5.17,5–7 years,"Hyderabad / Secunderabad, Telangana",Hyderabad
SAP-SEED-03924,Sap Fico,SAP Finance / FICO,8.17,8–11 years,"Hyderabad / Secunderabad, Telangana",Hyderabad
SAP-SEED-03925,Sap ABAP,SAP ABAP / Development,5.92,5–7 years,Delhi,Delhi
SAP-SEED-03926,ERP Specialist,Non-SAP / Ambiguous,13.5,12+ years,Bengaluru / Bangalore,Bengaluru
SAP-SEED-03927,Sap Fico Consultant,SAP Finance / FICO,6.25,5–7 years,Nagpur,Nagpur
SAP-SEED-03928,Consultant R2R FA Capability Lead,SAP Analytics / BW,12.58,12+ years,Bengaluru / Bangalore,Bengaluru
SAP-SEED-03929,Sap Fico Consultant,SAP Finance / FICO,3.17,3–4 years,Bengaluru / Bangalore,Bengaluru
SAP-SEED-03930,Sap ABAP Developer,SAP ABAP / Development,3.08,3–4 years,Nagpur,Nagpur
SAP-SEED-03931,Sap ABAP,SAP ABAP / Development,2.42,3–4 years,Puducherry,Puducherry
SAP-SEED-03932,Sap Fico,SAP Finance / FICO,8.5,8–11 years,Thrissur,Thrissur
SAP-SEED-03933,Sap Fico Cons,SAP Finance / FICO,11.58,8–11 years,Kolkata,Kolkata
SAP-SEED-03934,SAP FICO,SAP Finance / FICO,11.25,8–11 years,Delhi,Delhi
SAP-SEED-03935,Analyst II SAP FICO CONSULTANT,SAP Finance / FICO,3.5,3–4 years,Bengaluru / Bangalore,Bengaluru
SAP-SEED-03936,SAP,SAP General / Consulting,12.42,12+ years,Ahmednagar,Ahmednagar
SAP-SEED-03937,SAP ABAP Sr.Technical Consultant,SAP ABAP / Development,11.0,8–11 years,Bengaluru / Bangalore,Bengaluru
SAP-SEED-03938,Senior Executive,Non-SAP / Ambiguous,7.42,5–7 years,Bhiwadi,Bhiwadi
SAP-SEED-03939,Team Leader,Non-SAP / Ambiguous,14.58,12+ years,Bengaluru / Bangalore,Bengaluru
SAP-SEED-03940,Sap ABAP Consult,SAP ABAP / Development,2.25,3–4 years,Vidisha,Vidisha
SAP-SEED-03941,Consultant,Non-SAP / Ambiguous,3.17,3–4 years,Bengaluru / Bangalore,Bengaluru
SAP-SEED-03942,SAP,SAP General / Consulting,3.58,3–4 years,"Hyderabad / Secunderabad, Telangana",Hyderabad
SAP-SEED-03943,Sap ABAP Programmer,SAP ABAP / Development,3.58,3–4 years,Visakhapatnam,Visakhapatnam
SAP-SEED-03944,Sap fico consultant,SAP Finance / FICO,15.67,12+ years,Delhi,Delhi
SAP-SEED-03945,Sap ABAP Consultant,SAP ABAP / Development,4.58,3–4 years,Bengaluru / Bangalore,Bengaluru
SAP-SEED-03946,Sap ABAP Developer,SAP ABAP / Development,4.08,3–4 years,"Hyderabad, Uttar Pradesh",Hyderabad
SAP-SEED-03947,Sap Fico Consultant,SAP Finance / FICO,8.67,8–11 years,"Hyderabad / Secunderabad, Telangana",Hyderabad
SAP-SEED-03948,Sap Lead,SAP General / Consulting,8.0,8–11 years,"Hyderabad / Secunderabad, Telangana",Hyderabad
SAP-SEED-03949,Sap Fico Executive,SAP Finance / FICO,2.33,3–4 years,Chennai,Chennai
SAP-SEED-03950,Sap ABAP Consultant,SAP ABAP / Development,3.0,3–4 years,Jhajjar,Jhajjar
SAP-SEED-03951,Sap ABAP,SAP ABAP / Development,2.08,3–4 years,"Hyderabad / Secunderabad, Telangana",Hyderabad
SAP-SEED-03952,Procurement Officer,SAP Procurement / MM,6.08,5–7 years,Bengaluru / Bangalore,Bengaluru
SAP-SEED-03953,Sap Fico Consultant,SAP Finance / FICO,3.0,3–4 years,Chennai,Chennai
SAP-SEED-03954,BDM,Non-SAP / Ambiguous,4.5,3–4 years,Bhopal,Bhopal
SAP-SEED-03955,SAP ABAP Consultant,SAP ABAP / Development,12.33,12+ years,Philippines,Philippines
SAP-SEED-03956,Sap Fico Consultant,SAP Finance / FICO,5.08,5–7 years,Bengaluru / Bangalore,Bengaluru
SAP-SEED-03957,Assistant Manager Engineer,Non-SAP / Ambiguous,9.25,8–11 years,Mysore,Mysore
SAP-SEED-03958,Sap ABAP Developer,SAP ABAP / Development,2.33,3–4 years,Bengaluru / Bangalore,Bengaluru
SAP-SEED-03959,Sap Fico Cons,SAP Finance / FICO,2.83,3–4 years,Greater Hyderabad Area,Hyderabad
SAP-SEED-03960,SAP,SAP General / Consulting,4.0,3–4 years,"Hyderabad / Secunderabad, Telangana",Hyderabad
SAP-SEED-03961,Sap Fico Consultant,SAP Finance / FICO,12.92,12+ years,"Hyderabad / Secunderabad, Telangana",Hyderabad
SAP-SEED-03962,Sap Fico,SAP Finance / FICO,4.42,3–4 years,"Hyderabad / Secunderabad, Telangana",Hyderabad
SAP-SEED-03963,Sap Fico Cons,SAP Finance / FICO,12.92,12+ years,Bengaluru / Bangalore,Bengaluru
SAP-SEED-03964,Sap Fico Consultant,SAP Finance / FICO,2.83,3–4 years,Bengaluru / Bangalore,Bengaluru
SAP-SEED-03965,Sap ABAP,SAP ABAP / Development,3.92,3–4 years,Pune,Pune
SAP-SEED-03966,Sap associate fico functional consultant,SAP Finance / FICO,3.25,3–4 years,Vijayawada,Vijayawada
SAP-SEED-03967,Sap ABAP Intern,SAP ABAP / Development,2.67,3–4 years,Pithapuram,Pithapuram
SAP-SEED-03968,Sap Fico Trainee,SAP Finance / FICO,2.25,3–4 years,Pune,Pune
SAP-SEED-03969,Sap Fico Consultant,SAP Finance / FICO,3.17,3–4 years,Guntur,Guntur
SAP-SEED-03970,Associate Consultant SAP ABAP & DATA Archiving,SAP ABAP / Development,4.0,3–4 years,"Hyderabad / Secunderabad, Telangana",Hyderabad
SAP-SEED-03971,Sap Fico Consultant,SAP Finance / FICO,12.58,12+ years,Bengaluru / Bangalore,Bengaluru
SAP-SEED-03972,Sap ABAP Developer,SAP ABAP / Development,3.58,3–4 years,"Hyderabad / Secunderabad, Telangana",Hyderabad
SAP-SEED-03973,Sap ABAP Consultant,SAP ABAP / Development,2.67,3–4 years,Jodhpur,Jodhpur
SAP-SEED-03974,SAP FICO Consultant,SAP Finance / FICO,11.0,8–11 years,"Hyderabad / Secunderabad, Telangana",Hyderabad
SAP-SEED-03975,SAP FICO Consultant Intern,SAP Finance / FICO,8.67,8–11 years,Bengaluru / Bangalore,Bengaluru
SAP-SEED-03976,Sap Fico Consultant,SAP Finance / FICO,3.67,3–4 years,Noida,Noida
SAP-SEED-03977,SAP ABAP consultant,SAP ABAP / Development,15.08,12+ years,Pune,Pune
SAP-SEED-03978,Sap ABAP Developer,SAP ABAP / Development,7.0,5–7 years,Gurgaon / Gurugram,Gurugram
SAP-SEED-03979,Sap ABAP Consult,SAP ABAP / Development,2.67,3–4 years,Pune,Pune
SAP-SEED-03980,Sap Fico Consultant,SAP Finance / FICO,3.92,3–4 years,Nashik,Nashik
SAP-SEED-03981,Sap Fico,SAP Finance / FICO,3.92,3–4 years,Mumbai,Mumbai
SAP-SEED-03982,SAP Account/Payable,SAP Finance / FICO,3.67,3–4 years,Mumbai,Mumbai
SAP-SEED-03983,Sap Fico Consultant,SAP Finance / FICO,2.5,3–4 years,Bengaluru / Bangalore,Bengaluru
SAP-SEED-03984,Sap Fico Consultant,SAP Finance / FICO,2.42,3–4 years,Bengaluru / Bangalore,Bengaluru
SAP-SEED-03985,Sap Fico Consultant,SAP Finance / FICO,3.25,3–4 years,Bengaluru / Bangalore,Bengaluru
SAP-SEED-03986,Sap Abap Consultant,SAP ABAP / Development,4.5,3–4 years,Delhi,Delhi
SAP-SEED-03987,Software Analyst,Non-SAP / Ambiguous,4.0,3–4 years,Pune,Pune
SAP-SEED-03988,Sr. SAP FICO Consultant,SAP Finance / FICO,14.17,12+ years,Delhi,Delhi
SAP-SEED-03989,SAP Account/Payable,SAP Finance / FICO,2.08,3–4 years,Bidar,Bidar
SAP-SEED-03990,SAP FICO  Jr. Consultant,SAP Finance / FICO,8.0,8–11 years,Pune,Pune
SAP-SEED-03991,Consultant,Non-SAP / Ambiguous,6.58,5–7 years,India,India
SAP-SEED-03992,Sap ABAP Consultant,SAP ABAP / Development,9.92,8–11 years,Philippines,Philippines
SAP-SEED-03993,Sap Fico,SAP Finance / FICO,4.0,3–4 years,Pune,Pune
SAP-SEED-03994,Sap ABAP Consult,SAP ABAP / Development,11.83,8–11 years,Gandhinagar,Gandhinagar
SAP-SEED-03995,Sap Technical Lead,SAP General / Consulting,7.25,5–7 years,Dhahran,Dhahran
SAP-SEED-03996,SAP Account/Payable,SAP Finance / FICO,6.58,5–7 years,"Hyderabad / Secunderabad, Telangana",Hyderabad
SAP-SEED-03997,Sap Fico Consultant,SAP Finance / FICO,15.17,12+ years,Bengaluru / Bangalore,Bengaluru
SAP-SEED-03998,"Lead II - Enterprise Solutions"", B2.",Non-SAP / Ambiguous,14.0,12+ years,Bengaluru / Bangalore,Bengaluru
SAP-SEED-03999,SAP FICO Intern,SAP Finance / FICO,5.08,5–7 years,Pune,Pune
SAP-SEED-04000,Consultant,Non-SAP / Ambiguous,4.25,3–4 years,Bengaluru / Bangalore,Bengaluru
SAP-SEED-04001,SAP Account/Payable,SAP Finance / FICO,4.33,3–4 years,Pune,Pune
SAP-SEED-04002,Sap Fico Consultant,SAP Finance / FICO,3.0,3–4 years,Tumkur,Tumkur
SAP-SEED-04003,Senior Finance Executive,Non-SAP / Ambiguous,11.92,8–11 years,Chennai,Chennai
SAP-SEED-04004,Sap Fico,SAP Finance / FICO,13.75,12+ years,Netherlands,Netherlands
SAP-SEED-04005,Sap Fico,SAP Finance / FICO,10.0,8–11 years,Dubai,Dubai
SAP-SEED-04006,Associate,Non-SAP / Ambiguous,9.5,8–11 years,Noida,Noida
SAP-SEED-04007,Sap Fico Consultant,SAP Finance / FICO,8.58,8–11 years,Bengaluru / Bangalore,Bengaluru
SAP-SEED-04008,Sap Fico Consultant,SAP Finance / FICO,6.17,5–7 years,"Hyderabad / Secunderabad, Telangana",Hyderabad
SAP-SEED-04009,Sap ABAP Developer,SAP ABAP / Development,4.25,3–4 years,India,India
SAP-SEED-04010,SAP FICO Consultant,SAP Finance / FICO,2.75,3–4 years,Pune,Pune
SAP-SEED-04011,Associate Software Developer,Non-SAP / Ambiguous,2.75,3–4 years,Bengaluru / Bangalore,Bengaluru
SAP-SEED-04012,Sap Fico Analyst,SAP Finance / FICO,2.5,3–4 years,Navi Mumbai,Mumbai
SAP-SEED-04013,Sap Fico Consultant,SAP Finance / FICO,5.42,5–7 years,Jaipur,Jaipur
SAP-SEED-04014,Sap Fico Consultant,SAP Finance / FICO,2.58,3–4 years,Bengaluru / Bangalore,Bengaluru
SAP-SEED-04015,Sap Application Developer,SAP General / Consulting,4.42,3–4 years,Mumbai,Mumbai
SAP-SEED-04016,Senior Analyst,Non-SAP / Ambiguous,3.83,3–4 years,Bengaluru / Bangalore,Bengaluru
SAP-SEED-04017,SAP FICO/S4 HANA and RAR - LEAD SAP FINANCE ANALYSTS,SAP Finance / FICO,15.5,12+ years,"Hyderabad / Secunderabad, Telangana",Hyderabad
SAP-SEED-04018,Sap ABAP Developer,SAP ABAP / Development,3.33,3–4 years,Bengaluru / Bangalore,Bengaluru
SAP-SEED-04019,Sap ABAP Consultant,SAP ABAP / Development,7.92,5–7 years,Chennai,Chennai
SAP-SEED-04020,SAP Account/Payable,SAP Finance / FICO,2.42,3–4 years,Nashik,Nashik
SAP-SEED-04021,Sap ABAP Developer,SAP ABAP / Development,3.0,3–4 years,Bengaluru / Bangalore,Bengaluru
SAP-SEED-04022,SAP ABAP Developer,SAP ABAP / Development,2.58,3–4 years,Kakinada,Kakinada
SAP-SEED-04023,Sap abap hr consultant,SAP ABAP / Development,12.83,12+ years,,Unknown
SAP-SEED-04024,Sap ABAP Consultant,SAP ABAP / Development,2.42,3–4 years,Pune,Pune
SAP-SEED-04025,SAP ABAP -TRAINEE,SAP ABAP / Development,2.83,3–4 years,Bengaluru / Bangalore,Bengaluru
SAP-SEED-04026,Sap Fico Officer,SAP Finance / FICO,2.0,3–4 years,Kozhikode / Calicut,Kozhikode / Calicut
SAP-SEED-04027,Sap Consultant,SAP General / Consulting,6.42,5–7 years,Germany,Germany
SAP-SEED-04028,Sap Fico,SAP Finance / FICO,13.25,12+ years,Navi Mumbai,Mumbai
SAP-SEED-04029,Consultant,Non-SAP / Ambiguous,11.83,8–11 years,Mumbai,Mumbai
SAP-SEED-04030,Sap Fico Trainee,SAP Finance / FICO,3.67,3–4 years,Pune,Pune
SAP-SEED-04031,SAP,SAP General / Consulting,3.83,3–4 years,Krishnagiri,Krishnagiri
SAP-SEED-04032,Sr. Accounts officer (SAP FICO End User),SAP Finance / FICO,3.0,3–4 years,Mumbai City,Mumbai
SAP-SEED-04033,Sap Fico,SAP Finance / FICO,12.58,12+ years,Bengaluru / Bangalore,Bengaluru
SAP-SEED-04034,Sap ABAP,SAP ABAP / Development,3.83,3–4 years,Manila,Manila
SAP-SEED-04035,Sap ABAP Consultant,SAP ABAP / Development,9.0,8–11 years,Philippines,Philippines
SAP-SEED-04036,Sap ABAP Developer,SAP ABAP / Development,3.25,3–4 years,Navi Mumbai,Mumbai
SAP-SEED-04037,Associate Executive,Non-SAP / Ambiguous,4.08,3–4 years,Mumbai,Mumbai
SAP-SEED-04038,Sap Fico Consultant,SAP Finance / FICO,5.5,5–7 years,Bengaluru / Bangalore,Bengaluru
SAP-SEED-04039,Sap Fico Consultant,SAP Finance / FICO,4.58,3–4 years,Kolkata,Kolkata
SAP-SEED-04040,Sap Fico Consultant,SAP Finance / FICO,2.5,3–4 years,Chittoor,Chittoor
SAP-SEED-04041,sap consultant,SAP General / Consulting,3.83,3–4 years,Chennai,Chennai
SAP-SEED-04042,Sap Fico Consultant,SAP Finance / FICO,6.25,5–7 years,Bengaluru / Bangalore,Bengaluru
SAP-SEED-04043,Sap Basis Administrator,SAP Basis / Administration,2.67,3–4 years,Bengaluru / Bangalore,Bengaluru
SAP-SEED-04044,Senior Analyst,Non-SAP / Ambiguous,7.33,5–7 years,"Hyderabad / Secunderabad, Telangana",Hyderabad
SAP-SEED-04045,Fico Consultant,SAP Finance / FICO,7.0,5–7 years,Chennai,Chennai
SAP-SEED-04046,Analyst,Non-SAP / Ambiguous,4.58,3–4 years,Thiruvananthapuram / Trivandrum,Thiruvananthapuram / Trivandrum
SAP-SEED-04047,Senior SAP ABAP Developer | ITIL v3 Certified | ECC to S/4HANA & Fiori Transition | Global Delivery Experience | Open to Relocation,SAP ABAP / Development,10.0,8–11 years,Philippines,Philippines
SAP-SEED-04048,Sap ABAP Consultant,SAP ABAP / Development,4.58,3–4 years,Bengaluru / Bangalore,Bengaluru
SAP-SEED-04049,Sap Fico Consultant,SAP Finance / FICO,4.25,3–4 years,Bengaluru / Bangalore,Bengaluru
SAP-SEED-04050,Sap ABAP Consult,SAP ABAP / Development,7.67,5–7 years,"Hyderabad / Secunderabad, Telangana",Hyderabad
SAP-SEED-04051,Sap Fico Cons,SAP Finance / FICO,3.0,3–4 years,Bengaluru / Bangalore,Bengaluru
SAP-SEED-04052,Sap ABAP Developer,SAP ABAP / Development,3.08,3–4 years,Pune,Pune
SAP-SEED-04053,Data Analyst,Non-SAP / Ambiguous,2.75,3–4 years,Kopargaon,Kopargaon
SAP-SEED-04054,SAP ABAP Technical Consultant,SAP ABAP / Development,3.33,3–4 years,Pune,Pune
SAP-SEED-04055,Sap ABAP Intern,SAP ABAP / Development,2.5,3–4 years,"Hyderabad / Secunderabad, Telangana",Hyderabad
SAP-SEED-04056,Sap Test Manager,SAP General / Consulting,14.08,12+ years,Bengaluru / Bangalore,Bengaluru
SAP-SEED-04057,SAP ABAP  SAP S4 HANA Intern,SAP ABAP / Development,3.17,3–4 years,Kozhikode / Calicut,Kozhikode / Calicut
SAP-SEED-04058,SAP ABAP Technical Consultant,SAP ABAP / Development,8.42,8–11 years,"Hyderabad / Secunderabad, Telangana",Hyderabad
SAP-SEED-04059,Sap Fico Consultant,SAP Finance / FICO,6.5,5–7 years,Bhubaneswar,Bhubaneswar
SAP-SEED-04060,Associate sap fico consultant,SAP Finance / FICO,8.5,8–11 years,Noida,Noida
SAP-SEED-04061,SAP Account/Payable,SAP Finance / FICO,9.42,8–11 years,Hubli,Hubli
SAP-SEED-04062,Sap ABAP Developer,SAP ABAP / Development,2.58,3–4 years,Karad,Karad
SAP-SEED-04063,Associate Consultant,Non-SAP / Ambiguous,15.08,12+ years,"Hyderabad / Secunderabad, Telangana",Hyderabad
SAP-SEED-04064,Sap Fico Consultant,SAP Finance / FICO,5.0,5–7 years,"Hyderabad / Secunderabad, Telangana",Hyderabad
SAP-SEED-04065,Sap Fico Consultant,SAP Finance / FICO,15.0,12+ years,Chennai,Chennai
SAP-SEED-04066,SAP Fico Functional Consultant,SAP Finance / FICO,3.33,3–4 years,Bengaluru / Bangalore,Bengaluru
SAP-SEED-04067,Sap ABAP Consultant,SAP ABAP / Development,6.83,5–7 years,Pakistan,Pakistan
SAP-SEED-04068,Sap ABAP Developer,SAP ABAP / Development,2.5,3–4 years,Delhi,Delhi
SAP-SEED-04069,SAP,SAP General / Consulting,6.0,5–7 years,Gurgaon / Gurugram,Gurugram
SAP-SEED-04070,Associate Analyst,Non-SAP / Ambiguous,2.0,3–4 years,Mumbai,Mumbai
SAP-SEED-04071,Senior Associate Consultant,Non-SAP / Ambiguous,3.58,3–4 years,Pune,Pune
SAP-SEED-04072,SAP ABAP DEVELOPER,SAP ABAP / Development,3.42,3–4 years,Pune,Pune
SAP-SEED-04073,Sap ABAP,SAP ABAP / Development,3.33,3–4 years,"Hyderabad / Secunderabad, Telangana",Hyderabad
SAP-SEED-04074,Sap Fico Consultant,SAP Finance / FICO,12.08,12+ years,Pune,Pune
SAP-SEED-04075,Sap ABAP Developer,SAP ABAP / Development,3.42,3–4 years,Bengaluru / Bangalore,Bengaluru
SAP-SEED-04076,Sap ABAP Consultant,SAP ABAP / Development,7.0,5–7 years,"Hyderabad / Secunderabad, Telangana",Hyderabad
SAP-SEED-04077,Sap Fico Consultant,SAP Finance / FICO,4.0,3–4 years,Bengaluru / Bangalore,Bengaluru
SAP-SEED-04078,Sap ABAP Consultant,SAP ABAP / Development,5.67,5–7 years,Bengaluru / Bangalore,Bengaluru
SAP-SEED-04079,SAP fico,SAP Finance / FICO,7.25,5–7 years,Mumbai City,Mumbai
SAP-SEED-04080,Sap ABAP Consultant,SAP ABAP / Development,7.08,5–7 years,Kolkata,Kolkata
SAP-SEED-04081,Sap Fico Analyst,SAP Finance / FICO,3.25,3–4 years,Anantapur,Anantapur
SAP-SEED-04082,Sap ABAP Developer,SAP ABAP / Development,3.33,3–4 years,Bengaluru / Bangalore,Bengaluru
SAP-SEED-04083,SAP FICO Associatie Consultant,SAP Finance / FICO,2.92,3–4 years,India,India
SAP-SEED-04084,SAP Fico Functional Consultant,SAP Finance / FICO,2.5,3–4 years,Bengaluru / Bangalore,Bengaluru
SAP-SEED-04085,Sap Fico Consultant,SAP Finance / FICO,11.33,8–11 years,Bhubaneswar,Bhubaneswar
SAP-SEED-04086,Sap Fico,SAP Finance / FICO,2.25,3–4 years,Noida,Noida
SAP-SEED-04087,Sap Fico Consultant,SAP Finance / FICO,9.0,8–11 years,"Hyderabad / Secunderabad, Telangana",Hyderabad
SAP-SEED-04088,Technical Consultant,Non-SAP / Ambiguous,6.17,5–7 years,Coimbatore,Coimbatore
SAP-SEED-04089,Sap ABAP Consultant,SAP ABAP / Development,3.08,3–4 years,Pune,Pune
SAP-SEED-04090,SAP ABAP Technical Consultant,SAP ABAP / Development,3.67,3–4 years,"Hyderabad / Secunderabad, Telangana",Hyderabad
SAP-SEED-04091,SAP ABAP HANA consultant,SAP ABAP / Development,6.17,5–7 years,Bengaluru / Bangalore,Bengaluru
SAP-SEED-04092,Sap Fico Consultant,SAP Finance / FICO,6.42,5–7 years,Kuala Lumpur,Kuala Lumpur
SAP-SEED-04093,SAP Account/Payable,SAP Finance / FICO,4.42,3–4 years,Howrah,Howrah
SAP-SEED-04094,Sap ABAP Developer,SAP ABAP / Development,13.17,12+ years,Pune,Pune
SAP-SEED-04095,Sap Fico Consultant,SAP Finance / FICO,3.83,3–4 years,Bengaluru / Bangalore,Bengaluru
SAP-SEED-04096,Sap ABAP Consultant,SAP ABAP / Development,8.75,8–11 years,"Amaravati, Andhra Pradesh","Amaravati, Andhra Pradesh"
SAP-SEED-04097,Consultant,Non-SAP / Ambiguous,2.33,3–4 years,Bengaluru / Bangalore,Bengaluru
SAP-SEED-04098,Software Engineer Developer,Non-SAP / Ambiguous,3.42,3–4 years,Mumbai,Mumbai
SAP-SEED-04099,Sap ABAP Developer,SAP ABAP / Development,2.0,3–4 years,"Hyderabad / Secunderabad, Telangana",Hyderabad
SAP-SEED-04100,Sap Fico Support,SAP Finance / FICO,10.25,8–11 years,Dubai,Dubai
SAP-SEED-04101,Associate Lead Consultant SAP FICO (Certified S4Hana Consultant),SAP Finance / FICO,9.33,8–11 years,"Hyderabad / Secunderabad, Telangana",Hyderabad
SAP-SEED-04102,Sap Fico Consultant,SAP Finance / FICO,5.17,5–7 years,Guntur,Guntur
SAP-SEED-04103,Sap Fico,SAP Finance / FICO,9.08,8–11 years,Chennai,Chennai
SAP-SEED-04104,Sap Fico Consultant,SAP Finance / FICO,4.92,3–4 years,Bengaluru / Bangalore,Bengaluru
SAP-SEED-04105,Sap Fico Consultant,SAP Finance / FICO,6.75,5–7 years,"Hyderabad / Secunderabad, Telangana",Hyderabad
SAP-SEED-04106,Sap Fico Consultant,SAP Finance / FICO,5.08,5–7 years,Bengaluru / Bangalore,Bengaluru
SAP-SEED-04107,Sap Fico,SAP Finance / FICO,10.83,8–11 years,"Hyderabad / Secunderabad, Telangana",Hyderabad
SAP-SEED-04108,Sap ABAP Consultant,SAP ABAP / Development,4.17,3–4 years,Pune,Pune
SAP-SEED-04109,Sap Fico Consultant,SAP Finance / FICO,5.0,5–7 years,Pune,Pune
SAP-SEED-04110,Sap Advanced Business Application Programming Consultant,SAP General / Consulting,3.5,3–4 years,Mumbai,Mumbai
SAP-SEED-04111,Sap ABAP Consultant,SAP ABAP / Development,4.17,3–4 years,Pune,Pune
SAP-SEED-04112,Deputy Manager,Non-SAP / Ambiguous,8.17,8–11 years,Indore,Indore
SAP-SEED-04113,ABAP Consultant,SAP ABAP / Development,11.17,8–11 years,United Arab Emirates,United Arab Emirates
SAP-SEED-04114,Sap ABAP Developer,SAP ABAP / Development,2.25,3–4 years,Kolkata,Kolkata
SAP-SEED-04115,Sap Fico Support,SAP Finance / FICO,3.0,3–4 years,"Hyderabad / Secunderabad, Telangana",Hyderabad
SAP-SEED-04116,Sap ABAP Trainee,SAP ABAP / Development,2.58,3–4 years,Bhubaneswar,Bhubaneswar
SAP-SEED-04117,Sap Fico Trainer,SAP Finance / FICO,2.58,3–4 years,Nashik,Nashik
SAP-SEED-04118,Software Developer,Non-SAP / Ambiguous,2.0,3–4 years,Navi Mumbai,Mumbai
SAP-SEED-04119,SAP Account/Payable,SAP Finance / FICO,2.42,3–4 years,Nagpur,Nagpur
SAP-SEED-04120,Sap ABAP,SAP ABAP / Development,8.0,8–11 years,Bengaluru / Bangalore,Bengaluru
SAP-SEED-04121,Sap Fico Consultant,SAP Finance / FICO,3.25,3–4 years,"Hyderabad / Secunderabad, Telangana",Hyderabad
SAP-SEED-04122,Sap ABAP Developer,SAP ABAP / Development,15.25,12+ years,Bengaluru / Bangalore,Bengaluru
SAP-SEED-04123,Sap ABAP Developer,SAP ABAP / Development,2.67,3–4 years,Bengaluru / Bangalore,Bengaluru
SAP-SEED-04124,Sap Fico,SAP Finance / FICO,2.5,3–4 years,"Hyderabad / Secunderabad, Telangana",Hyderabad
SAP-SEED-04125,Sap ABAP Consultant,SAP ABAP / Development,5.42,5–7 years,Gorakhpur,Gorakhpur
SAP-SEED-04126,Sap Fico Consultant,SAP Finance / FICO,11.17,8–11 years,"Hyderabad / Secunderabad, Telangana",Hyderabad
SAP-SEED-04127,Associate,Non-SAP / Ambiguous,2.08,3–4 years,Bengaluru / Bangalore,Bengaluru
SAP-SEED-04128,Sap Fico Consultant,SAP Finance / FICO,4.67,3–4 years,Bulandshahr,Bulandshahr
SAP-SEED-04129,Business Operations Associate,Non-SAP / Ambiguous,3.33,3–4 years,Bengaluru / Bangalore,Bengaluru
SAP-SEED-04130,Document Specialist Manager,Non-SAP / Ambiguous,2.08,3–4 years,Chennai,Chennai
SAP-SEED-04131,Sap Fico Consultant,SAP Finance / FICO,4.92,3–4 years,Bengaluru / Bangalore,Bengaluru
SAP-SEED-04132,Sap Fico,SAP Finance / FICO,6.75,5–7 years,Pune,Pune
SAP-SEED-04133,Sap ABAP Developer,SAP ABAP / Development,6.83,5–7 years,Saudi Arabia,Saudi Arabia
SAP-SEED-04134,Sap ABAP Developer,SAP ABAP / Development,3.67,3–4 years,"Hyderabad / Secunderabad, Telangana",Hyderabad
SAP-SEED-04135,Sap ABAP Developer,SAP ABAP / Development,2.25,3–4 years,Gurgaon / Gurugram,Gurugram
SAP-SEED-04136,Sap Fico Consultant,SAP Finance / FICO,2.0,3–4 years,Nagpur,Nagpur
SAP-SEED-04137,CMA article,Non-SAP / Ambiguous,3.58,3–4 years,Delhi,Delhi
SAP-SEED-04138,Sap ABAP Consultant,SAP ABAP / Development,7.5,5–7 years,India,India
SAP-SEED-04139,Sap Consultant,SAP General / Consulting,2.75,3–4 years,Pune,Pune
SAP-SEED-04140,Sap Fico Consultant,SAP Finance / FICO,6.0,5–7 years,Bengaluru / Bangalore,Bengaluru
SAP-SEED-04141,Sap ABAP Consultant,SAP ABAP / Development,4.25,3–4 years,Vijayawada,Vijayawada
SAP-SEED-04142,SAP ABAP INTERN,SAP ABAP / Development,3.17,3–4 years,Nagpur,Nagpur
SAP-SEED-04143,sap abap  consultant,SAP ABAP / Development,4.08,3–4 years,"Hyderabad / Secunderabad, Telangana",Hyderabad
SAP-SEED-04144,Sap Fico Consultant,SAP Finance / FICO,14.17,12+ years,Pune,Pune
SAP-SEED-04145,Sap ABAP Consultant,SAP ABAP / Development,8.17,8–11 years,India,India
SAP-SEED-04146,Sap Fico Consultant,SAP Finance / FICO,3.33,3–4 years,"Hyderabad / Secunderabad, Telangana",Hyderabad
SAP-SEED-04147,Sap Fico Specialist,SAP Finance / FICO,14.42,12+ years,"Hyderabad / Secunderabad, Telangana",Hyderabad
SAP-SEED-04148,SAP Account/Payable,SAP Finance / FICO,4.92,3–4 years,Thrissur,Thrissur
SAP-SEED-04149,Sap Fico Consultant,SAP Finance / FICO,4.67,3–4 years,"Hyderabad / Secunderabad, Telangana",Hyderabad
SAP-SEED-04150,SAP ABAP Technical Consultant,SAP ABAP / Development,7.17,5–7 years,"Hyderabad / Secunderabad, Telangana",Hyderabad
SAP-SEED-04151,Sap ABAP Developer,SAP ABAP / Development,4.0,3–4 years,Bengaluru / Bangalore,Bengaluru
SAP-SEED-04152,Manager,Non-SAP / Ambiguous,3.0,3–4 years,United Kingdom (UK),United Kingdom (UK)
SAP-SEED-04153,SAP Account/Payable,SAP Finance / FICO,2.17,3–4 years,Palakkad,Palakkad
SAP-SEED-04154,Enrollment Specialist,Non-SAP / Ambiguous,2.42,3–4 years,Delhi,Delhi
SAP-SEED-04155,Sap ABAP,SAP ABAP / Development,2.5,3–4 years,"Hyderabad / Secunderabad, Telangana",Hyderabad
SAP-SEED-04156,SAP CPI Consultant,SAP Integration / CPI,2.42,3–4 years,Bengaluru / Bangalore,Bengaluru
SAP-SEED-04157,Sap Fico Trainee,SAP Finance / FICO,2.67,3–4 years,Dindigul,Dindigul
SAP-SEED-04158,Sap ABAP Intern,SAP ABAP / Development,3.67,3–4 years,Mumbai,Mumbai
SAP-SEED-04159,Sap Fico,SAP Finance / FICO,13.58,12+ years,Kolkata,Kolkata
SAP-SEED-04160,Sap User,SAP General / Consulting,4.25,3–4 years,Kolkata,Kolkata
SAP-SEED-04161,Sap Fico,SAP Finance / FICO,5.33,5–7 years,"Hyderabad / Secunderabad, Telangana",Hyderabad
SAP-SEED-04162,Sap Fico Consultant,SAP Finance / FICO,3.58,3–4 years,Coimbatore,Coimbatore
SAP-SEED-04163,FI Consultant,SAP Finance / FICO,11.0,8–11 years,Kolkata,Kolkata
SAP-SEED-04164,SAP Fico Functional Consultant,SAP Finance / FICO,4.67,3–4 years,Bengaluru / Bangalore,Bengaluru
SAP-SEED-04165,Assistant Manager,Non-SAP / Ambiguous,4.08,3–4 years,"Hyderabad / Secunderabad, Telangana",Hyderabad
SAP-SEED-04166,Manager Operations,Non-SAP / Ambiguous,12.25,12+ years,Mumbai,Mumbai
SAP-SEED-04167,Sap Fico Cons,SAP Finance / FICO,9.0,8–11 years,"Hyderabad / Secunderabad, Telangana",Hyderabad
SAP-SEED-04168,Sap Fico Consultant,SAP Finance / FICO,3.5,3–4 years,Chennai,Chennai
SAP-SEED-04169,SAP FICO,SAP Finance / FICO,6.58,5–7 years,"Hyderabad / Secunderabad, Telangana",Hyderabad
SAP-SEED-04170,SAP FICO CONSULTANT,SAP Finance / FICO,4.67,3–4 years,Bengaluru / Bangalore,Bengaluru
SAP-SEED-04171,Sap Fico Consultant,SAP Finance / FICO,2.75,3–4 years,Ghaziabad,Ghaziabad
SAP-SEED-04172,Sap ABAP Developer,SAP ABAP / Development,2.17,3–4 years,Tirupati,Tirupati
SAP-SEED-04173,Sap Fico Consultant,SAP Finance / FICO,3.33,3–4 years,Bengaluru / Bangalore,Bengaluru
SAP-SEED-04174,SAP,SAP General / Consulting,2.92,3–4 years,Gurugram,Gurugram
SAP-SEED-04175,SAP Account/Payable,SAP Finance / FICO,7.0,5–7 years,Alappuzha / Alleppey,Alappuzha / Alleppey
SAP-SEED-04176,Sap ABAP Consultant,SAP ABAP / Development,4.67,3–4 years,Bhubaneswar,Bhubaneswar
SAP-SEED-04177,SAP ABAP Consultant,SAP ABAP / Development,4.58,3–4 years,Delhi,Delhi
SAP-SEED-04178,Assistant Executive,Non-SAP / Ambiguous,2.0,3–4 years,Meerut,Meerut
SAP-SEED-04179,SAP Account/Payable,SAP Finance / FICO,7.5,5–7 years,Pune,Pune
SAP-SEED-04180,Sap ABAP,SAP ABAP / Development,3.17,3–4 years,Hoshangabad,Hoshangabad
SAP-SEED-04181,Sap ABAP,SAP ABAP / Development,3.17,3–4 years,Bengaluru / Bangalore,Bengaluru
SAP-SEED-04182,Sap ABAP,SAP ABAP / Development,3.25,3–4 years,Pune,Pune
SAP-SEED-04183,SAP,SAP General / Consulting,3.17,3–4 years,Pune,Pune
SAP-SEED-04184,Manager,Non-SAP / Ambiguous,9.0,8–11 years,Vellore,Vellore
SAP-SEED-04185,Sap Fico Consultant,SAP Finance / FICO,5.5,5–7 years,Bengaluru / Bangalore,Bengaluru
SAP-SEED-04186,SAP Account/Payable,SAP Finance / FICO,7.0,5–7 years,Gurgaon / Gurugram,Gurugram
SAP-SEED-04187,Freelance Finance Consultant | SAP FICO Trainee | Credit Monitoring | US Mortgage | Power BI,SAP Finance / FICO,11.92,8–11 years,"Hyderabad / Secunderabad, Telangana",Hyderabad
SAP-SEED-04188,SAP Account/Payable,SAP Finance / FICO,2.0,3–4 years,Gurgaon / Gurugram,Gurugram
SAP-SEED-04189,Sap Fico,SAP Finance / FICO,4.33,3–4 years,Nagpur,Nagpur
SAP-SEED-04190,Sap Fico Consultant,SAP Finance / FICO,2.42,3–4 years,India,India
SAP-SEED-04191,Sap ABAP Consultant,SAP ABAP / Development,3.92,3–4 years,Bengaluru / Bangalore,Bengaluru
SAP-SEED-04192,Sap Fico Analyst,SAP Finance / FICO,3.42,3–4 years,Bengaluru / Bangalore,Bengaluru
SAP-SEED-04193,Assistant Manager,Non-SAP / Ambiguous,7.58,5–7 years,Siwan,Siwan
SAP-SEED-04194,Sap Fico Consultant,SAP Finance / FICO,5.17,5–7 years,Bengaluru / Bangalore,Bengaluru
SAP-SEED-04195,sap fico executive,SAP Finance / FICO,6.25,5–7 years,Varanasi,Varanasi
SAP-SEED-04196,SAP Account/Payable,SAP Finance / FICO,5.25,5–7 years,"Hyderabad / Secunderabad, Telangana",Hyderabad
SAP-SEED-04197,Sap ABAP Consultant,SAP ABAP / Development,3.08,3–4 years,Mumbai,Mumbai
SAP-SEED-04198,Sap Fico Cons,SAP Finance / FICO,4.5,3–4 years,Chennai,Chennai
SAP-SEED-04199,International Payroll Specialist,Non-SAP / Ambiguous,4.0,3–4 years,Alappuzha / Alleppey,Alappuzha / Alleppey
SAP-SEED-04200,Sap ABAP Developer,SAP ABAP / Development,2.83,3–4 years,Bengaluru / Bangalore,Bengaluru
SAP-SEED-04201,SAP Fico Functional Consultant,SAP Finance / FICO,3.08,3–4 years,Chennai,Chennai
SAP-SEED-04202,Senior Accounts & Finance Executive,SAP Finance / FICO,15.0,12+ years,Chennai,Chennai
SAP-SEED-04203,Sap ABAP Consultant,SAP ABAP / Development,2.58,3–4 years,Raipur,Raipur
SAP-SEED-04204,SAP ABAP Consultant,SAP ABAP / Development,3.58,3–4 years,"Hyderabad / Secunderabad, Telangana",Hyderabad
SAP-SEED-04205,Sap Fico Consultant,SAP Finance / FICO,4.08,3–4 years,"Hyderabad / Secunderabad, Telangana",Hyderabad
SAP-SEED-04206,Manager,Non-SAP / Ambiguous,14.0,12+ years,Bengaluru / Bangalore,Bengaluru
SAP-SEED-04207,Sap ABAP Developer,SAP ABAP / Development,2.67,3–4 years,Delhi,Delhi
SAP-SEED-04208,Sap ABAP Consultant,SAP ABAP / Development,5.33,5–7 years,Badlapur,Badlapur
SAP-SEED-04209,SAP,SAP General / Consulting,8.33,8–11 years,Bengaluru / Bangalore,Bengaluru
SAP-SEED-04210,Sap ABAP Associate,SAP ABAP / Development,3.67,3–4 years,Mumbai,Mumbai
SAP-SEED-04211,Sap ABAP Developer,SAP ABAP / Development,4.08,3–4 years,Bengaluru / Bangalore,Bengaluru
SAP-SEED-04212,Sap ABAP Developer,SAP ABAP / Development,5.75,5–7 years,"Hyderabad / Secunderabad, Telangana",Hyderabad
SAP-SEED-04213,Accounting finance SAP FICO,SAP Finance / FICO,2.58,3–4 years,Devanahalli,Devanahalli
SAP-SEED-04214,Sap ABAP Developer,SAP ABAP / Development,9.0,8–11 years,Bengaluru / Bangalore,Bengaluru
SAP-SEED-04215,SAP ABAP Technical Consultant,SAP ABAP / Development,6.67,5–7 years,"Hyderabad / Secunderabad, Telangana",Hyderabad
SAP-SEED-04216,Sap Fico,SAP Finance / FICO,3.5,3–4 years,Pune,Pune
SAP-SEED-04217,Associate,Non-SAP / Ambiguous,4.5,3–4 years,Pune,Pune
SAP-SEED-04218,Financial Associate,Non-SAP / Ambiguous,3.08,3–4 years,Mumbai,Mumbai
SAP-SEED-04219,Sap Fico Consultant,SAP Finance / FICO,10.67,8–11 years,Pune,Pune
SAP-SEED-04220,SAP Account/Payable,SAP Finance / FICO,2.5,3–4 years,Kolkata,Kolkata
SAP-SEED-04221,SAP,SAP General / Consulting,3.17,3–4 years,Siliguri,Siliguri
SAP-SEED-04222,Software Developer Engineer Testing,Non-SAP / Ambiguous,3.5,3–4 years,"Hyderabad / Secunderabad, Telangana",Hyderabad
SAP-SEED-04223,Process Analyst,Non-SAP / Ambiguous,2.25,3–4 years,"Hyderabad / Secunderabad, Telangana",Hyderabad
SAP-SEED-04224,Finance Executive,Non-SAP / Ambiguous,4.67,3–4 years,pune,Pune
SAP-SEED-04225,Associate,Non-SAP / Ambiguous,2.67,3–4 years,Chennai,Chennai
SAP-SEED-04226,Sap ABAP Consultant,SAP ABAP / Development,2.25,3–4 years,"Hyderabad / Secunderabad, Telangana",Hyderabad
SAP-SEED-04227,Sap ABAP,SAP ABAP / Development,12.0,12+ years,Singapore,Singapore
SAP-SEED-04228,SAP Account/Payable,SAP Finance / FICO,2.83,3–4 years,Bhubaneswar,Bhubaneswar
SAP-SEED-04229,Sap Trainee,SAP General / Consulting,2.0,3–4 years,Guntur,Guntur
SAP-SEED-04230,Cost Audit Trainee,Non-SAP / Ambiguous,2.75,3–4 years,Cochin / Kochi / Ernakulam,Cochin / Kochi / Ernakulam
SAP-SEED-04231,SAP Account/Payable,SAP Finance / FICO,6.75,5–7 years,Gurugram,Gurugram
SAP-SEED-04232,Sap Fico,SAP Finance / FICO,14.0,12+ years,"Hyderabad / Secunderabad, Telangana",Hyderabad
SAP-SEED-04233,Executive Finance & Commercial,Non-SAP / Ambiguous,8.0,8–11 years,Kolkata,Kolkata
SAP-SEED-04234,Sap ABAP Associate,SAP ABAP / Development,2.17,3–4 years,Bengaluru / Bangalore,Bengaluru
SAP-SEED-04235,Associate,Non-SAP / Ambiguous,4.08,3–4 years,Bengaluru / Bangalore,Bengaluru
SAP-SEED-04236,Process Executive,Non-SAP / Ambiguous,3.42,3–4 years,Chennai,Chennai
SAP-SEED-04237,Sap Consultant,SAP General / Consulting,4.42,3–4 years,Pune,Pune
SAP-SEED-04238,Sap Fico,SAP Finance / FICO,3.33,3–4 years,Pune,Pune
SAP-SEED-04239,Software Engineer 3,Non-SAP / Ambiguous,4.75,3–4 years,Bengaluru / Bangalore,Bengaluru
SAP-SEED-04240,SAP ABAP Developer,SAP ABAP / Development,2.25,3–4 years,Vijayawada,Vijayawada
SAP-SEED-04241,Associate,Non-SAP / Ambiguous,4.17,3–4 years,"Hyderabad / Secunderabad, Telangana",Hyderabad
SAP-SEED-04242,SAP Account/Payable,SAP Finance / FICO,6.25,5–7 years,Chennai,Chennai
SAP-SEED-04243,Credit Head,Non-SAP / Ambiguous,11.42,8–11 years,Singapore,Singapore
SAP-SEED-04244,Sap Functional,SAP General / Consulting,3.33,3–4 years,Kollam,Kollam
SAP-SEED-04245,Sap Consultant,SAP General / Consulting,12.0,12+ years,Pune,Pune
SAP-SEED-04246,Sap ABAP Developer,SAP ABAP / Development,3.08,3–4 years,"Hyderabad / Secunderabad, Telangana",Hyderabad
SAP-SEED-04247,Sap Fico Consultant,SAP Finance / FICO,5.5,5–7 years,"Hyderabad / Secunderabad, Telangana",Hyderabad
SAP-SEED-04248,Senior Finance Associate,Non-SAP / Ambiguous,7.0,5–7 years,Cochin / Kochi / Ernakulam,Cochin / Kochi / Ernakulam
SAP-SEED-04249,Sap fico consultant,SAP Finance / FICO,2.5,3–4 years,Bengaluru / Bangalore,Bengaluru
SAP-SEED-04250,Sap Senior Analyst,SAP General / Consulting,3.25,3–4 years,Chennai,Chennai
SAP-SEED-04251,Associate,Non-SAP / Ambiguous,3.92,3–4 years,Bengaluru / Bangalore,Bengaluru
SAP-SEED-04252,Assistant Manager,Non-SAP / Ambiguous,12.0,12+ years,"Hyderabad / Secunderabad, Telangana",Hyderabad
SAP-SEED-04253,Sap Consultant,SAP General / Consulting,2.58,3–4 years,Chennai,Chennai
SAP-SEED-04254,SAP Account/Payable,SAP Finance / FICO,7.83,5–7 years,hyderabad,Hyderabad
SAP-SEED-04255,Sap sd,SAP Sales / SD,3.67,3–4 years,Thane,Thane
SAP-SEED-04256,Sap Fico Consultant,SAP Finance / FICO,2.0,3–4 years,Nashik,Nashik
SAP-SEED-04257,Silversmith,Non-SAP / Ambiguous,4.42,3–4 years,Bengaluru / Bangalore,Bengaluru
SAP-SEED-04258,Sap Fico Trainee,SAP Finance / FICO,2.0,3–4 years,Pune,Pune
SAP-SEED-04259,SAP Fico Consultant,SAP Finance / FICO,3.0,3–4 years,Faridabad,Faridabad
SAP-SEED-04260,Sap ABAP Trainee,SAP ABAP / Development,2.83,3–4 years,Pune,Pune
SAP-SEED-04261,Technical Analyst,Non-SAP / Ambiguous,10.17,8–11 years,Pune,Pune
SAP-SEED-04262,SAP Account/Payable,SAP Finance / FICO,7.0,5–7 years,Gurgaon / Gurugram,Gurugram
SAP-SEED-04263,Lead Consultant,Non-SAP / Ambiguous,13.83,12+ years,Philippines,Philippines
SAP-SEED-04264,SAP ABAP Technical Consultant,SAP ABAP / Development,2.5,3–4 years,Bengaluru / Bangalore,Bengaluru
SAP-SEED-04265,Sap ABAP,SAP ABAP / Development,2.75,3–4 years,"Hyderabad / Secunderabad, Telangana",Hyderabad
SAP-SEED-04266,Data Reconciliation  Designing,Non-SAP / Ambiguous,3.58,3–4 years,Mumbai,Mumbai
SAP-SEED-04267,SAP Account/Payable,SAP Finance / FICO,2.08,3–4 years,Ambattur,Ambattur
SAP-SEED-04268,SAP Account/Payable,SAP Finance / FICO,8.5,8–11 years,Bengaluru / Bangalore,Bengaluru
SAP-SEED-04269,Associate,Non-SAP / Ambiguous,2.17,3–4 years,Mumbai,Mumbai
SAP-SEED-04270,SAP Account/Payable,SAP Finance / FICO,10.08,8–11 years,Siliguri,Siliguri
SAP-SEED-04271,Sap ABAP,SAP ABAP / Development,2.92,3–4 years,Bengaluru / Bangalore,Bengaluru
SAP-SEED-04272,Project Lead,SAP Project Systems / PS,14.33,12+ years,Bengaluru / Bangalore,Bengaluru
SAP-SEED-04273,Senior Tester,Non-SAP / Ambiguous,7.33,5–7 years,India,India
SAP-SEED-04274,Sap ABAP Developer,SAP ABAP / Development,2.17,3–4 years,Bengaluru / Bangalore,Bengaluru
SAP-SEED-04275,Project Lead Developer,SAP Project Systems / PS,12.08,12+ years,"Hyderabad / Secunderabad, Telangana",Hyderabad
SAP-SEED-04276,Sap ABAP,SAP ABAP / Development,3.58,3–4 years,Thrissur,Thrissur
SAP-SEED-04277,Sap ABAP Consultant,SAP ABAP / Development,8.58,8–11 years,Pune,Pune
SAP-SEED-04278,Project Engineer,SAP Project Systems / PS,3.25,3–4 years,Solapur,Solapur
SAP-SEED-04279,Sap Functional Associate,SAP General / Consulting,7.58,5–7 years,Pune,Pune
SAP-SEED-04280,SAP MM TRAINER,SAP Procurement / MM,7.0,5–7 years,Ahmedabad,Ahmedabad
SAP-SEED-04281,Sap Fico Consultant,SAP Finance / FICO,3.58,3–4 years,"Hyderabad / Secunderabad, Telangana",Hyderabad
SAP-SEED-04282,SAP fico consultant,SAP Finance / FICO,4.17,3–4 years,Pune,Pune
SAP-SEED-04283,Sap Fico Consultant,SAP Finance / FICO,14.75,12+ years,Pune,Pune
SAP-SEED-04284,Payroll Associate,Non-SAP / Ambiguous,3.17,3–4 years,"Hyderabad / Secunderabad, Telangana",Hyderabad
SAP-SEED-04285,SAP Account/Payable,SAP Finance / FICO,4.58,3–4 years,Cochin / Kochi / Ernakulam,Cochin / Kochi / Ernakulam
SAP-SEED-04286,Sap Fico Consultant,SAP Finance / FICO,3.42,3–4 years,Bengaluru / Bangalore,Bengaluru
SAP-SEED-04287,Sap Fico,SAP Finance / FICO,11.0,8–11 years,"Hyderabad / Secunderabad, Telangana",Hyderabad
SAP-SEED-04288,Associate Software Engineer,Non-SAP / Ambiguous,2.0,3–4 years,Chennai,Chennai
SAP-SEED-04289,Sap Fico Consultant,SAP Finance / FICO,4.33,3–4 years,Malaysia,Malaysia
SAP-SEED-04290,Sap Fico Consultant,SAP Finance / FICO,5.58,5–7 years,Gurgaon / Gurugram,Gurugram
SAP-SEED-04291,SAP Account/Payable,SAP Finance / FICO,3.67,3–4 years,Ahmednagar,Ahmednagar
SAP-SEED-04292,Sap Fico Consultant,SAP Finance / FICO,4.67,3–4 years,Bengaluru / Bangalore,Bengaluru
SAP-SEED-04293,Senior SAP FICO consultant,SAP Finance / FICO,11.83,8–11 years,"Hyderabad, Uttar Pradesh",Hyderabad
SAP-SEED-04294,Sr.Executive,Non-SAP / Ambiguous,4.67,3–4 years,"Hyderabad / Secunderabad, Telangana",Hyderabad
SAP-SEED-04295,Sap ABAP Consultant,SAP ABAP / Development,6.33,5–7 years,Aurangabad,Aurangabad
SAP-SEED-04296,Sap ABAP Consultant,SAP ABAP / Development,2.08,3–4 years,Ujjain,Ujjain
SAP-SEED-04297,Sap Fico Cons,SAP Finance / FICO,8.83,8–11 years,"Hyderabad / Secunderabad, Telangana",Hyderabad
SAP-SEED-04298,Sap ABAP Consultant,SAP ABAP / Development,3.67,3–4 years,"Hyderabad / Secunderabad, Telangana",Hyderabad
SAP-SEED-04299,Data Analyst,Non-SAP / Ambiguous,10.42,8–11 years,Mumbai,Mumbai
SAP-SEED-04300,SAP Account/Payable,SAP Finance / FICO,2.42,3–4 years,,Unknown
SAP-SEED-04301,R2R Associate,Non-SAP / Ambiguous,2.0,3–4 years,Bengaluru / Bangalore,Bengaluru
SAP-SEED-04302,Solution Architect,Non-SAP / Ambiguous,13.92,12+ years,Bengaluru / Bangalore,Bengaluru
SAP-SEED-04303,Executive IT / SAP ABAP,SAP ABAP / Development,9.75,8–11 years,Hubli,Hubli
SAP-SEED-04304,Sap Fico Consultant,SAP Finance / FICO,3.58,3–4 years,"Hyderabad / Secunderabad, Telangana",Hyderabad
SAP-SEED-04305,Sap Fico,SAP Finance / FICO,4.0,3–4 years,"Hyderabad / Secunderabad, Telangana",Hyderabad
SAP-SEED-04306,Process Associate Banking,Non-SAP / Ambiguous,11.17,8–11 years,Chennai,Chennai
SAP-SEED-04307,Team Leader,Non-SAP / Ambiguous,9.33,8–11 years,Pune,Pune
SAP-SEED-04308,Sap Project Manager,SAP Project Systems / PS,8.75,8–11 years,Kolkata,Kolkata
SAP-SEED-04309,ABAP Developer,SAP ABAP / Development,2.75,3–4 years,Pune,Pune
SAP-SEED-04310,Deputy CFO Bed Linen Division,Non-SAP / Ambiguous,6.08,5–7 years,Jaipur,Jaipur
SAP-SEED-04311,SAP ABAP Consultant,SAP ABAP / Development,11.42,8–11 years,Bahrain,Bahrain
SAP-SEED-04312,Compliance Analyst,Non-SAP / Ambiguous,5.92,5–7 years,"Hyderabad / Secunderabad, Telangana",Hyderabad
SAP-SEED-04313,Software Developer,Non-SAP / Ambiguous,2.08,3–4 years,Salem,Salem
SAP-SEED-04314,Sap ABAP Developer,SAP ABAP / Development,3.75,3–4 years,Pune,Pune
SAP-SEED-04315,Sap ABAP Consultant,SAP ABAP / Development,14.08,12+ years,Saudi Arabia,Saudi Arabia
SAP-SEED-04316,Process Developer,Non-SAP / Ambiguous,11.92,8–11 years,Kolkata,Kolkata
SAP-SEED-04317,Sap ABAP Developer,SAP ABAP / Development,2.83,3–4 years,Kakinada,Kakinada
SAP-SEED-04318,Sap fico,SAP Finance / FICO,2.75,3–4 years,Shimoga,Shimoga
SAP-SEED-04319,Sap Consultant,SAP General / Consulting,6.83,5–7 years,Bengaluru / Bangalore,Bengaluru
SAP-SEED-04320,IT Store Incharge,Non-SAP / Ambiguous,15.67,12+ years,Junagadh,Junagadh
SAP-SEED-04321,Sap Fico Consultant,SAP Finance / FICO,3.08,3–4 years,Coimbatore,Coimbatore
SAP-SEED-04322,Sap Technical Consultant,SAP General / Consulting,7.67,5–7 years,"Hyderabad / Secunderabad, Telangana",Hyderabad
SAP-SEED-04323,Sap Fico Consultant,SAP Finance / FICO,4.08,3–4 years,"Hyderabad / Secunderabad, Telangana",Hyderabad
SAP-SEED-04324,SAP,SAP General / Consulting,2.08,3–4 years,Warangal,Warangal
SAP-SEED-04325,Sap ABAP Consultant,SAP ABAP / Development,2.67,3–4 years,Bhubaneswar,Bhubaneswar
SAP-SEED-04326,Sap ABAP Consultant,SAP ABAP / Development,3.58,3–4 years,Bengaluru / Bangalore,Bengaluru
SAP-SEED-04327,Senior Analyst,Non-SAP / Ambiguous,4.17,3–4 years,"Hyderabad / Secunderabad, Telangana",Hyderabad
SAP-SEED-04328,SAP ABAP Technical Consultant,SAP ABAP / Development,2.58,3–4 years,"Hyderabad / Secunderabad, Telangana",Hyderabad
SAP-SEED-04329,Analyst,Non-SAP / Ambiguous,6.25,5–7 years,Jamshedpur,Jamshedpur
SAP-SEED-04330,Sap ABAP Developer,SAP ABAP / Development,3.17,3–4 years,Delhi,Delhi
SAP-SEED-04331,Catalogue Analyst,Non-SAP / Ambiguous,2.0,3–4 years,Chennai,Chennai
SAP-SEED-04332,Sap ABAP Consultant,SAP ABAP / Development,3.92,3–4 years,Pune,Pune
SAP-SEED-04333,Sap Team Lead,SAP General / Consulting,10.42,8–11 years,Visakhapatnam,Visakhapatnam
SAP-SEED-04334,Associate Consultant,Non-SAP / Ambiguous,6.08,5–7 years,Pune,Pune
SAP-SEED-04335,Business Finance Analyst,Non-SAP / Ambiguous,2.42,3–4 years,"Hyderabad / Secunderabad, Telangana",Hyderabad
SAP-SEED-04336,Sap Fico Consultant,SAP Finance / FICO,5.58,5–7 years,Pune,Pune
SAP-SEED-04337,Treasury Analyst,SAP Finance / FICO,2.92,3–4 years,Bengaluru / Bangalore,Bengaluru
SAP-SEED-04338,SAP,SAP General / Consulting,3.0,3–4 years,Bengaluru / Bangalore,Bengaluru
SAP-SEED-04339,Associate Consultant,Non-SAP / Ambiguous,3.42,3–4 years,India,India
SAP-SEED-04340,C++ DEVELOPER,Non-SAP / Ambiguous,7.5,5–7 years,Pune,Pune
SAP-SEED-04341,SAP Account/Payable,SAP Finance / FICO,8.17,8–11 years,Pune,Pune
SAP-SEED-04342,Sap ABAP Developer,SAP ABAP / Development,14.17,12+ years,Philippines,Philippines
SAP-SEED-04343,Billing Executive Finance,SAP Analytics / BW,2.5,3–4 years,Madurai,Madurai
SAP-SEED-04344,Assistant Manager,Non-SAP / Ambiguous,8.17,8–11 years,"Hyderabad / Secunderabad, Telangana",Hyderabad
SAP-SEED-04345,Process Associate,Non-SAP / Ambiguous,3.58,3–4 years,Ahmedabad,Ahmedabad
SAP-SEED-04346,SAP Account/Payable,SAP Finance / FICO,2.0,3–4 years,Cuddalore,Cuddalore
SAP-SEED-04347,Relationship manager,Non-SAP / Ambiguous,5.08,5–7 years,Kolkata,Kolkata
SAP-SEED-04348,Sap Fico Consultant,SAP Finance / FICO,4.42,3–4 years,Bengaluru / Bangalore,Bengaluru
SAP-SEED-04349,SAP Account/Payable,SAP Finance / FICO,2.42,3–4 years,Bengaluru / Bangalore,Bengaluru
SAP-SEED-04350,SAP,SAP General / Consulting,5.08,5–7 years,Palakkad,Palakkad
SAP-SEED-04351,SAP Account/Payable,SAP Finance / FICO,2.0,3–4 years,Chennai,Chennai
SAP-SEED-04352,SAP,SAP General / Consulting,3.33,3–4 years,Mumbai,Mumbai
SAP-SEED-04353,Team Lead,Non-SAP / Ambiguous,9.42,8–11 years,Visakhapatnam,Visakhapatnam
SAP-SEED-04354,Embedded Developer,Non-SAP / Ambiguous,2.58,3–4 years,Bengaluru / Bangalore,Bengaluru
SAP-SEED-04355,Sap Basis Consultant,SAP Basis / Administration,3.83,3–4 years,"Hyderabad / Secunderabad, Telangana",Hyderabad
SAP-SEED-04356,SAP Account/Payable,SAP Finance / FICO,15.0,12+ years,Chennai,Chennai
SAP-SEED-04357,SAP Account/Payable,SAP Finance / FICO,2.17,3–4 years,Chennai,Chennai
SAP-SEED-04358,Not applicable - Fresher,Non-SAP / Ambiguous,2.5,3–4 years,Sattur,Sattur
SAP-SEED-04359,Sap Fico Consultant,SAP Finance / FICO,6.25,5–7 years,Bengaluru / Bangalore,Bengaluru
SAP-SEED-04360,Sales Manager,SAP Sales / SD,2.08,3–4 years,Bengaluru / Bangalore,Bengaluru
SAP-SEED-04361,Associate Software Engineer,Non-SAP / Ambiguous,3.33,3–4 years,"Hyderabad / Secunderabad, Telangana",Hyderabad
SAP-SEED-04362,Analyst,Non-SAP / Ambiguous,2.67,3–4 years,Gurugram,Gurugram
SAP-SEED-04363,SAP Account/Payable,SAP Finance / FICO,3.5,3–4 years,Chennai,Chennai
SAP-SEED-04364,SAP Account/Payable,SAP Finance / FICO,12.17,12+ years,Bengaluru / Bangalore,Bengaluru
SAP-SEED-04365,SAP,SAP General / Consulting,7.58,5–7 years,Bengaluru / Bangalore,Bengaluru
SAP-SEED-04366,SAP ABAP Technical Consultant,SAP ABAP / Development,12.0,12+ years,Metro Manila / NCR,Metro Manila / NCR
SAP-SEED-04367,Sap Fico Consultant,SAP Finance / FICO,9.17,8–11 years,"Hyderabad / Secunderabad, Telangana",Hyderabad
SAP-SEED-04368,Senior Technical Manager,Non-SAP / Ambiguous,15.67,12+ years,Chennai,Chennai
SAP-SEED-04369,Sap ABAP Consultant,SAP ABAP / Development,13.42,12+ years,Singapore,Singapore
SAP-SEED-04370,SAP ABAP Technical Manager,SAP ABAP / Development,15.58,12+ years,Mumbai,Mumbai
SAP-SEED-04371,SAP Account/Payable,SAP Finance / FICO,4.5,3–4 years,Penukonda,Penukonda
SAP-SEED-04372,SAP,SAP General / Consulting,3.08,3–4 years,Pune,Pune
SAP-SEED-04373,Sap Fico Consultant,SAP Finance / FICO,5.42,5–7 years,Bengaluru / Bangalore,Bengaluru
SAP-SEED-04374,Sap fico end user,SAP Finance / FICO,2.67,3–4 years,Pune,Pune
SAP-SEED-04375,Management Trainer,Non-SAP / Ambiguous,4.58,3–4 years,Mumbai,Mumbai
SAP-SEED-04376,Technical Lead,Non-SAP / Ambiguous,14.92,12+ years,Trichy,Trichy
SAP-SEED-04377,Sap Fico Consultant,SAP Finance / FICO,14.83,12+ years,Metro Manila / NCR,Metro Manila / NCR
SAP-SEED-04378,Business Development Executive,Non-SAP / Ambiguous,2.25,3–4 years,Salem,Salem
SAP-SEED-04379,SAP ABAP LEAD CONSULTANT & Trainer,SAP ABAP / Development,13.25,12+ years,Dubai,Dubai
SAP-SEED-04380,Associate Consultant Sap,SAP General / Consulting,4.92,3–4 years,Pune,Pune
SAP-SEED-04381,Senior Financial Analyst,Non-SAP / Ambiguous,6.42,5–7 years,Pune,Pune
SAP-SEED-04382,Sap Fico,SAP Finance / FICO,5.33,5–7 years,"Hyderabad / Secunderabad, Telangana",Hyderabad
SAP-SEED-04383,Sap ABAP Developer,SAP ABAP / Development,13.0,12+ years,Philippines,Philippines
SAP-SEED-04384,SAP Account/Payable,SAP Finance / FICO,3.83,3–4 years,Nashik,Nashik
SAP-SEED-04385,SAP,SAP General / Consulting,10.25,8–11 years,Bengaluru / Bangalore,Bengaluru
SAP-SEED-04386,Business Analyst,Non-SAP / Ambiguous,4.0,3–4 years,Navi Mumbai,Mumbai
SAP-SEED-04387,Sap ABAP Intern,SAP ABAP / Development,4.83,3–4 years,Chennai,Chennai
SAP-SEED-04388,Sap Fico,SAP Finance / FICO,4.58,3–4 years,"Hyderabad / Secunderabad, Telangana",Hyderabad
SAP-SEED-04389,Associate Consultant,Non-SAP / Ambiguous,3.5,3–4 years,Adilabad,Adilabad
SAP-SEED-04390,Relationship Manager,Non-SAP / Ambiguous,6.67,5–7 years,Ahmednagar,Ahmednagar
SAP-SEED-04391,Senior Associate,Non-SAP / Ambiguous,5.83,5–7 years,Bengaluru / Bangalore,Bengaluru
SAP-SEED-04392,SAP Account/Payable,SAP Finance / FICO,4.83,3–4 years,Jatani,Jatani
SAP-SEED-04393,Experienced Associate,Non-SAP / Ambiguous,6.58,5–7 years,Pune,Pune
SAP-SEED-04394,Senior Software Analyst,Non-SAP / Ambiguous,13.0,12+ years,Indonesia,Indonesia
SAP-SEED-04395,Sap Fico Consultant,SAP Finance / FICO,3.25,3–4 years,Warangal,Warangal
SAP-SEED-04396,Sap Fico Consultant,SAP Finance / FICO,4.08,3–4 years,Delhi,Delhi
SAP-SEED-04397,SAP Account/Payable,SAP Finance / FICO,2.67,3–4 years,,Unknown
SAP-SEED-04398,Coordinator Operation,Non-SAP / Ambiguous,7.58,5–7 years,Mumbai,Mumbai
SAP-SEED-04399,Senior Executive Finance,Non-SAP / Ambiguous,5.08,5–7 years,Bengaluru / Bangalore,Bengaluru
SAP-SEED-04400,SAP Account/Payable,SAP Finance / FICO,5.5,5–7 years,Bengaluru / Bangalore,Bengaluru
SAP-SEED-04401,Consultant EAM,Non-SAP / Ambiguous,14.25,12+ years,"Hyderabad / Secunderabad, Telangana",Hyderabad
SAP-SEED-04402,Sap Fico,SAP Finance / FICO,11.08,8–11 years,"Hyderabad / Secunderabad, Telangana",Hyderabad
SAP-SEED-04403,SAP,SAP General / Consulting,7.08,5–7 years,Lucknow,Lucknow
SAP-SEED-04404,SAP,SAP General / Consulting,2.92,3–4 years,Bengaluru / Bangalore,Bengaluru
SAP-SEED-04405,Deputy Manager,Non-SAP / Ambiguous,3.5,3–4 years,Navi Mumbai,Mumbai
SAP-SEED-04406,Sap End User,SAP General / Consulting,3.92,3–4 years,"Hyderabad / Secunderabad, Telangana",Hyderabad
SAP-SEED-04407,Sap ABAP Developer,SAP ABAP / Development,7.08,5–7 years,Varanasi,Varanasi
SAP-SEED-04408,Application Development Analyst,Non-SAP / Ambiguous,4.25,3–4 years,Chandrapur,Chandrapur
SAP-SEED-04409,SAP Certified Professional - SAP  FI,SAP Finance / FICO,3.42,3–4 years,Pune,Pune
SAP-SEED-04410,SAP Account/Payable,SAP Finance / FICO,2.33,3–4 years,Pune,Pune
SAP-SEED-04411,Consultant Sap Fico,SAP Finance / FICO,8.0,8–11 years,"Hyderabad / Secunderabad, Telangana",Hyderabad
SAP-SEED-04412,Sap ABAP Consultant,SAP ABAP / Development,2.17,3–4 years,"Hyderabad / Secunderabad, Telangana",Hyderabad
SAP-SEED-04413,Sap ABAP,SAP ABAP / Development,4.25,3–4 years,India,India
SAP-SEED-04414,SAP Account/Payable,SAP Finance / FICO,2.5,3–4 years,Kuala Lumpur,Kuala Lumpur
SAP-SEED-04415,sal ABAP developer,SAP ABAP / Development,3.42,3–4 years,"Hyderabad / Secunderabad, Telangana",Hyderabad
SAP-SEED-04416,Sap Fico Consultant,SAP Finance / FICO,8.83,8–11 years,India,India
SAP-SEED-04417,Citizen Service Executive,Non-SAP / Ambiguous,8.25,8–11 years,Kolkata,Kolkata
SAP-SEED-04418,Customs Broker,Non-SAP / Ambiguous,8.92,8–11 years,Pune,Pune
SAP-SEED-04419,Programming Analyst,Non-SAP / Ambiguous,3.0,3–4 years,"Hyderabad / Secunderabad, Telangana",Hyderabad
SAP-SEED-04420,Sap Fico Tester,SAP Finance / FICO,12.75,12+ years,Bengaluru / Bangalore,Bengaluru
SAP-SEED-04421,Sap Fico Consultant,SAP Finance / FICO,5.08,5–7 years,Bengaluru / Bangalore,Bengaluru
SAP-SEED-04422,Sap ABAP Developer,SAP ABAP / Development,3.5,3–4 years,India,India
SAP-SEED-04423,SAP Account/Payable,SAP Finance / FICO,7.42,5–7 years,Mysore,Mysore
SAP-SEED-04424,Sap Fico,SAP Finance / FICO,4.25,3–4 years,"Hyderabad / Secunderabad, Telangana",Hyderabad
SAP-SEED-04425,Sap Fico Consultant,SAP Finance / FICO,3.08,3–4 years,Bengaluru / Bangalore,Bengaluru
SAP-SEED-04426,Consultant 2,Non-SAP / Ambiguous,7.75,5–7 years,Kolkata,Kolkata
SAP-SEED-04427,Sap ABAP Consult,SAP ABAP / Development,7.0,5–7 years,Roha,Roha
SAP-SEED-04428,Senior SAP FICO CONSULTANT,SAP Finance / FICO,10.5,8–11 years,Bengaluru / Bangalore,Bengaluru
SAP-SEED-04429,SAP Account/Payable,SAP Finance / FICO,2.33,3–4 years,Delhi,Delhi
SAP-SEED-04430,Software Engineer,Non-SAP / Ambiguous,4.17,3–4 years,Gurugram,Gurugram
SAP-SEED-04431,Sap ABAP Consultant,SAP ABAP / Development,2.92,3–4 years,Pune,Pune
SAP-SEED-04432,FICO Solution Architect,SAP Finance / FICO,13.0,12+ years,"Hyderabad / Secunderabad, Telangana",Hyderabad
SAP-SEED-04433,SAP Techno-functional Consultant,SAP General / Consulting,13.0,12+ years,Singapore,Singapore
SAP-SEED-04434,SAP Account/Payable,SAP Finance / FICO,5.08,5–7 years,Bengaluru / Bangalore,Bengaluru
SAP-SEED-04435,Sap Fico Consultant,SAP Finance / FICO,12.08,12+ years,Bengaluru / Bangalore,Bengaluru
SAP-SEED-04436,Sap ABAP Developer,SAP ABAP / Development,3.75,3–4 years,Bengaluru / Bangalore,Bengaluru
SAP-SEED-04437,Sap Fico Consultant,SAP Finance / FICO,5.83,5–7 years,"Hyderabad / Secunderabad, Telangana",Hyderabad
SAP-SEED-04438,SAP Account/Payable,SAP Finance / FICO,6.33,5–7 years,Pune,Pune
SAP-SEED-04439,ABAP Consultant,SAP ABAP / Development,3.5,3–4 years,"Hyderabad / Secunderabad, Telangana",Hyderabad
SAP-SEED-04440,Lead Consultant,Non-SAP / Ambiguous,15.5,12+ years,"Hyderabad / Secunderabad, Telangana",Hyderabad
SAP-SEED-04441,Sap Fico Consultant,SAP Finance / FICO,5.0,5–7 years,"Hyderabad / Secunderabad, Telangana",Hyderabad
SAP-SEED-04442,SAP Account/Payable,SAP Finance / FICO,7.33,5–7 years,Noida,Noida
SAP-SEED-04443,Application Developer,Non-SAP / Ambiguous,2.17,3–4 years,Greater Noida,Noida
SAP-SEED-04444,SAP Account/Payable,SAP Finance / FICO,3.08,3–4 years,Belgaum,Belgaum
SAP-SEED-04445,Sap Fico Consultant,SAP Finance / FICO,3.17,3–4 years,Gurgaon / Gurugram,Gurugram
SAP-SEED-04446,SAP,SAP General / Consulting,10.0,8–11 years,Chennai,Chennai
SAP-SEED-04447,Sap ABAP,SAP ABAP / Development,2.92,3–4 years,Kolar,Kolar
SAP-SEED-04448,Sap Consultant,SAP General / Consulting,2.42,3–4 years,Dehradun,Dehradun
SAP-SEED-04449,Operations Executive,Non-SAP / Ambiguous,3.17,3–4 years,Navi Mumbai,Mumbai
SAP-SEED-04450,Associate Consultant,Non-SAP / Ambiguous,2.92,3–4 years,Chennai,Chennai
SAP-SEED-04451,SAP FICO,SAP Finance / FICO,7.0,5–7 years,Indore,Indore
SAP-SEED-04452,Senior Executive,Non-SAP / Ambiguous,7.25,5–7 years,Ahmedabad,Ahmedabad
SAP-SEED-04453,Sap Ewm Consultant,SAP Warehouse / EWM,3.0,3–4 years,"Hyderabad / Secunderabad, Telangana",Hyderabad
SAP-SEED-04454,Sr. SAP MM Consultant,SAP Procurement / MM,5.67,5–7 years,Canada,Canada
SAP-SEED-04455,Purchase Manager,SAP Procurement / MM,6.42,5–7 years,Mumbai City,Mumbai
SAP-SEED-04456,SAP MM Consultant,SAP Procurement / MM,2.25,3–4 years,,Unknown
SAP-SEED-04457,SAP MM Associate Consultant,SAP Procurement / MM,5.42,5–7 years,Pune,Pune
SAP-SEED-04458,Shift In-charge,Non-SAP / Ambiguous,6.17,5–7 years,Pune,Pune
SAP-SEED-04459,S4 HANA MM Consultant,SAP Procurement / MM,8.0,8–11 years,Bengaluru / Bangalore,Bengaluru
SAP-SEED-04460,SAP FICO,SAP Finance / FICO,5.5,5–7 years,Bengaluru / Bangalore,Bengaluru
SAP-SEED-04461,Finance Specialist,Non-SAP / Ambiguous,6.5,5–7 years,"Hyderabad / Secunderabad, Telangana",Hyderabad
SAP-SEED-04462,Sap Executive,SAP General / Consulting,4.58,3–4 years,Rajkot,Rajkot
SAP-SEED-04463,Part modeling,Non-SAP / Ambiguous,5.5,5–7 years,Ahmednagar,Ahmednagar
SAP-SEED-04464,Quality Supervisor,Non-SAP / Ambiguous,2.08,3–4 years,Nashik,Nashik
SAP-SEED-04465,Sap Consultant,SAP General / Consulting,3.42,3–4 years,Tumkur,Tumkur
SAP-SEED-04466,Procurement Specialist,SAP Procurement / MM,5.67,5–7 years,Bengaluru / Bangalore,Bengaluru
SAP-SEED-04467,SAP Account/Payable,SAP Finance / FICO,8.33,8–11 years,Greater Noida,Noida
SAP-SEED-04468,Packaged app development Associate,Non-SAP / Ambiguous,2.0,3–4 years,Bengaluru / Bangalore,Bengaluru
SAP-SEED-04469,Associate Sales Manager,SAP Sales / SD,3.17,3–4 years,Nalanda,Nalanda
SAP-SEED-04470,Associate Software Engineer,Non-SAP / Ambiguous,2.0,3–4 years,Bengaluru / Bangalore,Bengaluru
SAP-SEED-04471,SAP,SAP General / Consulting,2.83,3–4 years,Bengaluru / Bangalore,Bengaluru
SAP-SEED-04472,Fresher,Non-SAP / Ambiguous,2.5,3–4 years,Navi Mumbai,Mumbai
SAP-SEED-04473,SAP,SAP General / Consulting,7.08,5–7 years,Visakhapatnam,Visakhapatnam
SAP-SEED-04474,Procurement Executive,SAP Procurement / MM,3.17,3–4 years,Bengaluru / Bangalore,Bengaluru
SAP-SEED-04475,SAP Consultant,SAP General / Consulting,7.0,5–7 years,Yavatmal,Yavatmal
SAP-SEED-04476,SAP-MM End User,SAP Procurement / MM,4.92,3–4 years,Kolhapur,Kolhapur
SAP-SEED-04477,Internal Auditor,Non-SAP / Ambiguous,5.58,5–7 years,Nagpur,Nagpur
SAP-SEED-04478,Sap MDM Consultant,SAP General / Consulting,3.17,3–4 years,Coimbatore,Coimbatore
SAP-SEED-04479,Sap Functional Consultant,SAP General / Consulting,3.75,3–4 years,Bhubaneswar,Bhubaneswar
SAP-SEED-04480,Sap Functional Consultant,SAP General / Consulting,8.17,8–11 years,Noida,Noida
SAP-SEED-04481,Assistant Manager - Manufacturing Planning and Logistics,SAP Manufacturing / PP,7.08,5–7 years,Gandhinagar,Gandhinagar
SAP-SEED-04482,Senior Associate,Non-SAP / Ambiguous,6.25,5–7 years,Bengaluru / Bangalore,Bengaluru
SAP-SEED-04483,Assistant Manager,Non-SAP / Ambiguous,2.33,3–4 years,Hassan,Hassan
SAP-SEED-04484,Asst.Engineer,Non-SAP / Ambiguous,6.75,5–7 years,Keonjhar,Keonjhar
SAP-SEED-04485,Sap Analyst,SAP General / Consulting,8.42,8–11 years,Pune,Pune
SAP-SEED-04486,Senior Consultant,Non-SAP / Ambiguous,4.0,3–4 years,Mumbai City,Mumbai
SAP-SEED-04487,Senior Software Analyst,Non-SAP / Ambiguous,3.58,3–4 years,Chennai,Chennai
SAP-SEED-04488,Associate,Non-SAP / Ambiguous,2.92,3–4 years,"Hyderabad / Secunderabad, Telangana",Hyderabad
SAP-SEED-04489,SAP Account/Payable,SAP Finance / FICO,3.17,3–4 years,Lucknow,Lucknow
SAP-SEED-04490,Sap Functional Consultant,SAP General / Consulting,3.33,3–4 years,Bengaluru / Bangalore,Bengaluru
SAP-SEED-04491,Assistant Procurement & commercial Manger,SAP Procurement / MM,6.75,5–7 years,Bhubaneswar,Bhubaneswar
SAP-SEED-04492,Sap Ewm Consultant,SAP Warehouse / EWM,4.33,3–4 years,Bengaluru / Bangalore,Bengaluru
SAP-SEED-04493,SAP Hana Developer,SAP HANA / Data,3.83,3–4 years,Navi Mumbai,Mumbai
SAP-SEED-04494,Project Engineer,SAP Project Systems / PS,6.0,5–7 years,Pune,Pune
SAP-SEED-04495,Front Desk Reception,Non-SAP / Ambiguous,2.17,3–4 years,Mysore,Mysore
SAP-SEED-04496,Shift Lead,Non-SAP / Ambiguous,2.67,3–4 years,Chennai,Chennai
SAP-SEED-04497,Design Engineer,Non-SAP / Ambiguous,4.17,3–4 years,Singapore,Singapore
SAP-SEED-04498,Sap Associate,SAP General / Consulting,7.25,5–7 years,Howrah,Howrah
SAP-SEED-04499,SAP MM Functional consultant,SAP Procurement / MM,3.58,3–4 years,Rewa,Rewa
SAP-SEED-04500,Senior sourcing associate,SAP Procurement / MM,3.0,3–4 years,Delhi,Delhi
SAP-SEED-04501,SAP Account/Payable,SAP Finance / FICO,4.75,3–4 years,Nashik,Nashik
SAP-SEED-04502,Business Architect,Non-SAP / Ambiguous,8.5,8–11 years,Chennai,Chennai
SAP-SEED-04503,SAP,SAP General / Consulting,8.42,8–11 years,Jajpur,Jajpur
SAP-SEED-04504,Sea Import Executive,Non-SAP / Ambiguous,6.5,5–7 years,Chennai,Chennai
SAP-SEED-04505,Senior Engineer,Non-SAP / Ambiguous,8.5,8–11 years,Chennai,Chennai
SAP-SEED-04506,BASIS Consultant,SAP Basis / Administration,5.33,5–7 years,Bengaluru / Bangalore,Bengaluru
SAP-SEED-04507,Executive,Non-SAP / Ambiguous,5.92,5–7 years,Palakkad,Palakkad
SAP-SEED-04508,SAP,SAP General / Consulting,3.75,3–4 years,Chennai,Chennai
SAP-SEED-04509,Senior Executive SCM,Non-SAP / Ambiguous,4.0,3–4 years,Bengaluru / Bangalore,Bengaluru
SAP-SEED-04510,Associate SAP MM CONSULTANT,SAP Procurement / MM,2.58,3–4 years,Bengaluru / Bangalore,Bengaluru
SAP-SEED-04511,Production Planning,SAP Manufacturing / PP,2.25,3–4 years,Salem,Salem
SAP-SEED-04512,Sap mm,SAP Procurement / MM,3.25,3–4 years,"Hyderabad / Secunderabad, Telangana",Hyderabad
SAP-SEED-04513,Senior Associate,Non-SAP / Ambiguous,7.0,5–7 years,Bengaluru / Bangalore,Bengaluru
SAP-SEED-04514,Associate SAP Consultant,SAP General / Consulting,3.08,3–4 years,India,India
SAP-SEED-04515,Supply Chain Lead,SAP Supply Chain / APO,2.92,3–4 years,Pithampur,Pithampur
SAP-SEED-04516,SAP,SAP General / Consulting,4.17,3–4 years,Bengaluru / Bangalore,Bengaluru
SAP-SEED-04517,SAP MM Consultant,SAP Procurement / MM,6.25,5–7 years,Bengaluru / Bangalore,Bengaluru
SAP-SEED-04518,Junior Associates,Non-SAP / Ambiguous,3.17,3–4 years,Pune,Pune
SAP-SEED-04519,Power Bi Developer,SAP Analytics / BW,6.5,5–7 years,Bengaluru / Bangalore,Bengaluru
SAP-SEED-04520,Functional Consultant Sap,SAP General / Consulting,3.58,3–4 years,Bengaluru / Bangalore,Bengaluru
SAP-SEED-04521,SAP,SAP General / Consulting,8.25,8–11 years,Kanchipuram,Kanchipuram
SAP-SEED-04522,Associate Software Engineer,Non-SAP / Ambiguous,4.33,3–4 years,Bengaluru / Bangalore,Bengaluru
SAP-SEED-04523,Production Officer,SAP Manufacturing / PP,3.42,3–4 years,Pudukkottai,Pudukkottai
SAP-SEED-04524,Document Controller,Non-SAP / Ambiguous,4.0,3–4 years,Pune,Pune
SAP-SEED-04525,"SAP ABAP ,FORI Developer",SAP ABAP / Development,7.5,5–7 years,Chennai,Chennai
SAP-SEED-04526,Procurement Agent,SAP Procurement / MM,3.83,3–4 years,Bengaluru / Bangalore,Bengaluru
SAP-SEED-04527,Associate,Non-SAP / Ambiguous,3.25,3–4 years,Pune,Pune
SAP-SEED-04528,Software Engineer,Non-SAP / Ambiguous,3.0,3–4 years,Bengaluru / Bangalore,Bengaluru
SAP-SEED-04529,Sap Support,SAP General / Consulting,2.5,3–4 years,Pune,Pune
SAP-SEED-04530,Senior SAP PP QM Consultant,SAP Manufacturing / PP,7.83,5–7 years,India,India
SAP-SEED-04531,SAP,SAP General / Consulting,2.75,3–4 years,"Hyderabad / Secunderabad, Telangana",Hyderabad
SAP-SEED-04532,Associate Consultant,Non-SAP / Ambiguous,5.25,5–7 years,Bengaluru / Bangalore,Bengaluru
SAP-SEED-04533,Financial adviser,Non-SAP / Ambiguous,4.5,3–4 years,India,India
SAP-SEED-04534,Sap Consultant,SAP General / Consulting,4.58,3–4 years,"Hyderabad / Secunderabad, Telangana",Hyderabad
SAP-SEED-04535,SAP MM Consultant,SAP Procurement / MM,7.67,5–7 years,Bengaluru / Bangalore,Bengaluru
SAP-SEED-04536,Supply Chain Executive,SAP Supply Chain / APO,2.92,3–4 years,Chennai,Chennai
SAP-SEED-04537,Senior System Engineer,Non-SAP / Ambiguous,4.17,3–4 years,Mangalore,Mangalore
SAP-SEED-04538,SAP MM consultant,SAP Procurement / MM,4.83,3–4 years,"Hyderabad / Secunderabad, Telangana",Hyderabad
SAP-SEED-04539,SAP BW Consultant,SAP Analytics / BW,2.08,3–4 years,"Hyderabad / Secunderabad, Telangana",Hyderabad
SAP-SEED-04540,Lead Consultant,Non-SAP / Ambiguous,8.25,8–11 years,"Hyderabad / Secunderabad, Telangana",Hyderabad
SAP-SEED-04541,Senior Demand Planner,Non-SAP / Ambiguous,7.33,5–7 years,Mumbai,Mumbai
SAP-SEED-04542,Sap Basis,SAP Basis / Administration,4.5,3–4 years,Jamshedpur,Jamshedpur
SAP-SEED-04543,SAP,SAP General / Consulting,3.17,3–4 years,Chennai,Chennai
SAP-SEED-04544,Sap Consultant,SAP General / Consulting,8.17,8–11 years,Gurgaon / Gurugram,Gurugram
SAP-SEED-04545,SCM Executive,Non-SAP / Ambiguous,4.17,3–4 years,Hapur,Hapur
SAP-SEED-04546,Sap Functional Analyst,SAP General / Consulting,3.33,3–4 years,"Hyderabad / Secunderabad, Telangana",Hyderabad
SAP-SEED-04547,Program Analyst,Non-SAP / Ambiguous,2.92,3–4 years,"Hyderabad / Secunderabad, Telangana",Hyderabad
SAP-SEED-04548,Data Specialist,Non-SAP / Ambiguous,6.42,5–7 years,"Hyderabad / Secunderabad, Telangana",Hyderabad
SAP-SEED-04549,Dispatch Supervisor,Non-SAP / Ambiguous,4.58,3–4 years,Halol,Halol
SAP-SEED-04550,SAP MM Consultant,SAP Procurement / MM,2.75,3–4 years,Bengaluru / Bangalore,Bengaluru
SAP-SEED-04551,SAP,SAP General / Consulting,3.17,3–4 years,Hosur,Hosur
SAP-SEED-04552,SAP,SAP General / Consulting,4.17,3–4 years,Cochin / Kochi / Ernakulam,Cochin / Kochi / Ernakulam
SAP-SEED-04553,Data Analyst,Non-SAP / Ambiguous,3.58,3–4 years,Pune,Pune
SAP-SEED-04554,Sap Consultant,SAP General / Consulting,3.92,3–4 years,Kolhapur,Kolhapur
SAP-SEED-04555,Buyer And Sourcing,SAP Procurement / MM,8.67,8–11 years,Bengaluru / Bangalore,Bengaluru
SAP-SEED-04556,Operation Lead,Non-SAP / Ambiguous,8.58,8–11 years,Kaushambi / Kosambi,Kaushambi / Kosambi
SAP-SEED-04557,SAP MM CONSULTANT,SAP Procurement / MM,4.17,3–4 years,Noida,Noida
SAP-SEED-04558,SAP,SAP General / Consulting,3.08,3–4 years,India,India
SAP-SEED-04559,Logistics Executive,Non-SAP / Ambiguous,3.67,3–4 years,Noida,Noida
SAP-SEED-04560,Sap GRC Analyst,SAP Security / GRC,6.33,5–7 years,Pune,Pune
SAP-SEED-04561,Sap Basis Consultant,SAP Basis / Administration,3.08,3–4 years,Bengaluru / Bangalore,Bengaluru
SAP-SEED-04562,Associate Consultant,Non-SAP / Ambiguous,4.33,3–4 years,Bengaluru / Bangalore,Bengaluru
SAP-SEED-04563,SAP,SAP General / Consulting,4.75,3–4 years,Nasik,Nasik
SAP-SEED-04564,Mechanical Production Engineer,SAP Manufacturing / PP,3.83,3–4 years,Noida,Noida
SAP-SEED-04565,Sap Project Lead,SAP Project Systems / PS,6.42,5–7 years,Bengaluru / Bangalore,Bengaluru
SAP-SEED-04566,Process Developer,Non-SAP / Ambiguous,4.75,3–4 years,"Hyderabad / Secunderabad, Telangana",Hyderabad
SAP-SEED-04567,SCM - ASSOCIATE,Non-SAP / Ambiguous,5.75,5–7 years,Mumbai,Mumbai
SAP-SEED-04568,Mechanical Engineer,Non-SAP / Ambiguous,8.5,8–11 years,Anuppur,Anuppur
SAP-SEED-04569,Sap mm functional consultant,SAP Procurement / MM,7.58,5–7 years,,Unknown
SAP-SEED-04570,SAP,SAP General / Consulting,2.25,3–4 years,Dehradun,Dehradun
SAP-SEED-04571,SAP Account/Payable,SAP Finance / FICO,4.0,3–4 years,Chennai,Chennai
SAP-SEED-04572,Supply Chain Executive,SAP Supply Chain / APO,2.83,3–4 years,Delhi,Delhi
SAP-SEED-04573,SAP Hana Developer,SAP HANA / Data,3.58,3–4 years,Gurgaon / Gurugram,Gurugram
SAP-SEED-04574,Senior Analyst,Non-SAP / Ambiguous,4.92,3–4 years,bengaluru,Bengaluru
SAP-SEED-04575,manufacturing supervisor,SAP Manufacturing / PP,6.33,5–7 years,Bharuch,Bharuch
SAP-SEED-04576,GET,Non-SAP / Ambiguous,2.0,3–4 years,Pune,Pune
SAP-SEED-04577,Senior Academic Counsellor,Non-SAP / Ambiguous,6.25,5–7 years,Chandigarh,Chandigarh
SAP-SEED-04578,Graduate Engineer Trainee,Non-SAP / Ambiguous,3.42,3–4 years,Balasore,Balasore
SAP-SEED-04579,Sap Executive,SAP General / Consulting,7.17,5–7 years,Jalandhar,Jalandhar
SAP-SEED-04580,Financial Analyst,Non-SAP / Ambiguous,4.42,3–4 years,Shahdol,Shahdol
SAP-SEED-04581,Associate Consultant Sap,SAP General / Consulting,5.17,5–7 years,Pune,Pune
SAP-SEED-04582,SAP MM associate counsultant,SAP Procurement / MM,3.58,3–4 years,Pune,Pune
SAP-SEED-04583,Fuctional Support,Non-SAP / Ambiguous,6.33,5–7 years,Karnataka,Karnataka
SAP-SEED-04584,Sap Project Manager,SAP Project Systems / PS,7.92,5–7 years,Malaysia,Malaysia
SAP-SEED-04585,Sap Consultant,SAP General / Consulting,3.92,3–4 years,Bengaluru / Bangalore,Bengaluru
SAP-SEED-04586,SAP MM Consultant,SAP Procurement / MM,4.25,3–4 years,Chennai,Chennai
SAP-SEED-04587,QA Automation Engineer,Non-SAP / Ambiguous,4.67,3–4 years,Bengaluru / Bangalore,Bengaluru
SAP-SEED-04588,Associate Consultant,Non-SAP / Ambiguous,3.08,3–4 years,Pune,Pune
SAP-SEED-04589,SAP MM Consultant,SAP Procurement / MM,3.08,3–4 years,Gurugram,Gurugram
SAP-SEED-04590,Documentation Specialist,Non-SAP / Ambiguous,6.67,5–7 years,Philippines,Philippines
SAP-SEED-04591,IT Analyst,Non-SAP / Ambiguous,5.92,5–7 years,Bengaluru / Bangalore,Bengaluru
SAP-SEED-04592,SAP Account/Payable,SAP Finance / FICO,3.42,3–4 years,Pune,Pune
SAP-SEED-04593,SAP,SAP General / Consulting,8.25,8–11 years,Bhubaneswar,Bhubaneswar
SAP-SEED-04594,Consultant Sap,SAP General / Consulting,2.25,3–4 years,Pune,Pune
SAP-SEED-04595,ETL Developer,Non-SAP / Ambiguous,4.33,3–4 years,Kolkata,Kolkata
SAP-SEED-04596,Document Controller,Non-SAP / Ambiguous,9.0,8–11 years,Kolkata,Kolkata
SAP-SEED-04597,SAP Ariba Consultant,SAP General / Consulting,7.08,5–7 years,Chennai,Chennai
SAP-SEED-04598,Senior System Engineer,Non-SAP / Ambiguous,3.08,3–4 years,Pune,Pune
SAP-SEED-04599,SAP,SAP General / Consulting,2.67,3–4 years,Noida,Noida
SAP-SEED-04600,Process Associate,Non-SAP / Ambiguous,4.08,3–4 years,"Hyderabad / Secunderabad, Telangana",Hyderabad
SAP-SEED-04601,Project Coordinator,SAP Project Systems / PS,7.33,5–7 years,Delhi,Delhi
SAP-SEED-04602,Sap MM Executive,SAP Procurement / MM,5.58,5–7 years,Nagpur,Nagpur
SAP-SEED-04603,sap mm,SAP Procurement / MM,4.67,3–4 years,Navi Mumbai,Mumbai
SAP-SEED-04604,SAP,SAP General / Consulting,3.58,3–4 years,Haldia,Haldia
SAP-SEED-04605,Material Management,Non-SAP / Ambiguous,2.5,3–4 years,India,India
SAP-SEED-04606,SAP,SAP General / Consulting,5.58,5–7 years,Bengaluru / Bangalore,Bengaluru
SAP-SEED-04607,Consulant,Non-SAP / Ambiguous,7.25,5–7 years,Mumbai,Mumbai
SAP-SEED-04608,Sap Consultant,SAP General / Consulting,4.08,3–4 years,Pune,Pune
SAP-SEED-04609,Electrical Engineer,Non-SAP / Ambiguous,2.67,3–4 years,Ludhiana,Ludhiana
SAP-SEED-04610,SAP MM,SAP Procurement / MM,3.25,3–4 years,Solapur,Solapur
SAP-SEED-04611,Management Information System Executive,Non-SAP / Ambiguous,4.08,3–4 years,Pune,Pune
SAP-SEED-04612,Fico Associate Consultant,SAP Finance / FICO,3.5,3–4 years,Chennai,Chennai
SAP-SEED-04613,SAP MM Senior Consultant,SAP Procurement / MM,8.83,8–11 years,Theni,Theni
SAP-SEED-04614,Supply Chain,SAP Supply Chain / APO,5.08,5–7 years,Bengaluru / Bangalore,Bengaluru
SAP-SEED-04615,SAP Hana Developer,SAP HANA / Data,3.75,3–4 years,Kanpur,Kanpur
SAP-SEED-04616,Junior Engineer,Non-SAP / Ambiguous,3.0,3–4 years,Chennai,Chennai
SAP-SEED-04617,Sales Engineer,SAP Sales / SD,3.08,3–4 years,Jamshedpur,Jamshedpur
SAP-SEED-04618,SAP MM Consultant,SAP Procurement / MM,4.67,3–4 years,Barbil,Barbil
SAP-SEED-04619,SAP MM Consultant,SAP Procurement / MM,2.75,3–4 years,Pune,Pune
SAP-SEED-04620,Sap Basis Consultant,SAP Basis / Administration,2.08,3–4 years,Ghaziabad,Ghaziabad
SAP-SEED-04621,Sap Hana Consultant,SAP HANA / Data,3.08,3–4 years,Tenkasi,Tenkasi
SAP-SEED-04622,Assembly shop,Non-SAP / Ambiguous,4.92,3–4 years,Chennai,Chennai
SAP-SEED-04623,Functional Analyst,Non-SAP / Ambiguous,4.75,3–4 years,Noida,Noida
SAP-SEED-04624,Sap Functional Consultant,SAP General / Consulting,4.25,3–4 years,Chennai,Chennai
SAP-SEED-04625,Maintenance,Non-SAP / Ambiguous,6.67,5–7 years,Mumbai,Mumbai
SAP-SEED-04626,Officer,Non-SAP / Ambiguous,4.67,3–4 years,Kolkata,Kolkata
SAP-SEED-04627,SAP,SAP General / Consulting,3.33,3–4 years,"Hyderabad / Secunderabad, Telangana",Hyderabad
SAP-SEED-04628,Procurement Professional,SAP Procurement / MM,2.17,3–4 years,Bengaluru / Bangalore,Bengaluru
SAP-SEED-04629,SAP MM Consultant,SAP Procurement / MM,3.25,3–4 years,"Hyderabad / Secunderabad, Telangana",Hyderabad
SAP-SEED-04630,SAP MM Support Consultant,SAP Procurement / MM,3.5,3–4 years,Chennai,Chennai
SAP-SEED-04631,SAP MM Consultant,SAP Procurement / MM,4.92,3–4 years,Coimbatore,Coimbatore
SAP-SEED-04632,Consultant,Non-SAP / Ambiguous,4.92,3–4 years,"Hyderabad / Secunderabad, Telangana",Hyderabad
SAP-SEED-04633,sap mm and pp consultant,SAP Procurement / MM,3.25,3–4 years,Namakkal,Namakkal
SAP-SEED-04634,Senior Purchase Executive,SAP Procurement / MM,4.08,3–4 years,Surat,Surat
SAP-SEED-04635,Operational buyer,Non-SAP / Ambiguous,3.42,3–4 years,India,India
SAP-SEED-04636,Engineer,Non-SAP / Ambiguous,7.5,5–7 years,Chengalpattu,Chengalpattu
SAP-SEED-04637,Procurement Engineer,SAP Procurement / MM,3.58,3–4 years,Pune,Pune
SAP-SEED-04638,SAP,SAP General / Consulting,4.75,3–4 years,Aurangabad,Aurangabad
SAP-SEED-04639,SAP Account/Payable,SAP Finance / FICO,3.0,3–4 years,Coimbatore,Coimbatore
SAP-SEED-04640,Senior Officer,Non-SAP / Ambiguous,2.0,3–4 years,Pune,Pune
SAP-SEED-04641,Sap Analyst,SAP General / Consulting,3.0,3–4 years,Thane,Thane
SAP-SEED-04642,Sap Functional Consultant,SAP General / Consulting,6.08,5–7 years,Pune,Pune
SAP-SEED-04643,Information Technology Associate,Non-SAP / Ambiguous,3.75,3–4 years,Bengaluru / Bangalore,Bengaluru
SAP-SEED-04644,SAP MM Business consultant,SAP Procurement / MM,5.42,5–7 years,Bengaluru / Bangalore,Bengaluru
SAP-SEED-04645,Senior Associate Consultant,Non-SAP / Ambiguous,7.25,5–7 years,"Hyderabad / Secunderabad, Telangana",Hyderabad
SAP-SEED-04646,Sap Consultant,SAP General / Consulting,3.08,3–4 years,Pune,Pune
SAP-SEED-04647,Supply Chain Specialist,SAP Supply Chain / APO,5.0,5–7 years,Tirunelveli,Tirunelveli
SAP-SEED-04648,Senior Executive,Non-SAP / Ambiguous,7.58,5–7 years,Surat,Surat
SAP-SEED-04649,Associate Functional Consultant,Non-SAP / Ambiguous,3.75,3–4 years,Chennai,Chennai
SAP-SEED-04650,SAP MM,SAP Procurement / MM,2.58,3–4 years,"Hyderabad / Secunderabad, Telangana",Hyderabad
SAP-SEED-04651,SAP,SAP General / Consulting,8.67,8–11 years,Noida,Noida
SAP-SEED-04652,Executive,Non-SAP / Ambiguous,6.25,5–7 years,Peddapuram,Peddapuram
SAP-SEED-04653,Supply Chain Leader,SAP Supply Chain / APO,5.0,5–7 years,pune,Pune
SAP-SEED-04654,SAP,SAP General / Consulting,2.92,3–4 years,Chennai,Chennai
SAP-SEED-04655,Sap SCM Associate,SAP General / Consulting,7.58,5–7 years,Pune,Pune
SAP-SEED-04656,Inventory Control Specialist,Non-SAP / Ambiguous,3.42,3–4 years,Ghaziabad,Ghaziabad
SAP-SEED-04657,Associate Consultant Sap MM,SAP Procurement / MM,5.42,5–7 years,Bengaluru / Bangalore,Bengaluru
SAP-SEED-04658,Sap Basis Administrator,SAP Basis / Administration,3.42,3–4 years,"Hyderabad / Secunderabad, Telangana",Hyderabad
SAP-SEED-04659,Process Associate,Non-SAP / Ambiguous,4.08,3–4 years,Mangalore,Mangalore
SAP-SEED-04660,SAP,SAP General / Consulting,4.08,3–4 years,Khammam,Khammam
SAP-SEED-04661,Software Engineer,Non-SAP / Ambiguous,2.25,3–4 years,Pune,Pune
SAP-SEED-04662,SAP S4HANA SD Consultant,SAP Sales / SD,8.75,8–11 years,"Hyderabad / Secunderabad, Telangana",Hyderabad
SAP-SEED-04663,Senior Analyst,Non-SAP / Ambiguous,7.25,5–7 years,Chennai,Chennai
SAP-SEED-04664,SAP,SAP General / Consulting,4.5,3–4 years,Kolkata,Kolkata
SAP-SEED-04665,Officer Procurement & Logistics,SAP Procurement / MM,6.5,5–7 years,Chennai,Chennai
SAP-SEED-04666,SAP FICO,SAP Finance / FICO,7.33,5–7 years,Coimbatore,Coimbatore
SAP-SEED-04667,Senior Representative,Non-SAP / Ambiguous,7.33,5–7 years,Kolkata,Kolkata
SAP-SEED-04668,SAP MM Consultant,SAP Procurement / MM,5.08,5–7 years,Navi Mumbai,Mumbai
SAP-SEED-04669,Analyst,Non-SAP / Ambiguous,3.0,3–4 years,Kurukshetra,Kurukshetra
SAP-SEED-04670,Associate SAP Consultant,SAP General / Consulting,2.0,3–4 years,Mumbai,Mumbai
SAP-SEED-04671,SAP MM consultant,SAP Procurement / MM,4.92,3–4 years,Bangarapet,Bangarapet
SAP-SEED-04672,Data Operator,Non-SAP / Ambiguous,2.83,3–4 years,Kalyan,Kalyan
SAP-SEED-04673,Sap Consultant,SAP General / Consulting,4.08,3–4 years,Thane,Thane
SAP-SEED-04674,SAP,SAP General / Consulting,4.75,3–4 years,Pune,Pune
SAP-SEED-04675,Senior Associate,Non-SAP / Ambiguous,3.75,3–4 years,Anantapur,Anantapur
SAP-SEED-04676,Sales Executive,SAP Sales / SD,7.42,5–7 years,Bengaluru / Bangalore,Bengaluru
SAP-SEED-04677,SAP,SAP General / Consulting,4.67,3–4 years,"Hyderabad / Secunderabad, Telangana",Hyderabad
SAP-SEED-04678,SAP MM Functional Consultant,SAP Procurement / MM,5.75,5–7 years,Bhadrak,Bhadrak
SAP-SEED-04679,SAP MM Associate Consultant,SAP Procurement / MM,2.75,3–4 years,Pune,Pune
SAP-SEED-04680,Sourcing Analyst,SAP Procurement / MM,5.42,5–7 years,Bengaluru / Bangalore,Bengaluru
SAP-SEED-04681,Coordinator,Non-SAP / Ambiguous,3.42,3–4 years,Parwanoo,Parwanoo
SAP-SEED-04682,SAP,SAP General / Consulting,3.25,3–4 years,Bengaluru / Bangalore,Bengaluru
SAP-SEED-04683,SAP MM Consultant,SAP Procurement / MM,2.67,3–4 years,Pune,Pune
SAP-SEED-04684,SAP,SAP General / Consulting,3.0,3–4 years,Delhi,Delhi
SAP-SEED-04685,Software Engineer,Non-SAP / Ambiguous,4.58,3–4 years,"Hyderabad / Secunderabad, Telangana",Hyderabad
SAP-SEED-04686,SAP MM Consultant,SAP Procurement / MM,5.75,5–7 years,Bengaluru / Bangalore,Bengaluru
SAP-SEED-04687,Sales Processing Associate,SAP Sales / SD,7.42,5–7 years,Chennai,Chennai
SAP-SEED-04688,SAP Account/Payable,SAP Finance / FICO,4.92,3–4 years,Bengaluru / Bangalore,Bengaluru
SAP-SEED-04689,Associate Consultant Sap,SAP General / Consulting,6.42,5–7 years,Kurnool,Kurnool
SAP-SEED-04690,SAP MM INTERN,SAP Procurement / MM,2.92,3–4 years,Cochin / Kochi / Ernakulam,Cochin / Kochi / Ernakulam
SAP-SEED-04691,Sap Basis Admin,SAP Basis / Administration,3.42,3–4 years,Chennai,Chennai
SAP-SEED-04692,SAP Functional Consultant,SAP General / Consulting,3.17,3–4 years,India,India
SAP-SEED-04693,Software Engineer,Non-SAP / Ambiguous,3.42,3–4 years,Mumbai,Mumbai
SAP-SEED-04694,SAP MM Consultant,SAP Procurement / MM,3.5,3–4 years,"Hyderabad / Secunderabad, Telangana",Hyderabad
SAP-SEED-04695,Sap Material Management Consultant,SAP General / Consulting,5.67,5–7 years,Bengaluru / Bangalore,Bengaluru
SAP-SEED-04696,SAP MM Consultant,SAP Procurement / MM,3.25,3–4 years,Vadodara,Vadodara
SAP-SEED-04697,Procurement Analyst,SAP Procurement / MM,5.42,5–7 years,Bengaluru / Bangalore,Bengaluru
SAP-SEED-04698,Service desk engineer,Non-SAP / Ambiguous,4.25,3–4 years,Pune,Pune
SAP-SEED-04699,SAP BW Consultant,SAP Analytics / BW,3.08,3–4 years,India,India
SAP-SEED-04700,Sap Consultant,SAP General / Consulting,7.58,5–7 years,Philippines,Philippines
SAP-SEED-04701,Inventory Coordinator,Non-SAP / Ambiguous,5.67,5–7 years,Delhi,Delhi
SAP-SEED-04702,SAP FICO,SAP Finance / FICO,7.25,5–7 years,Coimbatore,Coimbatore
SAP-SEED-04703,SAP MM,SAP Procurement / MM,3.83,3–4 years,bhubaneswar,Bhubaneswar
SAP-SEED-04704,Associate Consultant,Non-SAP / Ambiguous,3.0,3–4 years,Bengaluru / Bangalore,Bengaluru
SAP-SEED-04705,Management Consultant,Non-SAP / Ambiguous,5.92,5–7 years,Singapore,Singapore
SAP-SEED-04706,SAP MM,SAP Procurement / MM,4.42,3–4 years,Pune,Pune
SAP-SEED-04707,Sap Consultant,SAP General / Consulting,6.92,5–7 years,"Hyderabad / Secunderabad, Telangana",Hyderabad
SAP-SEED-04708,Associate SAP Consultant,SAP General / Consulting,3.08,3–4 years,"Hyderabad / Secunderabad, Telangana",Hyderabad
SAP-SEED-04709,Sap Tm Consultant,SAP Transportation / TM,2.83,3–4 years,Germany,Germany
SAP-SEED-04710,Data Entry Operator,Non-SAP / Ambiguous,2.83,3–4 years,Rudrapur,Rudrapur
SAP-SEED-04711,Associate SAP MM Consultant,SAP Procurement / MM,4.33,3–4 years,"Hyderabad / Secunderabad, Telangana",Hyderabad
SAP-SEED-04712,Senior Sap MM Consultant,SAP Procurement / MM,6.92,5–7 years,"Hyderabad / Secunderabad, Telangana",Hyderabad
SAP-SEED-04713,Development Manager,Non-SAP / Ambiguous,2.0,3–4 years,Belgaum,Belgaum
SAP-SEED-04714,Senior Analyst,Non-SAP / Ambiguous,4.17,3–4 years,Navi Mumbai,Mumbai
SAP-SEED-04715,MM Consultant,SAP Procurement / MM,5.42,5–7 years,Bhubaneswar,Bhubaneswar
SAP-SEED-04716,Software Engineer,Non-SAP / Ambiguous,7.75,5–7 years,Bengaluru / Bangalore,Bengaluru
SAP-SEED-04717,SAP,SAP General / Consulting,3.83,3–4 years,Palwal,Palwal
SAP-SEED-04718,SAP FICO,SAP Finance / FICO,6.83,5–7 years,"Hyderabad / Secunderabad, Telangana",Hyderabad
SAP-SEED-04719,Digital Manager,Non-SAP / Ambiguous,4.42,3–4 years,Bengaluru / Bangalore,Bengaluru
SAP-SEED-04720,Order Management Specialist,Non-SAP / Ambiguous,5.58,5–7 years,Chennai,Chennai
SAP-SEED-04721,SAP,SAP General / Consulting,3.83,3–4 years,"Hyderabad / Secunderabad, Telangana",Hyderabad
SAP-SEED-04722,Sap Basis Consultant,SAP Basis / Administration,6.67,5–7 years,"Hyderabad / Secunderabad, Telangana",Hyderabad
SAP-SEED-04723,sap mm associate consultant,SAP Procurement / MM,3.42,3–4 years,Bengaluru / Bangalore,Bengaluru
SAP-SEED-04724,SAP MM CONSULTANT,SAP Procurement / MM,4.08,3–4 years,"Hyderabad / Secunderabad, Telangana",Hyderabad
SAP-SEED-04725,Collection Manager,Non-SAP / Ambiguous,2.0,3–4 years,Kozhikode / Calicut,Kozhikode / Calicut
SAP-SEED-04726,Executive Stores,Non-SAP / Ambiguous,4.42,3–4 years,Kanpur,Kanpur
SAP-SEED-04727,Engineer PPC,Non-SAP / Ambiguous,2.33,3–4 years,Bengaluru / Bangalore,Bengaluru
SAP-SEED-04728,Supply Chain Executive,SAP Supply Chain / APO,3.75,3–4 years,Madurai,Madurai
SAP-SEED-04729,Executive Engineer,Non-SAP / Ambiguous,2.83,3–4 years,Pune,Pune
SAP-SEED-04730,SAP MM CONSULTANT,SAP Procurement / MM,3.5,3–4 years,Bengaluru / Bangalore,Bengaluru
SAP-SEED-04731,Fresher,Non-SAP / Ambiguous,4.0,3–4 years,Bengaluru / Bangalore,Bengaluru
SAP-SEED-04732,SAP MM Consultant,SAP Procurement / MM,4.5,3–4 years,"Hyderabad / Secunderabad, Telangana",Hyderabad
SAP-SEED-04733,Sap Hana Consultant,SAP HANA / Data,3.58,3–4 years,"Hyderabad / Secunderabad, Telangana",Hyderabad
SAP-SEED-04734,Application Development Analyst,Non-SAP / Ambiguous,4.0,3–4 years,Bengaluru / Bangalore,Bengaluru
SAP-SEED-04735,SAP,SAP General / Consulting,4.5,3–4 years,Bengaluru / Bangalore,Bengaluru
SAP-SEED-04736,SAP MM Consultant,SAP Procurement / MM,7.58,5–7 years,Pune,Pune
SAP-SEED-04737,SCM Engineer,Non-SAP / Ambiguous,7.5,5–7 years,Theni,Theni
SAP-SEED-04738,SAP MM Associate Consultant,SAP Procurement / MM,2.58,3–4 years,Bengaluru / Bangalore,Bengaluru
SAP-SEED-04739,SAP,SAP General / Consulting,3.33,3–4 years,Bengaluru / Bangalore,Bengaluru
SAP-SEED-04740,Senior Executive SCM,Non-SAP / Ambiguous,5.75,5–7 years,Pune,Pune
SAP-SEED-04741,SAP MM Consultant,SAP Procurement / MM,3.42,3–4 years,Kolkata,Kolkata
SAP-SEED-04742,Freight Forwarder,Non-SAP / Ambiguous,2.83,3–4 years,Delhi,Delhi
SAP-SEED-04743,Application Development Analyst,Non-SAP / Ambiguous,3.92,3–4 years,Pune,Pune
SAP-SEED-04744,Junior Engineer Purchase,SAP Procurement / MM,5.83,5–7 years,Ranipet,Ranipet
SAP-SEED-04745,SAP,SAP General / Consulting,5.83,5–7 years,Chennai,Chennai
SAP-SEED-04746,SAP MM CONSULTANT,SAP Procurement / MM,8.0,8–11 years,Coimbatore,Coimbatore
SAP-SEED-04747,Sap Hana Consultant,SAP HANA / Data,2.08,3–4 years,Ahmedabad,Ahmedabad
SAP-SEED-04748,Ecommerce executive,Non-SAP / Ambiguous,5.75,5–7 years,"Hyderabad / Secunderabad, Telangana",Hyderabad
SAP-SEED-04749,Process Developer,Non-SAP / Ambiguous,5.5,5–7 years,"Hyderabad / Secunderabad, Telangana",Hyderabad
SAP-SEED-04750,Asset coordinator,Non-SAP / Ambiguous,4.0,3–4 years,Nashik,Nashik
SAP-SEED-04751,Executive,Non-SAP / Ambiguous,4.67,3–4 years,Faridabad,Faridabad
SAP-SEED-04752,Sap Tm Consultant,SAP Transportation / TM,3.75,3–4 years,"Hyderabad / Secunderabad, Telangana",Hyderabad
SAP-SEED-04753,Sap Sr mm consultant,SAP Procurement / MM,6.75,5–7 years,"Hyderabad / Secunderabad, Telangana",Hyderabad
SAP-SEED-04754,Sap Consultant,SAP General / Consulting,5.83,5–7 years,Gurgaon / Gurugram,Gurugram
SAP-SEED-04755,Process Associate,Non-SAP / Ambiguous,4.08,3–4 years,Chennai,Chennai
SAP-SEED-04756,Supply chain warehouse,SAP Warehouse / EWM,6.42,5–7 years,Noida,Noida
SAP-SEED-04757,Planning and inventory management,Non-SAP / Ambiguous,5.5,5–7 years,Bengaluru / Bangalore,Bengaluru
SAP-SEED-04758,Debt Management Officer,Non-SAP / Ambiguous,7.42,5–7 years,Bengaluru / Bangalore,Bengaluru
SAP-SEED-04759,SAP,SAP General / Consulting,2.5,3–4 years,Bokaro Steel City,Bokaro Steel City
SAP-SEED-04760,Associate Consultant,Non-SAP / Ambiguous,4.92,3–4 years,pune,Pune
SAP-SEED-04761,Officer Planning,Non-SAP / Ambiguous,4.08,3–4 years,Chennai,Chennai
SAP-SEED-04762,Associate Business Analyst,Non-SAP / Ambiguous,7.92,5–7 years,Pune,Pune
SAP-SEED-04763,Procure to Pay Operations Associate,SAP Procurement / MM,2.33,3–4 years,Faridabad,Faridabad
SAP-SEED-04764,Sap End User,SAP General / Consulting,2.58,3–4 years,Pune,Pune
SAP-SEED-04765,sap mm junior consultant,SAP Procurement / MM,4.25,3–4 years,Srikakulam,Srikakulam
SAP-SEED-04766,SAP,SAP General / Consulting,3.0,3–4 years,Bengaluru / Bangalore,Bengaluru
SAP-SEED-04767,SAP Account/Payable,SAP Finance / FICO,2.58,3–4 years,Burhanpur,Burhanpur
SAP-SEED-04768,Executive Operation,Non-SAP / Ambiguous,2.5,3–4 years,Nashik,Nashik
SAP-SEED-04769,Sap Consultant,SAP General / Consulting,4.42,3–4 years,Pune,Pune
SAP-SEED-04770,Sap mm consultant,SAP Procurement / MM,6.25,5–7 years,Bengaluru / Bangalore,Bengaluru
SAP-SEED-04771,SAP,SAP General / Consulting,4.08,3–4 years,Bengaluru / Bangalore,Bengaluru
SAP-SEED-04772,IT Manager,Non-SAP / Ambiguous,8.0,8–11 years,India,India
SAP-SEED-04773,Research Analyst,Non-SAP / Ambiguous,2.42,3–4 years,Navi Mumbai,Mumbai
SAP-SEED-04774,sap mm,SAP Procurement / MM,4.58,3–4 years,Bengaluru / Bangalore,Bengaluru
SAP-SEED-04775,Graduate Engineer Trainee,Non-SAP / Ambiguous,2.25,3–4 years,India,India
SAP-SEED-04776,Associate Consultant Sap,SAP General / Consulting,4.83,3–4 years,"Hyderabad / Secunderabad, Telangana",Hyderabad
SAP-SEED-04777,Graduate Trainee,Non-SAP / Ambiguous,2.08,3–4 years,Bengaluru / Bangalore,Bengaluru
SAP-SEED-04778,SAP MM/EWM Consultant,SAP Procurement / MM,3.75,3–4 years,Pune,Pune
SAP-SEED-04779,SAP,SAP General / Consulting,2.58,3–4 years,Bengaluru / Bangalore,Bengaluru
SAP-SEED-04780,SAP CONSULTANT,SAP General / Consulting,7.25,5–7 years,India,India
SAP-SEED-04781,Sap Functional,SAP General / Consulting,4.0,3–4 years,Kolkata,Kolkata
SAP-SEED-04782,Purchase Manager,SAP Procurement / MM,4.67,3–4 years,Mumbai,Mumbai
SAP-SEED-04783,Marketing Support Associate,Non-SAP / Ambiguous,4.17,3–4 years,Kolkata,Kolkata
SAP-SEED-04784,SAP,SAP General / Consulting,3.25,3–4 years,Ghaziabad,Ghaziabad
SAP-SEED-04785,SAP MM Consultant,SAP Procurement / MM,7.33,5–7 years,Pune,Pune
SAP-SEED-04786,Qc Engineer,Non-SAP / Ambiguous,4.83,3–4 years,Mangalore,Mangalore
SAP-SEED-04787,Civil Engineer,Non-SAP / Ambiguous,2.17,3–4 years,India,India
SAP-SEED-04788,Sap Operator,SAP General / Consulting,2.67,3–4 years,Ahmednagar,Ahmednagar
SAP-SEED-04789,SAP MM Functional Consultant,SAP Procurement / MM,7.17,5–7 years,Kolkata,Kolkata
SAP-SEED-04790,Associate,Non-SAP / Ambiguous,3.42,3–4 years,Kolkata,Kolkata
SAP-SEED-04791,SAP MM Consultant,SAP Procurement / MM,2.58,3–4 years,Bengaluru / Bangalore,Bengaluru
SAP-SEED-04792,SAP,SAP General / Consulting,2.42,3–4 years,Nashik,Nashik
SAP-SEED-04793,SAP Sd Consultant,SAP Sales / SD,2.08,3–4 years,Bengaluru / Bangalore,Bengaluru
SAP-SEED-04794,Sap Consultant,SAP General / Consulting,8.17,8–11 years,"Hyderabad / Secunderabad, Telangana",Hyderabad
SAP-SEED-04795,SAP MM Associate,SAP Procurement / MM,5.5,5–7 years,Pune,Pune
SAP-SEED-04796,Supply Chain Analyst,SAP Supply Chain / APO,2.0,3–4 years,Delhi,Delhi
SAP-SEED-04797,SAP MM Consultant,SAP Procurement / MM,2.67,3–4 years,Pune,Pune
SAP-SEED-04798,Associate Consultant,Non-SAP / Ambiguous,5.5,5–7 years,Vadodara,Vadodara
SAP-SEED-04799,graduate engineering trainee,Non-SAP / Ambiguous,6.67,5–7 years,Delhi,Delhi
SAP-SEED-04800,SAP Consultant - MM,SAP Procurement / MM,5.92,5–7 years,Bengaluru / Bangalore,Bengaluru
SAP-SEED-04801,SAP MM Consultant,SAP Procurement / MM,5.25,5–7 years,Pune,Pune
SAP-SEED-04802,SAP,SAP General / Consulting,8.58,8–11 years,Delhi,Delhi
SAP-SEED-04803,Sap Ewm Consultant,SAP Warehouse / EWM,6.17,5–7 years,"Hyderabad / Secunderabad, Telangana",Hyderabad
SAP-SEED-04804,Procurement Supervisor,SAP Procurement / MM,4.33,3–4 years,Dhenkanal,Dhenkanal
SAP-SEED-04805,SAP,SAP General / Consulting,2.17,3–4 years,Chennai,Chennai
SAP-SEED-04806,Senior Procurement associate,SAP Procurement / MM,3.67,3–4 years,Bengaluru / Bangalore,Bengaluru
SAP-SEED-04807,Senior Associate,Non-SAP / Ambiguous,3.58,3–4 years,Tiruchirappalli,Tiruchirappalli
SAP-SEED-04808,Procurement Associate,SAP Procurement / MM,6.75,5–7 years,Gurugram,Gurugram
SAP-SEED-04809,SAP MM consultant,SAP Procurement / MM,4.5,3–4 years,Bengaluru / Bangalore,Bengaluru
SAP-SEED-04810,SAP,SAP General / Consulting,3.17,3–4 years,Nashik,Nashik
SAP-SEED-04811,Process Executive,Non-SAP / Ambiguous,2.08,3–4 years,Kavali,Kavali
SAP-SEED-04812,Sap MM S4 Hana Consultant,SAP Procurement / MM,2.83,3–4 years,Pune,Pune
SAP-SEED-04813,Incharge,Non-SAP / Ambiguous,5.0,5–7 years,"Bilaspur, Chhattisgarh","Bilaspur, Chhattisgarh"
SAP-SEED-04814,Executive Operation,Non-SAP / Ambiguous,3.58,3–4 years,Gurugram,Gurugram
SAP-SEED-04815,Supply Chain Executive,SAP Supply Chain / APO,3.42,3–4 years,Delhi,Delhi
SAP-SEED-04816,Associate Business Analyst,Non-SAP / Ambiguous,3.17,3–4 years,Pune,Pune
SAP-SEED-04817,Graduate Trainee,Non-SAP / Ambiguous,2.25,3–4 years,Chennai,Chennai
SAP-SEED-04818,Purchase Engineer,SAP Procurement / MM,3.0,3–4 years,Nagpur,Nagpur
SAP-SEED-04819,SAP MM Consultant,SAP Procurement / MM,6.17,5–7 years,Bengaluru / Bangalore,Bengaluru
SAP-SEED-04820,Dealer,Non-SAP / Ambiguous,2.25,3–4 years,Bengaluru / Bangalore,Bengaluru
SAP-SEED-04821,Sap mm consultant,SAP Procurement / MM,8.5,8–11 years,Coimbatore,Coimbatore
SAP-SEED-04822,SAP,SAP General / Consulting,4.08,3–4 years,Bengaluru / Bangalore,Bengaluru
SAP-SEED-04823,Application Development Analyst,Non-SAP / Ambiguous,3.92,3–4 years,Bengaluru / Bangalore,Bengaluru
SAP-SEED-04824,Electrical Executive Engineer,Non-SAP / Ambiguous,4.33,3–4 years,Madhubani,Madhubani
SAP-SEED-04825,SAP,SAP General / Consulting,3.83,3–4 years,Kolkata,Kolkata
SAP-SEED-04826,SAP Account/Payable,SAP Finance / FICO,4.58,3–4 years,Pune,Pune
SAP-SEED-04827,Associate,Non-SAP / Ambiguous,7.08,5–7 years,Mumbai,Mumbai
SAP-SEED-04828,Associate Consultant,Non-SAP / Ambiguous,2.0,3–4 years,Gurugram,Gurugram
SAP-SEED-04829,Facilities Maintenance Engineer,Non-SAP / Ambiguous,6.75,5–7 years,Mumbai City,Mumbai
SAP-SEED-04830,Procurement Specialist,SAP Procurement / MM,4.58,3–4 years,Bengaluru / Bangalore,Bengaluru
SAP-SEED-04831,Senior Analyst GBS Procurement,SAP Procurement / MM,7.75,5–7 years,Pune,Pune
SAP-SEED-04832,Application Development Analyst,Non-SAP / Ambiguous,6.25,5–7 years,Bengaluru / Bangalore,Bengaluru
SAP-SEED-04833,Sourcing Executive,SAP Procurement / MM,3.0,3–4 years,Sirsi,Sirsi
SAP-SEED-04834,Associate Software Engineer,Non-SAP / Ambiguous,2.42,3–4 years,Puducherry,Puducherry
SAP-SEED-04835,Sap Associate,SAP General / Consulting,2.25,3–4 years,"Hyderabad / Secunderabad, Telangana",Hyderabad
SAP-SEED-04836,Sap Fresher,SAP General / Consulting,4.42,3–4 years,Ambur,Ambur
SAP-SEED-04837,AML Analyst,Non-SAP / Ambiguous,8.5,8–11 years,Lucknow,Lucknow
SAP-SEED-04838,Senior Executive Operations,Non-SAP / Ambiguous,7.17,5–7 years,Delhi,Delhi
SAP-SEED-04839,Executive engineer,Non-SAP / Ambiguous,6.92,5–7 years,Pune,Pune
SAP-SEED-04840,Invoice creation and billing,SAP Analytics / BW,8.75,8–11 years,Chennai,Chennai
SAP-SEED-04841,procurement and maintenance engineer,SAP Procurement / MM,3.0,3–4 years,India,India
SAP-SEED-04842,Sap Functional Consultant,SAP General / Consulting,4.17,3–4 years,Bengaluru / Bangalore,Bengaluru
SAP-SEED-04843,SAP S4 HANA EWM CONSULTANT,SAP Warehouse / EWM,5.08,5–7 years,"Hyderabad / Secunderabad, Telangana",Hyderabad
SAP-SEED-04844,Sap Consultant,SAP General / Consulting,5.83,5–7 years,India,India
SAP-SEED-04845,SAP MM Consultant,SAP Procurement / MM,8.17,8–11 years,Varanasi,Varanasi
SAP-SEED-04846,SAP,SAP General / Consulting,3.75,3–4 years,Nagpur,Nagpur
SAP-SEED-04847,Engineer,Non-SAP / Ambiguous,3.08,3–4 years,Trichy,Trichy
SAP-SEED-04848,EXECUTIVE,Non-SAP / Ambiguous,6.08,5–7 years,Ghazipur,Ghazipur
SAP-SEED-04849,Junior Engineer,Non-SAP / Ambiguous,2.25,3–4 years,Pune,Pune
SAP-SEED-04850,Senior System Engineer,Non-SAP / Ambiguous,4.25,3–4 years,India,India
SAP-SEED-04851,SAP,SAP General / Consulting,3.58,3–4 years,Aurangabad,Aurangabad
SAP-SEED-04852,Graduate Trainee,Non-SAP / Ambiguous,4.75,3–4 years,Pune,Pune
SAP-SEED-04853,Executive,Non-SAP / Ambiguous,3.25,3–4 years,Navi Mumbai,Mumbai
SAP-SEED-04854,Software Engineer,Non-SAP / Ambiguous,2.33,3–4 years,Pune,Pune
SAP-SEED-04855,Sap Fresher,SAP General / Consulting,2.75,3–4 years,Kurnool,Kurnool
SAP-SEED-04856,Senior Executive,Non-SAP / Ambiguous,5.75,5–7 years,Bengaluru / Bangalore,Bengaluru
SAP-SEED-04857,Junior Engineer,Non-SAP / Ambiguous,2.08,3–4 years,Pen,Pen
SAP-SEED-04858,SAP MM Consultant,SAP Procurement / MM,8.08,8–11 years,"Hyderabad, Uttar Pradesh",Hyderabad
SAP-SEED-04859,Associate,Non-SAP / Ambiguous,8.33,8–11 years,Chennai,Chennai
SAP-SEED-04860,Assistant Manager Procurement,SAP Procurement / MM,5.58,5–7 years,Ahmedabad,Ahmedabad
SAP-SEED-04861,Computer Instructor,Non-SAP / Ambiguous,4.0,3–4 years,Sri Lanka,Sri Lanka
SAP-SEED-04862,Procurement Engineer,SAP Procurement / MM,3.67,3–4 years,"Hyderabad / Secunderabad, Telangana",Hyderabad
SAP-SEED-04863,Sap Basis Admin,SAP Basis / Administration,3.17,3–4 years,India,India
SAP-SEED-04864,Sap Fico Consultant,SAP Finance / FICO,7.0,5–7 years,Bengaluru / Bangalore,Bengaluru
SAP-SEED-04865,Sap MM End User,SAP Procurement / MM,8.42,8–11 years,Kolkata,Kolkata
SAP-SEED-04866,Sap Fico Consultant,SAP Finance / FICO,5.0,5–7 years,Bengaluru / Bangalore,Bengaluru
SAP-SEED-04867,Sap Support,SAP General / Consulting,3.58,3–4 years,Noida,Noida
SAP-SEED-04868,Sap mm consultant,SAP Procurement / MM,2.58,3–4 years,Coimbatore,Coimbatore
SAP-SEED-04869,SAP MM CONSULTANT,SAP Procurement / MM,6.67,5–7 years,Chennai,Chennai
SAP-SEED-04870,Application Development Analyst,Non-SAP / Ambiguous,5.33,5–7 years,Virar,Virar
SAP-SEED-04871,Jr. Engineer,Non-SAP / Ambiguous,4.33,3–4 years,Aurangabad,Aurangabad
SAP-SEED-04872,SAP IS - Retail  MM Test Consultant,SAP Procurement / MM,2.42,3–4 years,"Hyderabad, Uttar Pradesh",Hyderabad
SAP-SEED-04873,Mechanical Engineer,Non-SAP / Ambiguous,6.0,5–7 years,Deoria,Deoria
SAP-SEED-04874,Executive Sap,SAP General / Consulting,3.58,3–4 years,Bhopal,Bhopal
SAP-SEED-04875,Junior Engineer,Non-SAP / Ambiguous,7.58,5–7 years,India,India
SAP-SEED-04876,SAP FICO Analyst,SAP Finance / FICO,2.08,3–4 years,Bengaluru / Bangalore,Bengaluru
SAP-SEED-04877,SAP UI5 / Fiori Developer,SAP UX / UI5 / Fiori,3.08,3–4 years,"Hyderabad / Secunderabad, Telangana",Hyderabad
SAP-SEED-04878,Sap ABAP Consultant,SAP ABAP / Development,3.17,3–4 years,Mumbai,Mumbai
SAP-SEED-04879,Consultant,Non-SAP / Ambiguous,8.42,8–11 years,Gurugram,Gurugram
SAP-SEED-04880,Sap Basis Analyst,SAP Basis / Administration,3.5,3–4 years,Delhi,Delhi
SAP-SEED-04881,Senior Executive,Non-SAP / Ambiguous,3.25,3–4 years,Ahmedabad,Ahmedabad
SAP-SEED-04882,Replenishment Executive,Non-SAP / Ambiguous,2.0,3–4 years,Bengaluru / Bangalore,Bengaluru
SAP-SEED-04883,Designer,Non-SAP / Ambiguous,7.0,5–7 years,Nashik,Nashik
SAP-SEED-04884,Affiliate Marketing Manager,Non-SAP / Ambiguous,5.0,5–7 years,Chennai,Chennai
SAP-SEED-04885,Sales And Marketing Specialist,SAP Sales / SD,2.92,3–4 years,Nashik,Nashik
SAP-SEED-04886,SAP,SAP General / Consulting,5.0,5–7 years,Pune,Pune
SAP-SEED-04887,Sap Operator,SAP General / Consulting,3.42,3–4 years,Kutch,Kutch
SAP-SEED-04888,Senior SAP MM Consultant,SAP Procurement / MM,6.0,5–7 years,Jaipur,Jaipur
SAP-SEED-04889,Team Lead,Non-SAP / Ambiguous,2.5,3–4 years,Bengaluru / Bangalore,Bengaluru
SAP-SEED-04890,Assistant officer IS&T,Non-SAP / Ambiguous,4.08,3–4 years,Mysore,Mysore
SAP-SEED-04891,SAP,SAP General / Consulting,4.5,3–4 years,Pune,Pune
SAP-SEED-04892,Human Resource Executive,SAP Procurement / MM,2.25,3–4 years,Allahabad / Prayagraj,Allahabad / Prayagraj
SAP-SEED-04893,Shipping Assistance,Non-SAP / Ambiguous,6.58,5–7 years,Pudukkottai,Pudukkottai
SAP-SEED-04894,Functional Consultant,Non-SAP / Ambiguous,2.75,3–4 years,Coimbatore,Coimbatore
SAP-SEED-04895,SAP Ariba Consultant,SAP General / Consulting,7.58,5–7 years,Bengaluru / Bangalore,Bengaluru
SAP-SEED-04896,Senior Consultant,Non-SAP / Ambiguous,7.67,5–7 years,Bengaluru / Bangalore,Bengaluru
SAP-SEED-04897,Sap Tm Consultant,SAP Transportation / TM,3.75,3–4 years,Bhubaneswar,Bhubaneswar
SAP-SEED-04898,SAP,SAP General / Consulting,4.75,3–4 years,Satna,Satna
SAP-SEED-04899,SAP MM Consultant,SAP Procurement / MM,5.67,5–7 years,"Hyderabad / Secunderabad, Telangana",Hyderabad
SAP-SEED-04900,Senior MIS Executive,Non-SAP / Ambiguous,3.67,3–4 years,Lucknow,Lucknow
SAP-SEED-04901,Junior Engineer,Non-SAP / Ambiguous,3.17,3–4 years,Chennai,Chennai
SAP-SEED-04902,SAP Ariba Consultant,SAP General / Consulting,5.75,5–7 years,Pune,Pune
SAP-SEED-04903,Assistant Manager SAP MM,SAP Procurement / MM,6.08,5–7 years,Delhi,Delhi
SAP-SEED-04904,ERP MM Engineer,SAP Procurement / MM,6.25,5–7 years,Visakhapatnam,Visakhapatnam
SAP-SEED-04905,SAP,SAP General / Consulting,6.0,5–7 years,Mumbai,Mumbai
SAP-SEED-04906,Senior process associate,Non-SAP / Ambiguous,4.5,3–4 years,Bengaluru / Bangalore,Bengaluru
SAP-SEED-04907,Associate Software Engineer,Non-SAP / Ambiguous,3.17,3–4 years,Bengaluru / Bangalore,Bengaluru
SAP-SEED-04908,Process Executive,Non-SAP / Ambiguous,5.67,5–7 years,Bengaluru / Bangalore,Bengaluru
SAP-SEED-04909,Associate Consultant,Non-SAP / Ambiguous,3.08,3–4 years,Pune,Pune
SAP-SEED-04910,Associate Consultant,Non-SAP / Ambiguous,4.33,3–4 years,Pune,Pune
SAP-SEED-04911,Functional Consultant,Non-SAP / Ambiguous,4.92,3–4 years,Nashik,Nashik
SAP-SEED-04912,Fresher,Non-SAP / Ambiguous,4.33,3–4 years,Bengaluru / Bangalore,Bengaluru
SAP-SEED-04913,Sap Specialist,SAP General / Consulting,2.58,3–4 years,Pune,Pune
SAP-SEED-04914,Implementation Consultant,Non-SAP / Ambiguous,3.92,3–4 years,Chennai,Chennai
SAP-SEED-04915,Regulatory Professional 1,Non-SAP / Ambiguous,6.42,5–7 years,Bengaluru / Bangalore,Bengaluru
SAP-SEED-04916,Quality Engineer,Non-SAP / Ambiguous,8.0,8–11 years,Gurgaon / Gurugram,Gurugram
SAP-SEED-04917,SAP PM CONSULTANT,SAP Plant Maintenance / PM,3.33,3–4 years,"Hyderabad / Secunderabad, Telangana",Hyderabad
SAP-SEED-04918,SAP,SAP General / Consulting,4.0,3–4 years,Bikaner,Bikaner
SAP-SEED-04919,Mentee,Non-SAP / Ambiguous,2.0,3–4 years,Nellore,Nellore
SAP-SEED-04920,Senior Logistics Coordinator,Non-SAP / Ambiguous,9.0,8–11 years,Mumbai,Mumbai
SAP-SEED-04921,Business Process Lead,Non-SAP / Ambiguous,7.25,5–7 years,Mumbai,Mumbai
SAP-SEED-04922,Inventory Manager,Non-SAP / Ambiguous,4.17,3–4 years,Bengaluru / Bangalore,Bengaluru
SAP-SEED-04923,Costing Executive,Non-SAP / Ambiguous,6.75,5–7 years,Mumbai,Mumbai
SAP-SEED-04924,Procurement Manager,SAP Procurement / MM,4.5,3–4 years,Thrissur,Thrissur
SAP-SEED-04925,SAP,SAP General / Consulting,2.08,3–4 years,Pudukkottai,Pudukkottai
SAP-SEED-04926,SAP FI Support Analyst |Associate,SAP Finance / FICO,2.33,3–4 years,"Hyderabad / Secunderabad, Telangana",Hyderabad
SAP-SEED-04927,SAP MM Consultant,SAP Procurement / MM,5.0,5–7 years,"Hyderabad / Secunderabad, Telangana",Hyderabad
SAP-SEED-04928,SAP MM Consultant,SAP Procurement / MM,5.33,5–7 years,Bengaluru / Bangalore,Bengaluru
SAP-SEED-04929,Ar Executive,Non-SAP / Ambiguous,3.5,3–4 years,Pune,Pune
SAP-SEED-04930,Sap Technical Consultant,SAP General / Consulting,2.67,3–4 years,India,India
SAP-SEED-04931,Engineer,Non-SAP / Ambiguous,6.0,5–7 years,Aurangabad,Aurangabad
SAP-SEED-04932,Sap Ewm Consultant,SAP Warehouse / EWM,8.5,8–11 years,"Hyderabad / Secunderabad, Telangana",Hyderabad
SAP-SEED-04933,Software Quality Engineer,Non-SAP / Ambiguous,3.75,3–4 years,"Hyderabad / Secunderabad, Telangana",Hyderabad
SAP-SEED-04934,Associate Information Technology Consultant,Non-SAP / Ambiguous,6.0,5–7 years,Bengaluru / Bangalore,Bengaluru
SAP-SEED-04935,Senior Analyst,Non-SAP / Ambiguous,4.67,3–4 years,Bengaluru / Bangalore,Bengaluru
SAP-SEED-04936,sap mm,SAP Procurement / MM,6.33,5–7 years,Bengaluru / Bangalore,Bengaluru
SAP-SEED-04937,Senior Executive,Non-SAP / Ambiguous,5.08,5–7 years,Pune,Pune
SAP-SEED-04938,Supply Chain Analyst,SAP Supply Chain / APO,3.5,3–4 years,"Hyderabad / Secunderabad, Telangana",Hyderabad
SAP-SEED-04939,Consultant,Non-SAP / Ambiguous,3.0,3–4 years,"Hyderabad / Secunderabad, Telangana",Hyderabad
SAP-SEED-04940,Procurement Specialist,SAP Procurement / MM,3.83,3–4 years,Bengaluru / Bangalore,Bengaluru
SAP-SEED-04941,Developer,Non-SAP / Ambiguous,7.0,5–7 years,India,India
SAP-SEED-04942,SAP MM Functional Consultant,SAP Procurement / MM,4.0,3–4 years,Ahmednagar,Ahmednagar
SAP-SEED-04943,Software Engineer,Non-SAP / Ambiguous,6.58,5–7 years,"Hyderabad / Secunderabad, Telangana",Hyderabad
SAP-SEED-04944,Software Engineer,Non-SAP / Ambiguous,2.42,3–4 years,Nandyal,Nandyal
SAP-SEED-04945,Project Engineer,SAP Project Systems / PS,2.67,3–4 years,India,India
SAP-SEED-04946,Senior Sap Consultant,SAP General / Consulting,7.5,5–7 years,Pakistan,Pakistan
SAP-SEED-04947,Sap Basis Consultant,SAP Basis / Administration,3.42,3–4 years,"Hyderabad / Secunderabad, Telangana",Hyderabad
SAP-SEED-04948,Technical Coordinator,Non-SAP / Ambiguous,6.92,5–7 years,Chiplun,Chiplun
SAP-SEED-04949,Associate,Non-SAP / Ambiguous,4.0,3–4 years,Pune,Pune
SAP-SEED-04950,Production planning and control Executive,SAP Manufacturing / PP,7.17,5–7 years,Aurangabad,Aurangabad
SAP-SEED-04951,Sap Basis Consultant,SAP Basis / Administration,4.42,3–4 years,Kolkata,Kolkata
SAP-SEED-04952,Prod Engineer,Non-SAP / Ambiguous,7.58,5–7 years,Mumbai,Mumbai
SAP-SEED-04953,Project Analyst,SAP Project Systems / PS,3.42,3–4 years,India,India
SAP-SEED-04954,Sap Fico Consultant,SAP Finance / FICO,7.5,5–7 years,Kolkata,Kolkata
SAP-SEED-04955,Purchase Engineer,SAP Procurement / MM,3.0,3–4 years,Pune,Pune
SAP-SEED-04956,SAP MM Intern,SAP Procurement / MM,5.08,5–7 years,Pune,Pune
SAP-SEED-04957,Senior Test Engineer,Non-SAP / Ambiguous,3.92,3–4 years,Bengaluru / Bangalore,Bengaluru
SAP-SEED-04958,Process Associate,Non-SAP / Ambiguous,7.92,5–7 years,Pune,Pune
SAP-SEED-04959,SAP,SAP General / Consulting,3.58,3–4 years,Bengaluru / Bangalore,Bengaluru
SAP-SEED-04960,SAP MM consultant,SAP Procurement / MM,7.75,5–7 years,Chandigarh,Chandigarh
SAP-SEED-04961,Sap Consultant,SAP General / Consulting,4.08,3–4 years,"Hyderabad / Secunderabad, Telangana",Hyderabad
SAP-SEED-04962,Sap Consultant,SAP General / Consulting,4.42,3–4 years,Pune,Pune
SAP-SEED-04963,Sap Consultant,SAP General / Consulting,4.0,3–4 years,Pune,Pune
SAP-SEED-04964,Procurement Engineer,SAP Procurement / MM,2.42,3–4 years,Bengaluru / Bangalore,Bengaluru
SAP-SEED-04965,Senior Executive,Non-SAP / Ambiguous,8.33,8–11 years,Rewari,Rewari
SAP-SEED-04966,Senior System Engineer,Non-SAP / Ambiguous,4.33,3–4 years,Mangalore,Mangalore
SAP-SEED-04967,SAP Sd Consultant,SAP Sales / SD,8.75,8–11 years,Udaipur,Udaipur
SAP-SEED-04968,Tech Lead,Non-SAP / Ambiguous,6.83,5–7 years,Visakhapatnam,Visakhapatnam
SAP-SEED-04969,Sap Basis Consultant,SAP Basis / Administration,3.42,3–4 years,"Hyderabad / Secunderabad, Telangana",Hyderabad
SAP-SEED-04970,Sap Consultant,SAP General / Consulting,3.58,3–4 years,Bengaluru / Bangalore,Bengaluru
SAP-SEED-04971,SAP MM - Technical Support Engineer (Client),SAP Procurement / MM,4.08,3–4 years,Mumbai City,Mumbai
SAP-SEED-04972,SAP FICO,SAP Finance / FICO,6.0,5–7 years,Pune,Pune
SAP-SEED-04973,Sap Support,SAP General / Consulting,4.08,3–4 years,Bengaluru / Bangalore,Bengaluru
SAP-SEED-04974,sap mm consultant,SAP Procurement / MM,5.17,5–7 years,Bengaluru / Bangalore,Bengaluru
SAP-SEED-04975,Sap Hana Consultant,SAP HANA / Data,3.67,3–4 years,Bengaluru / Bangalore,Bengaluru
SAP-SEED-04976,SAP MM Functional Consultant,SAP Procurement / MM,3.67,3–4 years,Delhi,Delhi
SAP-SEED-04977,Associate Consultant,Non-SAP / Ambiguous,3.25,3–4 years,"Hyderabad / Secunderabad, Telangana",Hyderabad
SAP-SEED-04978,Sap Basis Admin,SAP Basis / Administration,5.08,5–7 years,"Hyderabad / Secunderabad, Telangana",Hyderabad
SAP-SEED-04979,SMT Engineer,Non-SAP / Ambiguous,4.17,3–4 years,Pune,Pune
SAP-SEED-04980,sap mm,SAP Procurement / MM,3.92,3–4 years,Chennai,Chennai
SAP-SEED-04981,Executive Ware House,Non-SAP / Ambiguous,2.58,3–4 years,India,India
SAP-SEED-04982,SAP MM Consultant,SAP Procurement / MM,4.0,3–4 years,"Hyderabad / Secunderabad, Telangana",Hyderabad
SAP-SEED-04983,Car Purchaser,SAP Procurement / MM,3.75,3–4 years,Ghaziabad,Ghaziabad
SAP-SEED-04984,ERP Functional Consultant,Non-SAP / Ambiguous,2.17,3–4 years,Bengaluru / Bangalore,Bengaluru
SAP-SEED-04985,SAP MM CONSULTANT,SAP Procurement / MM,3.17,3–4 years,Madurai,Madurai
SAP-SEED-04986,SAP mm,SAP Procurement / MM,5.17,5–7 years,Gurugram,Gurugram
SAP-SEED-04987,Sap Hana Consultant,SAP HANA / Data,3.25,3–4 years,Shivamogga,Shivamogga
SAP-SEED-04988,Proprietor,Non-SAP / Ambiguous,4.0,3–4 years,"Hyderabad / Secunderabad, Telangana",Hyderabad
SAP-SEED-04989,SAP Associate Consultant,SAP General / Consulting,3.25,3–4 years,Madurai,Madurai
SAP-SEED-04990,Procurement Engineer,SAP Procurement / MM,5.5,5–7 years,Mumbai,Mumbai
SAP-SEED-04991,IT Support Engineer,Non-SAP / Ambiguous,8.92,8–11 years,Thiruvananthapuram / Trivandrum,Thiruvananthapuram / Trivandrum
SAP-SEED-04992,Sap Fico Consultant,SAP Finance / FICO,5.75,5–7 years,Bengaluru / Bangalore,Bengaluru
SAP-SEED-04993,Package Consultant  S4HANA SCM TM,SAP Transportation / TM,6.42,5–7 years,Bengaluru / Bangalore,Bengaluru
SAP-SEED-04994,Sap Material Specialist,SAP General / Consulting,4.17,3–4 years,Bengaluru / Bangalore,Bengaluru
SAP-SEED-04995,Consultant,Non-SAP / Ambiguous,2.75,3–4 years,"Hyderabad / Secunderabad, Telangana",Hyderabad
SAP-SEED-04996,Junior Sap Consultant,SAP General / Consulting,2.0,3–4 years,Bengaluru / Bangalore,Bengaluru
SAP-SEED-04997,sap mm consultant,SAP Procurement / MM,2.17,3–4 years,Chennai,Chennai
SAP-SEED-04998,SAP,SAP General / Consulting,3.0,3–4 years,India,India
SAP-SEED-04999,Executive Production,SAP Manufacturing / PP,5.58,5–7 years,"Hyderabad / Secunderabad, Telangana",Hyderabad
SAP-SEED-05000,Sap Hana Consultant,SAP HANA / Data,7.42,5–7 years,"Hyderabad / Secunderabad, Telangana",Hyderabad
SAP-SEED-05001,Implementation Consultant,Non-SAP / Ambiguous,4.42,3–4 years,"Hyderabad / Secunderabad, Telangana",Hyderabad
SAP-SEED-05002,Master Data Analyst,Non-SAP / Ambiguous,6.42,5–7 years,"Hyderabad / Secunderabad, Telangana",Hyderabad
SAP-SEED-05003,Sap mm,SAP Procurement / MM,5.5,5–7 years,Ahmedabad,Ahmedabad
SAP-SEED-05004,Lead Planner,Non-SAP / Ambiguous,3.5,3–4 years,Raipur,Raipur
SAP-SEED-05005,SAP,SAP General / Consulting,8.08,8–11 years,Gurgaon / Gurugram,Gurugram
SAP-SEED-05006,Sap Basis Consultant,SAP Basis / Administration,4.75,3–4 years,"Hyderabad / Secunderabad, Telangana",Hyderabad
SAP-SEED-05007,Software Analyst,Non-SAP / Ambiguous,3.17,3–4 years,Chennai,Chennai
SAP-SEED-05008,Sap Consultant,SAP General / Consulting,3.67,3–4 years,Chennai,Chennai
SAP-SEED-05009,SAP,SAP General / Consulting,6.17,5–7 years,Pune,Pune
SAP-SEED-05010,Production Engineer,SAP Manufacturing / PP,6.5,5–7 years,kanpur,kanpur
SAP-SEED-05011,Sap Working,SAP General / Consulting,3.5,3–4 years,Ghaziabad,Ghaziabad
SAP-SEED-05012,SAP Materials Management Consultant,SAP General / Consulting,8.33,8–11 years,Salem,Salem
SAP-SEED-05013,Senior SAP LE/WM Analyst,SAP Warehouse / EWM,4.25,3–4 years,Bengaluru / Bangalore,Bengaluru
SAP-SEED-05014,Specialist Operation,Non-SAP / Ambiguous,7.17,5–7 years,Bengaluru / Bangalore,Bengaluru
SAP-SEED-05015,SAP,SAP General / Consulting,3.33,3–4 years,Bengaluru / Bangalore,Bengaluru
SAP-SEED-05016,Mechanical Engineer,Non-SAP / Ambiguous,2.42,3–4 years,Shahdol,Shahdol
SAP-SEED-05017,Sap Hana Consultant,SAP HANA / Data,3.25,3–4 years,Chennai,Chennai
SAP-SEED-05018,Associate,Non-SAP / Ambiguous,2.5,3–4 years,"Hyderabad / Secunderabad, Telangana",Hyderabad
SAP-SEED-05019,Executive,Non-SAP / Ambiguous,6.75,5–7 years,"Hyderabad / Secunderabad, Telangana",Hyderabad
SAP-SEED-05020,Operations Specialist,Non-SAP / Ambiguous,6.75,5–7 years,Bengaluru / Bangalore,Bengaluru
SAP-SEED-05021,SAP MM Consultant,SAP Procurement / MM,6.58,5–7 years,Bengaluru / Bangalore,Bengaluru
SAP-SEED-05022,Sap Materials Management Consultant,SAP General / Consulting,6.17,5–7 years,Bengaluru / Bangalore,Bengaluru
SAP-SEED-05023,MASTER DATA MANAGEMENT(MDM),Non-SAP / Ambiguous,3.83,3–4 years,Bengaluru / Bangalore,Bengaluru
SAP-SEED-05024,SAP MM  Consultant,SAP Procurement / MM,4.58,3–4 years,Pune,Pune
SAP-SEED-05025,SAP Sd Consultant,SAP Sales / SD,5.0,5–7 years,Pune,Pune
SAP-SEED-05026,Engineer,Non-SAP / Ambiguous,8.58,8–11 years,Ballia,Ballia
SAP-SEED-05027,SAP Account/Payable,SAP Finance / FICO,7.58,5–7 years,Bengaluru / Bangalore,Bengaluru
SAP-SEED-05028,Procurement Planning Executive,SAP Procurement / MM,6.5,5–7 years,Trichy,Trichy
SAP-SEED-05029,SAP,SAP General / Consulting,7.0,5–7 years,Aurangabad,Aurangabad
SAP-SEED-05030,Data Engineer,Non-SAP / Ambiguous,3.92,3–4 years,Gurgaon / Gurugram,Gurugram
SAP-SEED-05031,SAP MM Consultant,SAP Procurement / MM,4.0,3–4 years,"Hyderabad / Secunderabad, Telangana",Hyderabad
SAP-SEED-05032,Support Consultant,Non-SAP / Ambiguous,2.5,3–4 years,Dhule,Dhule
SAP-SEED-05033,Program Analyst,Non-SAP / Ambiguous,4.0,3–4 years,"Hyderabad / Secunderabad, Telangana",Hyderabad
SAP-SEED-05034,Sap Trainee,SAP General / Consulting,3.75,3–4 years,"Hyderabad / Secunderabad, Telangana",Hyderabad
SAP-SEED-05035,Technical Consultant,Non-SAP / Ambiguous,4.5,3–4 years,Noida,Noida
SAP-SEED-05036,SAP Account/Payable,SAP Finance / FICO,4.5,3–4 years,Kolkata,Kolkata
SAP-SEED-05037,Sap Basis Admin,SAP Basis / Administration,4.33,3–4 years,Bhubaneswar,Bhubaneswar
SAP-SEED-05038,SAP MM Consultant,SAP Procurement / MM,3.08,3–4 years,"Hyderabad / Secunderabad, Telangana",Hyderabad
SAP-SEED-05039,Sap Project Manager,SAP Project Systems / PS,4.0,3–4 years,Mumbai,Mumbai
SAP-SEED-05040,Coupa and SAP MM/WM Consultant,SAP Procurement / MM,7.58,5–7 years,India,India
SAP-SEED-05041,Sap Consultant,SAP General / Consulting,2.58,3–4 years,Chennai,Chennai
SAP-SEED-05042,Project Supervisor,SAP Project Systems / PS,2.92,3–4 years,Salem,Salem
SAP-SEED-05043,Automobile Engineer,SAP Analytics / BW,4.42,3–4 years,Chennai,Chennai
SAP-SEED-05044,Sap Materials Management Consultant,SAP General / Consulting,4.0,3–4 years,Nagpur,Nagpur
SAP-SEED-05045,Senior Associate,Non-SAP / Ambiguous,3.08,3–4 years,Chennai,Chennai
SAP-SEED-05046,Quality Controller,Non-SAP / Ambiguous,3.58,3–4 years,Abu Dhabi,Abu Dhabi
SAP-SEED-05047,SAP,SAP General / Consulting,6.67,5–7 years,Chennai,Chennai
SAP-SEED-05048,Procurement Trainee,SAP Procurement / MM,2.92,3–4 years,Hosur,Hosur
SAP-SEED-05049,Procurement Associate,SAP Procurement / MM,2.0,3–4 years,India,India
SAP-SEED-05050,Design engineer-01,Non-SAP / Ambiguous,8.75,8–11 years,Chennai,Chennai
SAP-SEED-05051,Logistics Supply Chain Specialist,SAP Supply Chain / APO,2.83,3–4 years,Coimbatore,Coimbatore
SAP-SEED-05052,Consultant Sap HCM,SAP HCM / SuccessFactors,4.42,3–4 years,Pune,Pune
SAP-SEED-05053,Associate Order Management,Non-SAP / Ambiguous,4.75,3–4 years,Bengaluru / Bangalore,Bengaluru
SAP-SEED-05054,Senior Officer,Non-SAP / Ambiguous,4.83,3–4 years,Chennai,Chennai
SAP-SEED-05055,SAP MM Consultant,SAP Procurement / MM,4.0,3–4 years,Jodhpur,Jodhpur
SAP-SEED-05056,Senior Consultant,Non-SAP / Ambiguous,8.33,8–11 years,Bengaluru / Bangalore,Bengaluru
SAP-SEED-05057,Associate Software Engineer,Non-SAP / Ambiguous,4.0,3–4 years,Bengaluru / Bangalore,Bengaluru
SAP-SEED-05058,Associate Engineer,Non-SAP / Ambiguous,2.42,3–4 years,Pune,Pune
SAP-SEED-05059,SAP,SAP General / Consulting,3.83,3–4 years,Bengaluru / Bangalore,Bengaluru
SAP-SEED-05060,SAP,SAP General / Consulting,8.58,8–11 years,India,India
SAP-SEED-05061,Sap Basis,SAP Basis / Administration,4.25,3–4 years,Rangareddy,Rangareddy
SAP-SEED-05062,Associate store,Non-SAP / Ambiguous,5.0,5–7 years,Barbil,Barbil
SAP-SEED-05063,Quality Engineer,Non-SAP / Ambiguous,3.67,3–4 years,Mumbai,Mumbai
SAP-SEED-05064,Senior Process Associate,Non-SAP / Ambiguous,4.58,3–4 years,Chennai,Chennai
SAP-SEED-05065,IT Executive,Non-SAP / Ambiguous,8.08,8–11 years,Nagapattinam,Nagapattinam
SAP-SEED-05066,SAP,SAP General / Consulting,7.42,5–7 years,Pune,Pune
SAP-SEED-05067,Software Engineer,Non-SAP / Ambiguous,3.83,3–4 years,Chennai,Chennai
SAP-SEED-05068,SAP,SAP General / Consulting,2.0,3–4 years,Ahmedabad,Ahmedabad
SAP-SEED-05069,Sap End User,SAP General / Consulting,5.33,5–7 years,Bengaluru / Bangalore,Bengaluru
SAP-SEED-05070,team lead | research analyst,Non-SAP / Ambiguous,5.42,5–7 years,"Hyderabad / Secunderabad, Telangana",Hyderabad
SAP-SEED-05071,Planning Engineer,Non-SAP / Ambiguous,3.92,3–4 years,Pune,Pune
SAP-SEED-05072,SAP,SAP General / Consulting,7.0,5–7 years,Mohali,Mohali
SAP-SEED-05073,Maintenance Engineer,Non-SAP / Ambiguous,8.0,8–11 years,Greater Noida,Noida
SAP-SEED-05074,Sr.Executive,Non-SAP / Ambiguous,4.42,3–4 years,Noida,Noida
SAP-SEED-05075,SAP,SAP General / Consulting,4.67,3–4 years,Bhubaneswar,Bhubaneswar
SAP-SEED-05076,Sap MM Consultant,SAP Procurement / MM,4.25,3–4 years,Mumbai,Mumbai
SAP-SEED-05077,Specialist Package Implementation,Non-SAP / Ambiguous,2.5,3–4 years,Chennai,Chennai
SAP-SEED-05078,Senior Analyst,Non-SAP / Ambiguous,4.33,3–4 years,Coimbatore,Coimbatore
SAP-SEED-05079,Associate Consultant SAP MM,SAP Procurement / MM,4.92,3–4 years,Thrissur,Thrissur
SAP-SEED-05080,Senior IT Application Analyst - SAP,SAP General / Consulting,7.0,5–7 years,India,India
SAP-SEED-05081,Senior Financial Analyst,Non-SAP / Ambiguous,7.08,5–7 years,Bengaluru / Bangalore,Bengaluru
SAP-SEED-05082,SAP,SAP General / Consulting,4.67,3–4 years,Fatehpur,Fatehpur
SAP-SEED-05083,ML DATA ASSOCIATE,Non-SAP / Ambiguous,4.42,3–4 years,"Hyderabad / Secunderabad, Telangana",Hyderabad
SAP-SEED-05084,SAP,SAP General / Consulting,4.67,3–4 years,Pune,Pune
SAP-SEED-05085,Engineer,Non-SAP / Ambiguous,4.58,3–4 years,Pune,Pune
SAP-SEED-05086,Material Management,Non-SAP / Ambiguous,5.75,5–7 years,Silvassa,Silvassa
SAP-SEED-05087,Sap mm,SAP Procurement / MM,3.67,3–4 years,Noida,Noida
SAP-SEED-05088,Senior System Engineer,Non-SAP / Ambiguous,3.33,3–4 years,Pune,Pune
SAP-SEED-05089,Executive,Non-SAP / Ambiguous,2.92,3–4 years,"Hyderabad / Secunderabad, Telangana",Hyderabad
SAP-SEED-05090,SAP,SAP General / Consulting,5.92,5–7 years,Namakkal,Namakkal
SAP-SEED-05091,SAP MM Consultant,SAP Procurement / MM,4.75,3–4 years,"Hyderabad / Secunderabad, Telangana",Hyderabad
SAP-SEED-05092,SAP MM Consultant,SAP Procurement / MM,6.92,5–7 years,Mumbai,Mumbai
SAP-SEED-05093,Clonut solutions pvt ltd,Non-SAP / Ambiguous,4.83,3–4 years,Visakhapatnam,Visakhapatnam
SAP-SEED-05094,Sap ABAP Consultant,SAP ABAP / Development,2.5,3–4 years,Bengaluru / Bangalore,Bengaluru
SAP-SEED-05095,Process Developer,Non-SAP / Ambiguous,4.0,3–4 years,"Hyderabad / Secunderabad, Telangana",Hyderabad
SAP-SEED-05096,SAP,SAP General / Consulting,6.42,5–7 years,Jodhpur,Jodhpur
SAP-SEED-05097,SAP,SAP General / Consulting,3.08,3–4 years,Cochin / Kochi / Ernakulam,Cochin / Kochi / Ernakulam
SAP-SEED-05098,SAP Bussiness Process Associate,SAP General / Consulting,2.67,3–4 years,Pune,Pune
SAP-SEED-05099,Senior Commercial Executive,Non-SAP / Ambiguous,9.0,8–11 years,"Hyderabad / Secunderabad, Telangana",Hyderabad
SAP-SEED-05100,Purchase Assistant SCM  SAP MM end user,SAP Procurement / MM,2.25,3–4 years,Pune,Pune
SAP-SEED-05101,Production Assistant,SAP Manufacturing / PP,4.92,3–4 years,Aurangabad,Aurangabad
SAP-SEED-05102,Plant quality representative,Non-SAP / Ambiguous,8.0,8–11 years,Nagpur,Nagpur
SAP-SEED-05103,Senior Executive,Non-SAP / Ambiguous,7.67,5–7 years,Haridwar,Haridwar
SAP-SEED-05104,Sap User,SAP General / Consulting,3.0,3–4 years,Chengalpattu,Chengalpattu
SAP-SEED-05105,Procurement Strategic Sourcing,SAP Procurement / MM,8.83,8–11 years,Bengaluru / Bangalore,Bengaluru
SAP-SEED-05106,Associate Engineer,Non-SAP / Ambiguous,3.83,3–4 years,Bengaluru / Bangalore,Bengaluru
SAP-SEED-05107,Functional Consultant,Non-SAP / Ambiguous,6.33,5–7 years,Chennai,Chennai
SAP-SEED-05108,Sap Basis Admin,SAP Basis / Administration,3.67,3–4 years,Pune,Pune
SAP-SEED-05109,IT Procurement Executive,SAP Procurement / MM,3.25,3–4 years,Mumbai City,Mumbai
SAP-SEED-05110,Sap Basis Admin,SAP Basis / Administration,3.58,3–4 years,Pune,Pune
SAP-SEED-05111,SAP PS/FI Consultant,SAP Finance / FICO,5.17,5–7 years,Bengaluru / Bangalore,Bengaluru
SAP-SEED-05112,Sap Functional Consultant,SAP General / Consulting,4.25,3–4 years,Mumbai,Mumbai
SAP-SEED-05113,SAP,SAP General / Consulting,4.17,3–4 years,Singapore,Singapore
SAP-SEED-05114,Retail Sales Supervisor,SAP Sales / SD,7.92,5–7 years,Pune,Pune
SAP-SEED-05115,SAP Hana Developer,SAP HANA / Data,3.42,3–4 years,"Hyderabad / Secunderabad, Telangana",Hyderabad
SAP-SEED-05116,Sap Consultant,SAP General / Consulting,7.75,5–7 years,Delhi,Delhi
SAP-SEED-05117,SAP,SAP General / Consulting,2.58,3–4 years,Vijayawada,Vijayawada
SAP-SEED-05118,Purchase Engineer,SAP Procurement / MM,5.58,5–7 years,Pune,Pune
SAP-SEED-05119,SAP MM,SAP Procurement / MM,5.58,5–7 years,Bengaluru / Bangalore,Bengaluru
SAP-SEED-05120,Renewal Sales,SAP Sales / SD,5.25,5–7 years,Pune,Pune
SAP-SEED-05121,Officer Purchase,SAP Procurement / MM,3.17,3–4 years,Pune,Pune
SAP-SEED-05122,SAP CPI Consultant,SAP Integration / CPI,3.67,3–4 years,Delhi,Delhi
SAP-SEED-05123,Associate Consultant,Non-SAP / Ambiguous,7.42,5–7 years,"Hyderabad / Secunderabad, Telangana",Hyderabad
SAP-SEED-05124,Supply Chain,SAP Supply Chain / APO,2.75,3–4 years,Jamshedpur,Jamshedpur
SAP-SEED-05125,Sap Executive,SAP General / Consulting,3.67,3–4 years,Kozhikode / Calicut,Kozhikode / Calicut
SAP-SEED-05126,Senior SAP MM consultant,SAP Procurement / MM,6.25,5–7 years,Chennai,Chennai
SAP-SEED-05127,Executive Sap,SAP General / Consulting,7.25,5–7 years,Chennai,Chennai
SAP-SEED-05128,Sap Pp Qm Consultant,SAP Manufacturing / PP,5.67,5–7 years,Bengaluru / Bangalore,Bengaluru
SAP-SEED-05129,Senior Software Engineer,Non-SAP / Ambiguous,2.08,3–4 years,Bengaluru / Bangalore,Bengaluru
SAP-SEED-05130,SAP,SAP General / Consulting,5.08,5–7 years,Bengaluru / Bangalore,Bengaluru
SAP-SEED-05131,Software Engineer,Non-SAP / Ambiguous,4.0,3–4 years,Delhi,Delhi
SAP-SEED-05132,Quality Engineering,Non-SAP / Ambiguous,6.83,5–7 years,Baramati,Baramati
SAP-SEED-05133,Functional Analyst,Non-SAP / Ambiguous,8.25,8–11 years,"Hyderabad / Secunderabad, Telangana",Hyderabad
SAP-SEED-05134,Executive Sap,SAP General / Consulting,4.17,3–4 years,Ujjain,Ujjain
SAP-SEED-05135,Intern,Non-SAP / Ambiguous,4.67,3–4 years,Anantapur,Anantapur
SAP-SEED-05136,SAP MM CONSULTANT,SAP Procurement / MM,6.25,5–7 years,Kolkata,Kolkata
SAP-SEED-05137,SAP,SAP General / Consulting,2.58,3–4 years,Mumbai,Mumbai
SAP-SEED-05138,Order Management Specialist,Non-SAP / Ambiguous,6.33,5–7 years,Bengaluru / Bangalore,Bengaluru
SAP-SEED-05139,Associate SAP MM consultant,SAP Procurement / MM,8.5,8–11 years,Bengaluru / Bangalore,Bengaluru
SAP-SEED-05140,Sap ABAP Consultant,SAP ABAP / Development,6.58,5–7 years,Metro Manila / NCR,Metro Manila / NCR
SAP-SEED-05141,Sap Analyst,SAP General / Consulting,4.25,3–4 years,Bengaluru / Bangalore,Bengaluru
SAP-SEED-05142,SME in economics,Non-SAP / Ambiguous,7.33,5–7 years,Delhi,Delhi
SAP-SEED-05143,Sap Assistant Manager,SAP General / Consulting,6.58,5–7 years,Bengaluru / Bangalore,Bengaluru
SAP-SEED-05144,Packaged App Development Senior Analyst,Non-SAP / Ambiguous,6.5,5–7 years,Vadodara,Vadodara
SAP-SEED-05145,SAP Account/Payable,SAP Finance / FICO,4.42,3–4 years,Mumbai,Mumbai
SAP-SEED-05146,SAP MM Consultant,SAP Procurement / MM,6.5,5–7 years,Bengaluru / Bangalore,Bengaluru
SAP-SEED-05147,SAP Hana Developer,SAP HANA / Data,3.08,3–4 years,India,India
SAP-SEED-05148,Sap Functional Analyst,SAP General / Consulting,7.92,5–7 years,Chennai,Chennai
SAP-SEED-05149,Sap Basis Admin,SAP Basis / Administration,2.5,3–4 years,Pune,Pune
SAP-SEED-05150,SAP MM Functional Consultant,SAP Procurement / MM,3.67,3–4 years,Tirupati,Tirupati
SAP-SEED-05151,Quality Assurance Officer,Non-SAP / Ambiguous,8.08,8–11 years,Nagpur,Nagpur
SAP-SEED-05152,MIS Executive,Non-SAP / Ambiguous,7.33,5–7 years,Bengaluru / Bangalore,Bengaluru
SAP-SEED-05153,SAP,SAP General / Consulting,7.92,5–7 years,Chennai,Chennai
SAP-SEED-05154,Senior Executive,Non-SAP / Ambiguous,5.33,5–7 years,Chennai,Chennai
SAP-SEED-05155,SAP MM Analyst,SAP Procurement / MM,4.0,3–4 years,Bengaluru / Bangalore,Bengaluru
SAP-SEED-05156,SAP MM EXECUTIVE,SAP Procurement / MM,8.83,8–11 years,Delhi,Delhi
SAP-SEED-05157,IT Officer SAP MM,SAP Procurement / MM,4.0,3–4 years,Nashik,Nashik
SAP-SEED-05158,No,Non-SAP / Ambiguous,5.17,5–7 years,Bengaluru / Bangalore,Bengaluru
SAP-SEED-05159,Senior Stores Executive,Non-SAP / Ambiguous,5.0,5–7 years,Bengaluru / Bangalore,Bengaluru
SAP-SEED-05160,Process Developer,Non-SAP / Ambiguous,7.0,5–7 years,India,India
SAP-SEED-05161,Senior Production Planner,SAP Manufacturing / PP,6.92,5–7 years,Bengaluru / Bangalore,Bengaluru
SAP-SEED-05162,SAP,SAP General / Consulting,4.92,3–4 years,Sirmaur,Sirmaur
SAP-SEED-05163,SAP MM Consultant,SAP Procurement / MM,2.75,3–4 years,Thane,Thane
SAP-SEED-05164,Associate Consultant,Non-SAP / Ambiguous,5.92,5–7 years,Pune,Pune
SAP-SEED-05165,Associate Engineer,Non-SAP / Ambiguous,5.08,5–7 years,Pune,Pune
SAP-SEED-05166,Process Developer,Non-SAP / Ambiguous,3.17,3–4 years,Bengaluru / Bangalore,Bengaluru
SAP-SEED-05167,Sap Specialist,SAP General / Consulting,8.58,8–11 years,Chennai,Chennai
SAP-SEED-05168,Sap mm consultant,SAP Procurement / MM,7.33,5–7 years,Bengaluru / Bangalore,Bengaluru
SAP-SEED-05169,ERP Analyst (SAP MM Consultant)),SAP Procurement / MM,4.5,3–4 years,"Hyderabad / Secunderabad, Telangana",Hyderabad
SAP-SEED-05170,SAP MM Consultant,SAP Procurement / MM,3.08,3–4 years,Chennai,Chennai
SAP-SEED-05171,Sap Functional Consultant,SAP General / Consulting,8.5,8–11 years,Pune,Pune
SAP-SEED-05172,Engineering,Non-SAP / Ambiguous,5.75,5–7 years,Chennai,Chennai
SAP-SEED-05173,Finance Associate,Non-SAP / Ambiguous,4.67,3–4 years,Kolkata,Kolkata
SAP-SEED-05174,SAP,SAP General / Consulting,3.17,3–4 years,Ahmedabad,Ahmedabad
SAP-SEED-05175,Purchase Engineer,SAP Procurement / MM,4.08,3–4 years,Ahmedabad,Ahmedabad
SAP-SEED-05176,Sap Basis Consultant,SAP Basis / Administration,2.67,3–4 years,Bengaluru / Bangalore,Bengaluru
SAP-SEED-05177,Asset Purchase Officer,SAP Procurement / MM,4.17,3–4 years,"Hyderabad, Uttar Pradesh",Hyderabad
SAP-SEED-05178,Business and Technology Delivery Analyst,Non-SAP / Ambiguous,3.0,3–4 years,Bengaluru / Bangalore,Bengaluru
SAP-SEED-05179,Senior Materials Engineer,Non-SAP / Ambiguous,8.0,8–11 years,Ramachandrapuram,Ramachandrapuram
SAP-SEED-05180,Sap Consultant,SAP General / Consulting,2.08,3–4 years,Pune,Pune
SAP-SEED-05181,Sap Associate Consultant,SAP General / Consulting,3.08,3–4 years,Pune,Pune
SAP-SEED-05182,SAP MM Consultant,SAP Procurement / MM,2.92,3–4 years,Delhi,Delhi
SAP-SEED-05183,Sap Hana Consultant,SAP HANA / Data,5.58,5–7 years,Pune,Pune
SAP-SEED-05184,Process Analyst,Non-SAP / Ambiguous,3.25,3–4 years,Pune,Pune
SAP-SEED-05185,Management Trainee,Non-SAP / Ambiguous,2.0,3–4 years,Pune,Pune
SAP-SEED-05186,Executive,Non-SAP / Ambiguous,3.0,3–4 years,Greater Noida,Noida
SAP-SEED-05187,Supply Chain Analyst,SAP Supply Chain / APO,3.33,3–4 years,Namakkal,Namakkal
SAP-SEED-05188,Process Associate,Non-SAP / Ambiguous,2.42,3–4 years,Yavatmal,Yavatmal
SAP-SEED-05189,sap hana and basis consultant,SAP Basis / Administration,6.17,5–7 years,"Hyderabad / Secunderabad, Telangana",Hyderabad
SAP-SEED-05190,Software engineer,Non-SAP / Ambiguous,4.08,3–4 years,Bengaluru / Bangalore,Bengaluru
SAP-SEED-05191,Supply Chain Analyst,SAP Supply Chain / APO,4.25,3–4 years,Abu Dhabi,Abu Dhabi
SAP-SEED-05192,SAP Functional Consultant,SAP General / Consulting,3.17,3–4 years,Chennai,Chennai
SAP-SEED-05193,Purchasing Specialist,SAP Procurement / MM,5.5,5–7 years,Chennai,Chennai
SAP-SEED-05194,Supply Chain Lead,SAP Supply Chain / APO,3.0,3–4 years,Bengaluru / Bangalore,Bengaluru
SAP-SEED-05195,SAP MM Functional Consultant,SAP Procurement / MM,4.0,3–4 years,Chennai,Chennai
SAP-SEED-05196,SAP,SAP General / Consulting,6.58,5–7 years,Mumbai City,Mumbai
SAP-SEED-05197,Sap Basis Consultant,SAP Basis / Administration,2.75,3–4 years,Pune,Pune
SAP-SEED-05198,SAP,SAP General / Consulting,3.17,3–4 years,"Hyderabad / Secunderabad, Telangana",Hyderabad
SAP-SEED-05199,SAP,SAP General / Consulting,6.25,5–7 years,Bengaluru / Bangalore,Bengaluru
SAP-SEED-05200,Sap Basis Consultant,SAP Basis / Administration,3.5,3–4 years,"Hyderabad / Secunderabad, Telangana",Hyderabad
SAP-SEED-05201,Product Support,Non-SAP / Ambiguous,5.92,5–7 years,Mumbai,Mumbai
SAP-SEED-05202,Sap Functional Consultant,SAP General / Consulting,2.83,3–4 years,kanpur,kanpur
SAP-SEED-05203,Process speaclist,Non-SAP / Ambiguous,4.0,3–4 years,Faridabad,Faridabad
SAP-SEED-05204,SAP MM Consultant,SAP Procurement / MM,6.67,5–7 years,Bengaluru / Bangalore,Bengaluru
SAP-SEED-05205,Application Development Analyst,Non-SAP / Ambiguous,2.75,3–4 years,Chennai,Chennai
SAP-SEED-05206,SAP BODS|S4HANA Migration| SYNITI|SAP HANA Consultant,SAP HANA / Data,3.58,3–4 years,"Hyderabad / Secunderabad, Telangana",Hyderabad
SAP-SEED-05207,Senior System Engineer,Non-SAP / Ambiguous,3.75,3–4 years,Kolhapur,Kolhapur
SAP-SEED-05208,Supply Chain Buyer,SAP Supply Chain / APO,3.17,3–4 years,Pune,Pune
SAP-SEED-05209,SAP MM functional consultant,SAP Procurement / MM,2.58,3–4 years,Aurangabad,Aurangabad
SAP-SEED-05210,Sap Consultant,SAP General / Consulting,2.92,3–4 years,Mumbai,Mumbai
SAP-SEED-05211,Project Coordinator,SAP Project Systems / PS,3.25,3–4 years,Mumbai,Mumbai
SAP-SEED-05212,Sap mm,SAP Procurement / MM,5.58,5–7 years,Pune,Pune
SAP-SEED-05213,Sales Associate,SAP Sales / SD,2.08,3–4 years,Gorakhpur,Gorakhpur
SAP-SEED-05214,Engineer Procurement,SAP Procurement / MM,2.83,3–4 years,Bagalkot,Bagalkot
SAP-SEED-05215,Junior SAP MM consultant,SAP Procurement / MM,3.5,3–4 years,Chennai,Chennai
SAP-SEED-05216,Assistant Manager SAP MM FUNCTIONAL CONSULTANT,SAP Procurement / MM,3.08,3–4 years,Navi Mumbai,Mumbai
SAP-SEED-05217,Sap Trainee Consultant,SAP General / Consulting,5.08,5–7 years,"Hyderabad / Secunderabad, Telangana",Hyderabad
SAP-SEED-05218,Associate Consultant Sap,SAP General / Consulting,3.58,3–4 years,Kasargod / Kasaragod,Kasargod / Kasaragod
SAP-SEED-05219,Sap Basis Consultant,SAP Basis / Administration,3.17,3–4 years,"Hyderabad / Secunderabad, Telangana",Hyderabad
SAP-SEED-05220,Executive SAP MM,SAP Procurement / MM,6.83,5–7 years,Bengaluru / Bangalore,Bengaluru
SAP-SEED-05221,Sap Consultant,SAP General / Consulting,6.75,5–7 years,Chandrapur,Chandrapur
SAP-SEED-05222,SAP MM CONSULTANT,SAP Procurement / MM,5.08,5–7 years,Bengaluru / Bangalore,Bengaluru
SAP-SEED-05223,Sap Ewm Consultant,SAP Warehouse / EWM,4.42,3–4 years,Bengaluru / Bangalore,Bengaluru
SAP-SEED-05224,Finance Analyst,Non-SAP / Ambiguous,6.67,5–7 years,Bengaluru / Bangalore,Bengaluru
SAP-SEED-05225,Process Associate,Non-SAP / Ambiguous,2.83,3–4 years,Belgaum,Belgaum
SAP-SEED-05226,Sap BODS/HANA/CDS/BW senior Consultant,SAP HANA / Data,4.75,3–4 years,Vadodara,Vadodara
SAP-SEED-05227,Logistics incharge,Non-SAP / Ambiguous,5.33,5–7 years,"Hyderabad / Secunderabad, Telangana",Hyderabad
SAP-SEED-05228,Procurement Executive,SAP Procurement / MM,4.08,3–4 years,Chennai,Chennai
SAP-SEED-05229,Associate Consultant,Non-SAP / Ambiguous,8.0,8–11 years,Kolkata,Kolkata
SAP-SEED-05230,SAP Fiori Consultant,SAP UX / UI5 / Fiori,3.42,3–4 years,"Hyderabad / Secunderabad, Telangana",Hyderabad
SAP-SEED-05231,Team Lead SAP MM,SAP Procurement / MM,3.75,3–4 years,Aurangabad,Aurangabad
SAP-SEED-05232,SAP MM support,SAP Procurement / MM,5.92,5–7 years,Sangli,Sangli
SAP-SEED-05233,Sap Ewm Consultant,SAP Warehouse / EWM,2.08,3–4 years,Gurugram,Gurugram
SAP-SEED-05234,SAP MM Module  SCM Officer,SAP Procurement / MM,3.25,3–4 years,Pune,Pune
SAP-SEED-05235,Sap Consultant,SAP General / Consulting,3.83,3–4 years,Mumbai City,Mumbai
SAP-SEED-05236,SAP MM and SRM Functional Consultant,SAP Procurement / MM,3.25,3–4 years,Mumbai,Mumbai
SAP-SEED-05237,Purchase Officer,SAP Procurement / MM,2.42,3–4 years,Agra,Agra
SAP-SEED-05238,SAPSD Consultant,SAP General / Consulting,5.42,5–7 years,Navi Mumbai,Mumbai
SAP-SEED-05239,Sap Technical Consultant,SAP General / Consulting,4.5,3–4 years,"Hyderabad / Secunderabad, Telangana",Hyderabad
SAP-SEED-05240,SAP MM support consultant,SAP Procurement / MM,7.5,5–7 years,Belgaum,Belgaum
SAP-SEED-05241,Purchase Engineer,SAP Procurement / MM,5.5,5–7 years,Indore,Indore
SAP-SEED-05242,SAP MM Consultant,SAP Procurement / MM,6.5,5–7 years,Gudur,Gudur
SAP-SEED-05243,Assistant Manager Operations,Non-SAP / Ambiguous,3.67,3–4 years,Kalyan,Kalyan
SAP-SEED-05244,Purchase Engineer,SAP Procurement / MM,3.0,3–4 years,Nagpur,Nagpur
SAP-SEED-05245,Business Analyst,Non-SAP / Ambiguous,5.08,5–7 years,Chennai,Chennai
SAP-SEED-05246,Sap Support,SAP General / Consulting,4.0,3–4 years,Pune,Pune
SAP-SEED-05247,SAP MM CONSULTANT,SAP Procurement / MM,3.67,3–4 years,Nashik,Nashik
SAP-SEED-05248,SWAppCloud Tech Support Analyst - L11,SAP BTP / Cloud,5.67,5–7 years,Bengaluru / Bangalore,Bengaluru
SAP-SEED-05249,Sap Helpdesk,SAP General / Consulting,3.17,3–4 years,Bhubaneswar,Bhubaneswar
SAP-SEED-05250,Sap Functional Consultant,SAP General / Consulting,3.25,3–4 years,Indore,Indore
SAP-SEED-05251,Junior Engineer,Non-SAP / Ambiguous,4.0,3–4 years,India,India
SAP-SEED-05252,Tech 1,Non-SAP / Ambiguous,4.5,3–4 years,Silvassa,Silvassa
SAP-SEED-05253,Software Engineer,Non-SAP / Ambiguous,3.67,3–4 years,Belgaum,Belgaum
SAP-SEED-05254,Senior Associate,Non-SAP / Ambiguous,2.67,3–4 years,Krishnagiri,Krishnagiri
SAP-SEED-05255,Operations Head,Non-SAP / Ambiguous,3.58,3–4 years,Nasik,Nasik
SAP-SEED-05256,Demand Analyst,Non-SAP / Ambiguous,6.0,5–7 years,Nashik,Nashik
SAP-SEED-05257,Software Engineer,Non-SAP / Ambiguous,3.33,3–4 years,Bengaluru / Bangalore,Bengaluru
SAP-SEED-05258,SAP MM S/4 HANA Consultant,SAP Procurement / MM,7.08,5–7 years,United States of America (USA),United States of America (USA)
SAP-SEED-05259,Associate Software Test Engineer,Non-SAP / Ambiguous,3.5,3–4 years,Bengaluru / Bangalore,Bengaluru
SAP-SEED-05260,Sap Analyst,SAP General / Consulting,5.83,5–7 years,"Hyderabad / Secunderabad, Telangana",Hyderabad
SAP-SEED-05261,senior sap mm/wm consultant,SAP Procurement / MM,4.17,3–4 years,Dubai,Dubai
SAP-SEED-05262,SAP MM consultant,SAP Procurement / MM,3.58,3–4 years,Mumbai,Mumbai
SAP-SEED-05263,Sap Sales Consultant,SAP Sales / SD,3.08,3–4 years,"Hyderabad / Secunderabad, Telangana",Hyderabad
SAP-SEED-05264,"MS SQL ,SAP HANA Developer",SAP HANA / Data,5.92,5–7 years,"Hyderabad / Secunderabad, Telangana",Hyderabad
SAP-SEED-05265,SAP MM Consultant,SAP Procurement / MM,2.17,3–4 years,"Hyderabad / Secunderabad, Telangana",Hyderabad
SAP-SEED-05266,SAP MM,SAP Procurement / MM,3.75,3–4 years,Nagpur,Nagpur
SAP-SEED-05267,Sap mm consultant,SAP Procurement / MM,3.5,3–4 years,Kolkata,Kolkata
SAP-SEED-05268,Sap Consultant,SAP General / Consulting,6.58,5–7 years,Hubli,Hubli
SAP-SEED-05269,MBA Student,Non-SAP / Ambiguous,2.92,3–4 years,Other India,Other India
SAP-SEED-05270,Engineer Procurement,SAP Procurement / MM,4.58,3–4 years,Indore,Indore
SAP-SEED-05271,Procurement Engineer,SAP Procurement / MM,4.08,3–4 years,Pune,Pune
SAP-SEED-05272,Sap Test Engineer,SAP General / Consulting,2.5,3–4 years,"Hyderabad / Secunderabad, Telangana",Hyderabad
SAP-SEED-05273,SAP MM consultant,SAP Procurement / MM,2.42,3–4 years,Tiruchirappalli,Tiruchirappalli
SAP-SEED-05274,Assistant,Non-SAP / Ambiguous,3.5,3–4 years,Ranchi,Ranchi
SAP-SEED-05275,assessor,Non-SAP / Ambiguous,2.0,3–4 years,Mandi,Mandi
SAP-SEED-05276,Intern,Non-SAP / Ambiguous,3.17,3–4 years,Nagpur,Nagpur
SAP-SEED-05277,SAP MM Functional Consultant,SAP Procurement / MM,3.67,3–4 years,"Hyderabad / Secunderabad, Telangana",Hyderabad
SAP-SEED-05278,Retail Operations Manager,Non-SAP / Ambiguous,5.0,5–7 years,Siliguri,Siliguri
SAP-SEED-05279,Sap Basis Admin,SAP Basis / Administration,3.17,3–4 years,Aurangabad,Aurangabad
SAP-SEED-05280,Invoice Processing Analyst,Non-SAP / Ambiguous,2.08,3–4 years,Chennai,Chennai
SAP-SEED-05281,SAP Ariba Consultant,SAP General / Consulting,2.75,3–4 years,Mumbai,Mumbai
SAP-SEED-05282,Senior Operation Executive,Non-SAP / Ambiguous,4.75,3–4 years,Chennai,Chennai
SAP-SEED-05283,SAP Account/Payable,SAP Finance / FICO,5.08,5–7 years,Ahmednagar,Ahmednagar
SAP-SEED-05284,Technical Consultant,Non-SAP / Ambiguous,3.17,3–4 years,Bengaluru / Bangalore,Bengaluru
SAP-SEED-05285,SAP MM Consultant,SAP Procurement / MM,4.42,3–4 years,Bengaluru / Bangalore,Bengaluru
SAP-SEED-05286,Sap MM Functional Consultant,SAP Procurement / MM,4.0,3–4 years,pune,Pune
SAP-SEED-05287,Sap Ewm Consultant,SAP Warehouse / EWM,3.25,3–4 years,"Hyderabad / Secunderabad, Telangana",Hyderabad
SAP-SEED-05288,Sap Officer,SAP General / Consulting,5.0,5–7 years,Bengaluru / Bangalore,Bengaluru
SAP-SEED-05289,Assistant Manager SCM,Non-SAP / Ambiguous,6.0,5–7 years,Ahmednagar,Ahmednagar
SAP-SEED-05290,Sap Consultant,SAP General / Consulting,2.5,3–4 years,Delhi,Delhi
SAP-SEED-05291,Office Clerk,Non-SAP / Ambiguous,2.92,3–4 years,Surendranagar,Surendranagar
SAP-SEED-05292,Procurement Analyst,SAP Procurement / MM,6.75,5–7 years,Bengaluru / Bangalore,Bengaluru
SAP-SEED-05293,Logistics Executive,Non-SAP / Ambiguous,2.42,3–4 years,Mumbai,Mumbai
SAP-SEED-05294,Sap Hana Consultant,SAP HANA / Data,8.33,8–11 years,Bengaluru / Bangalore,Bengaluru
SAP-SEED-05295,Operations Manager,Non-SAP / Ambiguous,3.0,3–4 years,Jaipur,Jaipur
SAP-SEED-05296,Production Executive,SAP Manufacturing / PP,4.33,3–4 years,Indore,Indore
SAP-SEED-05297,SAP Consultant,SAP General / Consulting,3.17,3–4 years,Chennai,Chennai
SAP-SEED-05298,Sap Consultant,SAP General / Consulting,6.5,5–7 years,Ballari,Ballari
SAP-SEED-05299,Mechanical Shift Engineer,Non-SAP / Ambiguous,3.42,3–4 years,Satna,Satna
SAP-SEED-05300,SAP MM Consultant,SAP Procurement / MM,3.58,3–4 years,Chandrapur,Chandrapur
SAP-SEED-05301,Supply Chain Management Trainee,SAP Supply Chain / APO,8.08,8–11 years,Ulhasnagar,Ulhasnagar
SAP-SEED-05302,Material Management,Non-SAP / Ambiguous,2.25,3–4 years,Amreli,Amreli
SAP-SEED-05303,Procurement and Logistics Coordinator,SAP Procurement / MM,3.75,3–4 years,Chennai,Chennai
SAP-SEED-05304,SAP MM  ARIBA Consultant,SAP Procurement / MM,2.17,3–4 years,Pune,Pune
SAP-SEED-05305,Mechanical Engineer,Non-SAP / Ambiguous,2.08,3–4 years,Mahalingpur,Mahalingpur
SAP-SEED-05306,Software Engineer,Non-SAP / Ambiguous,3.25,3–4 years,Jaipur,Jaipur
SAP-SEED-05307,Management Team Leader,Non-SAP / Ambiguous,3.08,3–4 years,Pune,Pune
SAP-SEED-05308,SAP MM Consultant,SAP Procurement / MM,5.67,5–7 years,Gurgaon / Gurugram,Gurugram
SAP-SEED-05309,SAP Account/Payable,SAP Finance / FICO,5.5,5–7 years,Thane,Thane
SAP-SEED-05310,Supply Chain Executive,SAP Supply Chain / APO,3.42,3–4 years,Bengaluru / Bangalore,Bengaluru
SAP-SEED-05311,Jr.Associate Engineer,Non-SAP / Ambiguous,3.92,3–4 years,Valsad,Valsad
SAP-SEED-05312,Senior Support Engineer,Non-SAP / Ambiguous,3.58,3–4 years,hyderabad,Hyderabad
SAP-SEED-05313,Data Management Executive,Non-SAP / Ambiguous,7.42,5–7 years,Bengaluru / Bangalore,Bengaluru
SAP-SEED-05314,Facility Manager,Non-SAP / Ambiguous,3.58,3–4 years,"Hyderabad / Secunderabad, Telangana",Hyderabad
SAP-SEED-05315,Senior Procurement Specialist,SAP Procurement / MM,9.0,8–11 years,"Hyderabad / Secunderabad, Telangana",Hyderabad
SAP-SEED-05316,SAP MM Consultant,SAP Procurement / MM,3.0,3–4 years,Kolhapur,Kolhapur
SAP-SEED-05317,Procurement Executive,SAP Procurement / MM,3.08,3–4 years,Chennai,Chennai
SAP-SEED-05318,SAP,SAP General / Consulting,3.92,3–4 years,Delhi,Delhi
SAP-SEED-05319,Procurement Lead,SAP Procurement / MM,4.42,3–4 years,Pakistan,Pakistan
SAP-SEED-05320,Remote Support Engineer,Non-SAP / Ambiguous,2.0,3–4 years,Navi Mumbai,Mumbai
SAP-SEED-05321,SAP MM Consultant,SAP Procurement / MM,3.08,3–4 years,Vijayawada,Vijayawada
SAP-SEED-05322,SAP MM Functional consultant,SAP Procurement / MM,3.58,3–4 years,Bengaluru / Bangalore,Bengaluru
SAP-SEED-05323,SAP MM  ERP P2P Support Consultant,SAP Procurement / MM,2.75,3–4 years,Pandi,Pandi
SAP-SEED-05324,Senior Software Engineer,Non-SAP / Ambiguous,4.0,3–4 years,Bengaluru / Bangalore,Bengaluru
SAP-SEED-05325,Associate,Non-SAP / Ambiguous,6.08,5–7 years,Bengaluru / Bangalore,Bengaluru
SAP-SEED-05326,SAP MM  SCM CONSULTANT,SAP Procurement / MM,4.58,3–4 years,Visakhapatnam,Visakhapatnam
SAP-SEED-05327,Senior Sap Consultant,SAP General / Consulting,8.33,8–11 years,Dubai,Dubai
SAP-SEED-05328,Analyst,Non-SAP / Ambiguous,7.17,5–7 years,Bengaluru / Bangalore,Bengaluru
SAP-SEED-05329,Executive Procurement,SAP Procurement / MM,4.42,3–4 years,Chennai,Chennai
SAP-SEED-05330,Material Planner,Non-SAP / Ambiguous,5.58,5–7 years,Chennai,Chennai
SAP-SEED-05331,Master Data Specialist,Non-SAP / Ambiguous,6.17,5–7 years,Coimbatore,Coimbatore
SAP-SEED-05332,Founder And Director,Non-SAP / Ambiguous,3.83,3–4 years,Trichy,Trichy
SAP-SEED-05333,Sap Basis Admin,SAP Basis / Administration,3.0,3–4 years,Vijayawada,Vijayawada
SAP-SEED-05334,SAP MM Consultant,SAP Procurement / MM,3.92,3–4 years,Chennai,Chennai
SAP-SEED-05335,Sap MM Consultant,SAP Procurement / MM,3.0,3–4 years,Hassan,Hassan
SAP-SEED-05336,Shipping Executive,Non-SAP / Ambiguous,8.33,8–11 years,Bhubaneswar,Bhubaneswar
SAP-SEED-05337,Sap Functional Consultant,SAP General / Consulting,3.33,3–4 years,"Hyderabad / Secunderabad, Telangana",Hyderabad
SAP-SEED-05338,SAP,SAP General / Consulting,2.0,3–4 years,Pune,Pune
SAP-SEED-05339,Functional Consultant Sap,SAP General / Consulting,5.0,5–7 years,"Hyderabad / Secunderabad, Telangana",Hyderabad
SAP-SEED-05340,SAP MM,SAP Procurement / MM,3.17,3–4 years,Bengaluru / Bangalore,Bengaluru
SAP-SEED-05341,Senior Analyst,Non-SAP / Ambiguous,2.5,3–4 years,Bengaluru / Bangalore,Bengaluru
SAP-SEED-05342,Sap MM user,SAP Procurement / MM,5.0,5–7 years,Kolkata,Kolkata
SAP-SEED-05343,Engineer,Non-SAP / Ambiguous,3.83,3–4 years,Ballari,Ballari
SAP-SEED-05344,Executive SCM,Non-SAP / Ambiguous,5.08,5–7 years,Mumbai,Mumbai
SAP-SEED-05345,Associate Chef,Non-SAP / Ambiguous,4.75,3–4 years,"Hyderabad / Secunderabad, Telangana",Hyderabad
SAP-SEED-05346,SAP,SAP General / Consulting,2.25,3–4 years,Ballari,Ballari
SAP-SEED-05347,Sap Basis Admin,SAP Basis / Administration,3.83,3–4 years,Bengaluru / Bangalore,Bengaluru
SAP-SEED-05348,Finance Associate,Non-SAP / Ambiguous,3.17,3–4 years,Bengaluru / Bangalore,Bengaluru
SAP-SEED-05349,SAP,SAP General / Consulting,8.08,8–11 years,Chennai,Chennai
SAP-SEED-05350,SAP mm consultant,SAP Procurement / MM,8.08,8–11 years,Mumbai,Mumbai
SAP-SEED-05351,Mechanical Engineer,Non-SAP / Ambiguous,9.0,8–11 years,India,India
SAP-SEED-05352,Engineer - TPM coordinator,Non-SAP / Ambiguous,6.08,5–7 years,Bhiwadi,Bhiwadi
SAP-SEED-05353,SAP,SAP General / Consulting,8.08,8–11 years,Bengaluru / Bangalore,Bengaluru
SAP-SEED-05354,Data Analyst,Non-SAP / Ambiguous,2.08,3–4 years,Pune,Pune
SAP-SEED-05355,SAP MM CONSULTANT,SAP Procurement / MM,2.58,3–4 years,Pune,Pune
SAP-SEED-05356,Sap,SAP General / Consulting,4.67,3–4 years,aurangabad,aurangabad
SAP-SEED-05357,Software Engineer,Non-SAP / Ambiguous,4.08,3–4 years,Noida,Noida
SAP-SEED-05358,SAP,SAP General / Consulting,3.58,3–4 years,Palghat,Palghat
SAP-SEED-05359,Sap Consultant,SAP General / Consulting,3.33,3–4 years,Erode,Erode
SAP-SEED-05360,Process Associate,Non-SAP / Ambiguous,3.0,3–4 years,Pune,Pune
SAP-SEED-05361,Sap Working,SAP General / Consulting,3.33,3–4 years,Coimbatore,Coimbatore
SAP-SEED-05362,SAP,SAP General / Consulting,2.25,3–4 years,Bengaluru / Bangalore,Bengaluru
SAP-SEED-05363,Inventory Expeditor,Non-SAP / Ambiguous,4.75,3–4 years,Bengaluru / Bangalore,Bengaluru
SAP-SEED-05364,Engineer - Machining Division,Non-SAP / Ambiguous,2.17,3–4 years,Ludhiana,Ludhiana
SAP-SEED-05365,SAP BW Technical Consultant,SAP Analytics / BW,3.33,3–4 years,Bengaluru / Bangalore,Bengaluru
SAP-SEED-05366,Sap Basis Consultant,SAP Basis / Administration,4.67,3–4 years,"Hyderabad / Secunderabad, Telangana",Hyderabad
SAP-SEED-05367,SAP FICO,SAP Finance / FICO,3.33,3–4 years,Pune,Pune
SAP-SEED-05368,Production Engineer,SAP Manufacturing / PP,3.08,3–4 years,Coimbatore,Coimbatore
SAP-SEED-05369,Purchase Entry,SAP Procurement / MM,3.92,3–4 years,Nagpur,Nagpur
SAP-SEED-05370,SAP,SAP General / Consulting,4.0,3–4 years,Kolkata,Kolkata
SAP-SEED-05371,SAP,SAP General / Consulting,8.25,8–11 years,nasik,nasik
SAP-SEED-05372,Data Entry Operator and SAP HANA PRD,SAP HANA / Data,3.08,3–4 years,Dhenkanal,Dhenkanal
SAP-SEED-05373,MIS Executive,Non-SAP / Ambiguous,6.17,5–7 years,Pune,Pune
SAP-SEED-05374,SAP MM WM Consultant,SAP Procurement / MM,6.42,5–7 years,Bengaluru / Bangalore,Bengaluru
SAP-SEED-05375,Supply Chain,SAP Supply Chain / APO,3.75,3–4 years,Mysore,Mysore
SAP-SEED-05376,Team Lead,Non-SAP / Ambiguous,3.33,3–4 years,Bengaluru / Bangalore,Bengaluru
SAP-SEED-05377,Support Executive,Non-SAP / Ambiguous,3.75,3–4 years,Mumbai,Mumbai
SAP-SEED-05378,SAP,SAP General / Consulting,2.0,3–4 years,Yadgir,Yadgir
SAP-SEED-05379,Sap Material Specialist,SAP General / Consulting,7.17,5–7 years,Chennai,Chennai
SAP-SEED-05380,Analyst,Non-SAP / Ambiguous,7.33,5–7 years,Chennai,Chennai
SAP-SEED-05381,Procurement Executive,SAP Procurement / MM,3.08,3–4 years,Coimbatore,Coimbatore
SAP-SEED-05382,SCM Engineer,Non-SAP / Ambiguous,2.33,3–4 years,Ahmednagar,Ahmednagar
SAP-SEED-05383,App/Cloud Support,SAP BTP / Cloud,4.0,3–4 years,Philippines,Philippines
SAP-SEED-05384,Executive Operation,Non-SAP / Ambiguous,2.5,3–4 years,Nashik,Nashik
SAP-SEED-05385,Associate,Non-SAP / Ambiguous,2.5,3–4 years,Delhi,Delhi
SAP-SEED-05386,Sap Operator,SAP General / Consulting,2.92,3–4 years,Pune,Pune
SAP-SEED-05387,Sap Basis Admin,SAP Basis / Administration,2.33,3–4 years,Bengaluru / Bangalore,Bengaluru
SAP-SEED-05388,SAP MM PRACTICE CONSULTANT,SAP Procurement / MM,4.0,3–4 years,Barnala,Barnala
SAP-SEED-05389,Sap Consultant,SAP General / Consulting,4.0,3–4 years,Kota,Kota
SAP-SEED-05390,SAP MM consultant,SAP Procurement / MM,5.08,5–7 years,Bengaluru / Bangalore,Bengaluru
SAP-SEED-05391,SAP,SAP General / Consulting,3.83,3–4 years,Nellore,Nellore
SAP-SEED-05392,Production Engineer,SAP Manufacturing / PP,2.42,3–4 years,Lucknow,Lucknow
SAP-SEED-05393,Sap Hana Consultant,SAP HANA / Data,4.17,3–4 years,Pune,Pune
SAP-SEED-05394,SAP MM Consultant,SAP Procurement / MM,3.58,3–4 years,"Hyderabad / Secunderabad, Telangana",Hyderabad
SAP-SEED-05395,Assitant Engineer,Non-SAP / Ambiguous,9.0,8–11 years,Nagpur,Nagpur
SAP-SEED-05396,SAP,SAP General / Consulting,4.42,3–4 years,Coimbatore,Coimbatore
SAP-SEED-05397,sap mm associate,SAP Procurement / MM,4.08,3–4 years,Pune,Pune
SAP-SEED-05398,SAP MM consultant,SAP Procurement / MM,5.0,5–7 years,Pune,Pune
SAP-SEED-05399,SAP FICO,SAP Finance / FICO,5.33,5–7 years,Bengaluru / Bangalore,Bengaluru
SAP-SEED-05400,SAPSD Consultant,SAP General / Consulting,3.08,3–4 years,Mumbai,Mumbai
SAP-SEED-05401,Sap Hana Consultant,SAP HANA / Data,3.58,3–4 years,Pune,Pune
SAP-SEED-05402,Sap Basis,SAP Basis / Administration,4.25,3–4 years,Tumakuru,Tumakuru
SAP-SEED-05403,Senior Executive,Non-SAP / Ambiguous,6.25,5–7 years,Pune,Pune
SAP-SEED-05404,Clerk Cum Teller,Non-SAP / Ambiguous,4.58,3–4 years,Buldana,Buldana
SAP-SEED-05405,SAP PM Consultant,SAP Plant Maintenance / PM,5.17,5–7 years,Gurugram,Gurugram
SAP-SEED-05406,Manager,Non-SAP / Ambiguous,5.83,5–7 years,Coimbatore,Coimbatore
SAP-SEED-05407,ERP Executive,Non-SAP / Ambiguous,6.5,5–7 years,Pune,Pune
SAP-SEED-05408,Quality Engineer,Non-SAP / Ambiguous,4.42,3–4 years,Navi Mumbai,Mumbai
SAP-SEED-05409,Specialist Procurement,SAP Procurement / MM,7.25,5–7 years,Mysore,Mysore
SAP-SEED-05410,Sap Associate Consultant,SAP General / Consulting,2.67,3–4 years,Pune,Pune
SAP-SEED-05411,Purchase Officer,SAP Procurement / MM,3.0,3–4 years,Nashik,Nashik
SAP-SEED-05412,Sap Tm Consultant,SAP Transportation / TM,3.25,3–4 years,Bengaluru / Bangalore,Bengaluru
SAP-SEED-05413,SAP,SAP General / Consulting,6.08,5–7 years,Other India,Other India
SAP-SEED-05414,Sap Basis Admin,SAP Basis / Administration,7.08,5–7 years,Philippines,Philippines
SAP-SEED-05415,Data Analyst (Tableau Developer),Non-SAP / Ambiguous,3.58,3–4 years,Pune,Pune
SAP-SEED-05416,SAP MM FUNCTIONAL CONSULTANT,SAP Procurement / MM,2.25,3–4 years,,Unknown
SAP-SEED-05417,Sap Engineer,SAP General / Consulting,2.33,3–4 years,Bengaluru / Bangalore,Bengaluru
SAP-SEED-05418,Sap Basis Admin,SAP Basis / Administration,8.0,8–11 years,Thane,Thane
SAP-SEED-05419,Sap Consultant,SAP General / Consulting,7.0,5–7 years,Bengaluru / Bangalore,Bengaluru
SAP-SEED-05420,SAP  MM,SAP Procurement / MM,7.33,5–7 years,India,India
SAP-SEED-05421,SAP,SAP General / Consulting,2.0,3–4 years,Navi Mumbai,Mumbai
SAP-SEED-05422,Quality Engineer,Non-SAP / Ambiguous,8.33,8–11 years,Chennai,Chennai
SAP-SEED-05423,Process Associate,Non-SAP / Ambiguous,2.17,3–4 years,Bengaluru / Bangalore,Bengaluru
SAP-SEED-05424,Process Associate,Non-SAP / Ambiguous,3.17,3–4 years,Rajapalayam,Rajapalayam
SAP-SEED-05425,ERP Coordinator,Non-SAP / Ambiguous,2.42,3–4 years,Kolhapur,Kolhapur
SAP-SEED-05426,Functional Stores Incharge,Non-SAP / Ambiguous,3.33,3–4 years,Ballari,Ballari
SAP-SEED-05427,Sap Basis Consultant,SAP Basis / Administration,3.92,3–4 years,Yavatmal,Yavatmal
SAP-SEED-05428,Sap Consultant,SAP General / Consulting,5.0,5–7 years,United Arab Emirates,United Arab Emirates
SAP-SEED-05429,Sap abap consultant,SAP ABAP / Development,3.83,3–4 years,India,India
SAP-SEED-05430,Sap Consultant,SAP General / Consulting,3.83,3–4 years,"Hyderabad / Secunderabad, Telangana",Hyderabad
SAP-SEED-05431,Associate Consultant Sap,SAP General / Consulting,3.83,3–4 years,Mumbai,Mumbai
SAP-SEED-05432,Intern,Non-SAP / Ambiguous,5.25,5–7 years,Pune,Pune
SAP-SEED-05433,Senior Analyst,Non-SAP / Ambiguous,2.67,3–4 years,Chennai,Chennai
SAP-SEED-05434,Sr.Engineer,Non-SAP / Ambiguous,8.25,8–11 years,"Hyderabad / Secunderabad, Telangana",Hyderabad
SAP-SEED-05435,SAP MM Functional Consultant,SAP Procurement / MM,3.67,3–4 years,Singapore,Singapore
SAP-SEED-05436,Senior Executive,Non-SAP / Ambiguous,5.42,5–7 years,Delhi,Delhi
SAP-SEED-05437,Senior Process Executive,Non-SAP / Ambiguous,6.58,5–7 years,"Hyderabad / Secunderabad, Telangana",Hyderabad
SAP-SEED-05438,Supply Chain Head,SAP Supply Chain / APO,5.08,5–7 years,Belgaum,Belgaum
SAP-SEED-05439,Senior Executive,Non-SAP / Ambiguous,6.75,5–7 years,"Hyderabad / Secunderabad, Telangana",Hyderabad
SAP-SEED-05440,SAP MM Consultant,SAP Procurement / MM,7.08,5–7 years,"Hyderabad / Secunderabad, Telangana",Hyderabad
SAP-SEED-05441,Consultant,Non-SAP / Ambiguous,6.25,5–7 years,Visakhapatnam,Visakhapatnam
SAP-SEED-05442,Sap Consultant,SAP General / Consulting,2.08,3–4 years,Bengaluru / Bangalore,Bengaluru
SAP-SEED-05443,Procurement Associate,SAP Procurement / MM,4.92,3–4 years,Trichy,Trichy
SAP-SEED-05444,Sap Consultant,SAP General / Consulting,2.42,3–4 years,India,India
SAP-SEED-05445,SAP Sd Consultant,SAP Sales / SD,3.92,3–4 years,Pune,Pune
SAP-SEED-05446,Consultant SAP MM,SAP Procurement / MM,2.0,3–4 years,Nashik,Nashik
SAP-SEED-05447,SAP,SAP General / Consulting,2.33,3–4 years,Faridabad,Faridabad
SAP-SEED-05448,Consultant,Non-SAP / Ambiguous,4.08,3–4 years,Bengaluru / Bangalore,Bengaluru
SAP-SEED-05449,SAP MM Functinal consultant,SAP Procurement / MM,6.67,5–7 years,Nagpur,Nagpur
SAP-SEED-05450,Processing Associate,Non-SAP / Ambiguous,3.58,3–4 years,Gurgaon / Gurugram,Gurugram
SAP-SEED-05451,Management Executive,Non-SAP / Ambiguous,4.92,3–4 years,Balaghat,Balaghat
SAP-SEED-05452,SAP Sd Consultant,SAP Sales / SD,4.0,3–4 years,Nagpur,Nagpur
SAP-SEED-05453,FTTX Project Management Office PMO,SAP Project Systems / PS,3.92,3–4 years,Gurugram,Gurugram
SAP-SEED-05454,SAP Account/Payable,SAP Finance / FICO,3.58,3–4 years,Delhi,Delhi
SAP-SEED-05455,Associate Consultant,Non-SAP / Ambiguous,4.58,3–4 years,Noida,Noida
SAP-SEED-05456,Sap User,SAP General / Consulting,3.33,3–4 years,Gaya,Gaya
SAP-SEED-05457,Procurement Associate,SAP Procurement / MM,2.83,3–4 years,Bengaluru / Bangalore,Bengaluru
SAP-SEED-05458,Data Analyst Executive,Non-SAP / Ambiguous,3.58,3–4 years,Gurugram,Gurugram
SAP-SEED-05459,Associate Functional Consultant,Non-SAP / Ambiguous,5.17,5–7 years,Pune,Pune
SAP-SEED-05460,Executive engineering sup,Non-SAP / Ambiguous,2.0,3–4 years,Tadepallegudem,Tadepallegudem
SAP-SEED-05461,Line Supervisor,Non-SAP / Ambiguous,4.08,3–4 years,Pune,Pune
SAP-SEED-05462,Senior Analyst,Non-SAP / Ambiguous,4.17,3–4 years,Kolkata,Kolkata
SAP-SEED-05463,SAP,SAP General / Consulting,2.08,3–4 years,Warangal,Warangal
SAP-SEED-05464,Supply Planning Coordinator,SAP Supply Chain / APO,6.5,5–7 years,Pune,Pune
SAP-SEED-05465,Material Planner,Non-SAP / Ambiguous,7.0,5–7 years,Jharsuguda,Jharsuguda
SAP-SEED-05466,Sap Consultant,SAP General / Consulting,7.83,5–7 years,Pune,Pune
SAP-SEED-05467,Dy manager sap mm functional consultant,SAP Procurement / MM,8.0,8–11 years,Delhi,Delhi
SAP-SEED-05468,Sap Consultant,SAP General / Consulting,7.08,5–7 years,Philippines,Philippines
SAP-SEED-05469,Analyst,Non-SAP / Ambiguous,4.58,3–4 years,Chandrapur,Chandrapur
SAP-SEED-05470,Procurement Engineer,SAP Procurement / MM,3.08,3–4 years,Noida,Noida
SAP-SEED-05471,Sap Tm Consultant,SAP Transportation / TM,3.58,3–4 years,Bengaluru / Bangalore,Bengaluru
SAP-SEED-05472,Business Development Manager,Non-SAP / Ambiguous,5.67,5–7 years,Jamshedpur,Jamshedpur
SAP-SEED-05473,Senior Consultant,Non-SAP / Ambiguous,8.17,8–11 years,Gurgaon / Gurugram,Gurugram
SAP-SEED-05474,Sap Ewm Consultant,SAP Warehouse / EWM,2.42,3–4 years,"Hyderabad / Secunderabad, Telangana",Hyderabad
SAP-SEED-05475,Senior Software Engineer,Non-SAP / Ambiguous,8.83,8–11 years,Bengaluru / Bangalore,Bengaluru
SAP-SEED-05476,Associate,Non-SAP / Ambiguous,2.17,3–4 years,Faridabad,Faridabad
SAP-SEED-05477,Software Engineer,Non-SAP / Ambiguous,4.83,3–4 years,Bengaluru / Bangalore,Bengaluru
SAP-SEED-05478,Senior Consultant,Non-SAP / Ambiguous,8.42,8–11 years,"Hyderabad / Secunderabad, Telangana",Hyderabad
SAP-SEED-05479,SAP,SAP General / Consulting,3.17,3–4 years,Chennai,Chennai
SAP-SEED-05480,Senior Purchaser,SAP Procurement / MM,6.67,5–7 years,Chennai,Chennai
SAP-SEED-05481,SAP MM Consultant,SAP Procurement / MM,5.0,5–7 years,Bengaluru / Bangalore,Bengaluru
SAP-SEED-05482,sap mm executive,SAP Procurement / MM,6.92,5–7 years,Kolkata,Kolkata
SAP-SEED-05483,Executive Officer Materials function,Non-SAP / Ambiguous,8.25,8–11 years,Pune,Pune
SAP-SEED-05484,Sap Consultant,SAP General / Consulting,4.08,3–4 years,Sangli,Sangli
SAP-SEED-05485,Sap Material Specialist,SAP General / Consulting,5.0,5–7 years,Chennai,Chennai
SAP-SEED-05486,Finance Analyst,Non-SAP / Ambiguous,7.25,5–7 years,Pune,Pune
SAP-SEED-05487,Process Engineering Department,Non-SAP / Ambiguous,2.67,3–4 years,Pune,Pune
SAP-SEED-05488,Sap Support,SAP General / Consulting,6.17,5–7 years,Noida,Noida
SAP-SEED-05489,Senior Software Analyst,Non-SAP / Ambiguous,3.75,3–4 years,Pune,Pune
SAP-SEED-05490,Sap Associate,SAP General / Consulting,4.08,3–4 years,Wai,Wai
SAP-SEED-05491,Supply Chain Engineer,SAP Supply Chain / APO,5.17,5–7 years,Gulbarga,Gulbarga
SAP-SEED-05492,Sap Consultant,SAP General / Consulting,4.92,3–4 years,Chitradurga,Chitradurga
SAP-SEED-05493,"Application Developer, BI",SAP Analytics / BW,2.58,3–4 years,"Hyderabad / Secunderabad, Telangana",Hyderabad
SAP-SEED-05494,SAP Sd Consultant,SAP Sales / SD,3.83,3–4 years,"Hyderabad / Secunderabad, Telangana",Hyderabad
SAP-SEED-05495,Sap MM Consultant,SAP Procurement / MM,5.0,5–7 years,Pune,Pune
SAP-SEED-05496,Application Development Analyst,Non-SAP / Ambiguous,3.0,3–4 years,Chennai,Chennai
SAP-SEED-05497,Consultant Sap,SAP General / Consulting,3.58,3–4 years,Thane,Thane
SAP-SEED-05498,Supply Chain Intern,SAP Supply Chain / APO,2.08,3–4 years,Noida,Noida
SAP-SEED-05499,SAP mm functional consultant,SAP Procurement / MM,7.0,5–7 years,Bengaluru / Bangalore,Bengaluru
SAP-SEED-05500,Consultant,Non-SAP / Ambiguous,3.75,3–4 years,Bengaluru / Bangalore,Bengaluru
SAP-SEED-05501,Associate Engineer,Non-SAP / Ambiguous,8.5,8–11 years,Bengaluru / Bangalore,Bengaluru
SAP-SEED-05502,Logistics Officer,Non-SAP / Ambiguous,5.5,5–7 years,Pune,Pune
SAP-SEED-05503,Application Development Analyst,Non-SAP / Ambiguous,4.0,3–4 years,"Hyderabad / Secunderabad, Telangana",Hyderabad
SAP-SEED-05504,Sap Support,SAP General / Consulting,3.25,3–4 years,Pune,Pune
SAP-SEED-05505,Executive Sap,SAP General / Consulting,2.58,3–4 years,Villupuram,Villupuram
SAP-SEED-05506,ABAP Consultant,SAP ABAP / Development,5.42,5–7 years,Bengaluru / Bangalore,Bengaluru
SAP-SEED-05507,Sap Consultant,SAP General / Consulting,5.08,5–7 years,Chennai,Chennai
SAP-SEED-05508,SAP FICO,SAP Finance / FICO,4.08,3–4 years,"Hyderabad / Secunderabad, Telangana",Hyderabad
SAP-SEED-05509,Master Data Analyst,Non-SAP / Ambiguous,6.0,5–7 years,Bengaluru / Bangalore,Bengaluru
SAP-SEED-05510,Software Test Engineer,Non-SAP / Ambiguous,6.83,5–7 years,Bijapur,Bijapur
SAP-SEED-05511,Sap Consultant,SAP General / Consulting,5.0,5–7 years,Mumbai City,Mumbai
SAP-SEED-05512,Consultant SAP MM,SAP Procurement / MM,4.33,3–4 years,Pune,Pune
SAP-SEED-05513,Procurement Manager,SAP Procurement / MM,3.17,3–4 years,Bellary,Bellary
SAP-SEED-05514,Purchase Executive,SAP Procurement / MM,4.58,3–4 years,Gadchiroli,Gadchiroli
SAP-SEED-05515,Sap Basis Consultant,SAP Basis / Administration,4.25,3–4 years,"Hyderabad / Secunderabad, Telangana",Hyderabad
SAP-SEED-05516,SAP Account/Payable,SAP Finance / FICO,5.0,5–7 years,Bengaluru / Bangalore,Bengaluru
SAP-SEED-05517,Sap Consultant,SAP General / Consulting,4.42,3–4 years,"Hyderabad / Secunderabad, Telangana",Hyderabad
SAP-SEED-05518,Sap Trainee,SAP General / Consulting,4.17,3–4 years,"Islampur, Bihar","Islampur, Bihar"
SAP-SEED-05519,SAP MM Consultant,SAP Procurement / MM,4.17,3–4 years,"Hyderabad / Secunderabad, Telangana",Hyderabad
SAP-SEED-05520,Sap Consultant,SAP General / Consulting,4.58,3–4 years,"Hyderabad / Secunderabad, Telangana",Hyderabad
SAP-SEED-05521,SAP,SAP General / Consulting,5.5,5–7 years,Chennai,Chennai
SAP-SEED-05522,Supply Chain Trainee,SAP Supply Chain / APO,3.75,3–4 years,Coimbatore,Coimbatore
SAP-SEED-05523,Senior Consultant,Non-SAP / Ambiguous,5.42,5–7 years,"Hyderabad / Secunderabad, Telangana",Hyderabad
SAP-SEED-05524,Sap Consultant,SAP General / Consulting,5.33,5–7 years,Bengaluru / Bangalore,Bengaluru
SAP-SEED-05525,Production Engineer,SAP Manufacturing / PP,3.58,3–4 years,Bengaluru / Bangalore,Bengaluru
SAP-SEED-05526,Sap Consultant,SAP General / Consulting,2.67,3–4 years,Aurangabad,Aurangabad
SAP-SEED-05527,Indirect Buyer,Non-SAP / Ambiguous,6.5,5–7 years,Pune,Pune
SAP-SEED-05528,Project Trainee,SAP Project Systems / PS,6.08,5–7 years,Chennai,Chennai
SAP-SEED-05529,SAP,SAP General / Consulting,5.08,5–7 years,Tirupati,Tirupati
SAP-SEED-05530,Procurement Engineer,SAP Procurement / MM,4.67,3–4 years,Pune,Pune
SAP-SEED-05531,SAP MM Consultant,SAP Procurement / MM,5.67,5–7 years,Bengaluru / Bangalore,Bengaluru
SAP-SEED-05532,SAP,SAP General / Consulting,4.0,3–4 years,Belgaum,Belgaum
SAP-SEED-05533,Executive Plant Engineer,Non-SAP / Ambiguous,4.75,3–4 years,Visakhapatnam,Visakhapatnam
SAP-SEED-05534,Sap Consultant,SAP General / Consulting,4.33,3–4 years,Pune,Pune
SAP-SEED-05535,Sap Consultant,SAP General / Consulting,3.42,3–4 years,Kurnool,Kurnool
SAP-SEED-05536,Officer Procurement,SAP Procurement / MM,7.67,5–7 years,Jajpur,Jajpur
SAP-SEED-05537,Officer Plant Technical,Non-SAP / Ambiguous,5.58,5–7 years,Boisar,Boisar
SAP-SEED-05538,Procurement Executive,SAP Procurement / MM,8.0,8–11 years,Bhopal,Bhopal
SAP-SEED-05539,Senior Systems Engineer,Non-SAP / Ambiguous,2.75,3–4 years,Nellore,Nellore
SAP-SEED-05540,Sap Tm Consultant,SAP Transportation / TM,3.33,3–4 years,Greater Noida,Noida
SAP-SEED-05541,Sap Ewm Consultant,SAP Warehouse / EWM,2.33,3–4 years,"Hyderabad / Secunderabad, Telangana",Hyderabad
SAP-SEED-05542,Analyst,Non-SAP / Ambiguous,3.25,3–4 years,Bengaluru / Bangalore,Bengaluru
SAP-SEED-05543,Sap Consultant,SAP General / Consulting,5.17,5–7 years,Wardha,Wardha
SAP-SEED-05544,Distribution Center Manager,Non-SAP / Ambiguous,3.67,3–4 years,Guwahati,Guwahati
SAP-SEED-05545,SAP SD And MM Module End User,SAP Sales / SD,6.5,5–7 years,Jamshedpur,Jamshedpur
SAP-SEED-05546,SAP MM,SAP Procurement / MM,7.92,5–7 years,Pune,Pune
SAP-SEED-05547,SAP MM Consultant,SAP Procurement / MM,8.0,8–11 years,Pune,Pune
SAP-SEED-05548,SAP Sd Consultant,SAP Sales / SD,3.08,3–4 years,Chennai,Chennai
SAP-SEED-05549,SAP MM Associate,SAP Procurement / MM,4.67,3–4 years,Surat,Surat
SAP-SEED-05550,Sales Operations Executive,SAP Sales / SD,3.75,3–4 years,Mumbai,Mumbai
SAP-SEED-05551,SAP Hana Developer,SAP HANA / Data,4.67,3–4 years,Kolkata,Kolkata
SAP-SEED-05552,SAP FICO,SAP Finance / FICO,4.92,3–4 years,Chennai,Chennai
SAP-SEED-05553,sap mm consultant,SAP Procurement / MM,4.67,3–4 years,Bengaluru / Bangalore,Bengaluru
SAP-SEED-05554,Senior Consultant,Non-SAP / Ambiguous,5.42,5–7 years,Bengaluru / Bangalore,Bengaluru
SAP-SEED-05555,Senior Planning Engineer,Non-SAP / Ambiguous,4.0,3–4 years,Anjar,Anjar
SAP-SEED-05556,SAP MM Support Executive,SAP Procurement / MM,3.83,3–4 years,Delhi,Delhi
SAP-SEED-05557,SAP Hana Developer,SAP HANA / Data,4.17,3–4 years,Pune,Pune
SAP-SEED-05558,Senior Associate Consultant,Non-SAP / Ambiguous,4.33,3–4 years,Pune,Pune
SAP-SEED-05559,Life Advisor,Non-SAP / Ambiguous,2.0,3–4 years,Bengaluru / Bangalore,Bengaluru
SAP-SEED-05560,Purchase Executive,SAP Procurement / MM,4.5,3–4 years,Bengaluru / Bangalore,Bengaluru
SAP-SEED-05561,SAP,SAP General / Consulting,4.58,3–4 years,"Hyderabad / Secunderabad, Telangana",Hyderabad
SAP-SEED-05562,Data Analyst,Non-SAP / Ambiguous,4.92,3–4 years,Bengaluru / Bangalore,Bengaluru
SAP-SEED-05563,Sap Materials Management Consultant,SAP General / Consulting,7.5,5–7 years,Bengaluru / Bangalore,Bengaluru
SAP-SEED-05564,Senior Procurement Engineer,SAP Procurement / MM,7.17,5–7 years,Gurgaon / Gurugram,Gurugram
SAP-SEED-05565,Process Associate,Non-SAP / Ambiguous,2.5,3–4 years,"Hyderabad / Secunderabad, Telangana",Hyderabad
SAP-SEED-05566,Software Engineer,Non-SAP / Ambiguous,3.08,3–4 years,Amravati,Amravati
SAP-SEED-05567,PPC Engineer,Non-SAP / Ambiguous,5.0,5–7 years,Pune,Pune
SAP-SEED-05568,Officer,Non-SAP / Ambiguous,7.5,5–7 years,Sonipat / Sonepat,Sonipat / Sonepat
SAP-SEED-05569,Project Engineer,SAP Project Systems / PS,6.75,5–7 years,Solapur,Solapur
SAP-SEED-05570,Software Engineer,Non-SAP / Ambiguous,3.83,3–4 years,"Hyderabad / Secunderabad, Telangana",Hyderabad
SAP-SEED-05571,Senior Planning Engineer,Non-SAP / Ambiguous,7.5,5–7 years,Jamshedpur,Jamshedpur
SAP-SEED-05572,SAP Consultant,SAP General / Consulting,4.33,3–4 years,Mohali,Mohali
SAP-SEED-05573,Repair material handler,Non-SAP / Ambiguous,4.75,3–4 years,Pune,Pune
SAP-SEED-05574,SAP,SAP General / Consulting,6.75,5–7 years,Noida,Noida
SAP-SEED-05575,Sap Consultant,SAP General / Consulting,5.25,5–7 years,Chennai,Chennai
SAP-SEED-05576,Senior Analyst,Non-SAP / Ambiguous,7.25,5–7 years,Pune,Pune
SAP-SEED-05577,Project Supervisor - SAP MM Associate Consultant,SAP Procurement / MM,7.0,5–7 years,Pune,Pune
SAP-SEED-05578,Sap Functional,SAP General / Consulting,2.83,3–4 years,"Hyderabad / Secunderabad, Telangana",Hyderabad
SAP-SEED-05579,Procurement operation specialist,SAP Procurement / MM,3.5,3–4 years,Bengaluru / Bangalore,Bengaluru
SAP-SEED-05580,SAP,SAP General / Consulting,3.25,3–4 years,Bengaluru / Bangalore,Bengaluru
SAP-SEED-05581,Order Management Analyst,Non-SAP / Ambiguous,3.92,3–4 years,Visakhapatnam,Visakhapatnam
SAP-SEED-05582,Associate Consultant Sap,SAP General / Consulting,3.0,3–4 years,Barrackpore,Barrackpore
SAP-SEED-05583,R&D Engineer,Non-SAP / Ambiguous,7.17,5–7 years,Chennai,Chennai
SAP-SEED-05584,Sales Engineer,SAP Sales / SD,3.42,3–4 years,Bengaluru / Bangalore,Bengaluru
SAP-SEED-05585,CNC Operator,Non-SAP / Ambiguous,2.25,3–4 years,Bokaro Steel City,Bokaro Steel City
SAP-SEED-05586,Senior Procurement Analyst,SAP Procurement / MM,6.33,5–7 years,Bokaro Steel City,Bokaro Steel City
SAP-SEED-05587,Associate Functional Consultant,Non-SAP / Ambiguous,2.0,3–4 years,Pune,Pune
SAP-SEED-05588,SAP MM Consultant,SAP Procurement / MM,4.92,3–4 years,Jaipur,Jaipur
SAP-SEED-05589,Senior Associate,Non-SAP / Ambiguous,4.17,3–4 years,Salem,Salem
SAP-SEED-05590,SAP,SAP General / Consulting,3.42,3–4 years,Bengaluru / Bangalore,Bengaluru
SAP-SEED-05591,Associate Consultant,Non-SAP / Ambiguous,7.83,5–7 years,Mumbai,Mumbai
SAP-SEED-05592,Procurement Analyst,SAP Procurement / MM,3.08,3–4 years,Bengaluru / Bangalore,Bengaluru
SAP-SEED-05593,Sap Specialist,SAP General / Consulting,3.33,3–4 years,Bengaluru / Bangalore,Bengaluru
SAP-SEED-05594,sap mm ( purchase officer),SAP Procurement / MM,4.08,3–4 years,Satara,Satara
SAP-SEED-05595,Senior Analyst,Non-SAP / Ambiguous,2.5,3–4 years,Kolkata,Kolkata
SAP-SEED-05596,Sap Material Specialist,SAP General / Consulting,5.0,5–7 years,"Hyderabad / Secunderabad, Telangana",Hyderabad
SAP-SEED-05597,SAP Sd Consultant,SAP Sales / SD,6.58,5–7 years,India,India
SAP-SEED-05598,Sap MM Consultant,SAP Procurement / MM,3.0,3–4 years,Noida,Noida
SAP-SEED-05599,SAP MM CONSULTANT,SAP Procurement / MM,7.5,5–7 years,Bengaluru / Bangalore,Bengaluru
SAP-SEED-05600,Sap Functional,SAP General / Consulting,4.33,3–4 years,Bengaluru / Bangalore,Bengaluru
SAP-SEED-05601,Senior Executive,Non-SAP / Ambiguous,3.25,3–4 years,Navi Mumbai,Mumbai
SAP-SEED-05602,HR Executive,Non-SAP / Ambiguous,3.25,3–4 years,Pune,Pune
SAP-SEED-05603,Quality Business Analyst,Non-SAP / Ambiguous,8.33,8–11 years,Navi Mumbai,Mumbai
SAP-SEED-05604,Order management consultant,Non-SAP / Ambiguous,6.0,5–7 years,Bengaluru / Bangalore,Bengaluru
SAP-SEED-05605,Production Planning Engineer,SAP Manufacturing / PP,3.92,3–4 years,Sangli,Sangli
SAP-SEED-05606,Purchase Officer,SAP Procurement / MM,8.75,8–11 years,Jamshedpur,Jamshedpur
SAP-SEED-05607,Procurement And Logistic,SAP Procurement / MM,7.67,5–7 years,"Hyderabad / Secunderabad, Telangana",Hyderabad
SAP-SEED-05608,Sap Consultant,SAP General / Consulting,2.33,3–4 years,Dombivli,Dombivli
SAP-SEED-05609,Analyst - SAP MM Consultant,SAP Procurement / MM,2.33,3–4 years,Pune,Pune
SAP-SEED-05610,Sap Associate,SAP General / Consulting,4.0,3–4 years,Bengaluru / Bangalore,Bengaluru
SAP-SEED-05611,Sap Trainee,SAP General / Consulting,2.33,3–4 years,Bengaluru / Bangalore,Bengaluru
SAP-SEED-05612,SAP BASIS Senior Team lead,SAP Basis / Administration,6.83,5–7 years,"Hyderabad / Secunderabad, Telangana",Hyderabad
SAP-SEED-05613,Sap Consultant,SAP General / Consulting,4.0,3–4 years,"Hyderabad / Secunderabad, Telangana",Hyderabad
SAP-SEED-05614,Sap End User,SAP General / Consulting,2.33,3–4 years,Vadodara,Vadodara
SAP-SEED-05615,SAP ABAP consultant,SAP ABAP / Development,4.17,3–4 years,Chennai,Chennai
SAP-SEED-05616,Application Development Specialist,Non-SAP / Ambiguous,8.08,8–11 years,Mumbai,Mumbai
SAP-SEED-05617,Junior officer,Non-SAP / Ambiguous,2.67,3–4 years,Hubli,Hubli
SAP-SEED-05618,CNC Programmer,Non-SAP / Ambiguous,5.42,5–7 years,Chennai,Chennai
SAP-SEED-05619,SAP,SAP General / Consulting,3.67,3–4 years,Nashik,Nashik
SAP-SEED-05620,Transaction processing associate,Non-SAP / Ambiguous,8.83,8–11 years,Bengaluru / Bangalore,Bengaluru
